body_count,star_mass_solar,total_mass_ratio,max_mass_ratio,min_mutual_hill_sep,mean_mutual_hill_sep,max_eccentricity,mean_eccentricity,orbit_crossing_flag,min_period_ratio,angular_momentum_deficit,energy_drift_pct,is_stable
2,1.295197517841037,1.2669822180640263e-05,1.1817911464203035e-05,5.813925021457082,5.813925021457082,0.046988264793263006,0.0349700922219914,0,1.1515036444424063,0.0010504323320300072,0.0,1
5,1.1857430881140583,7.089388354529006e-05,3.3290648562215504e-05,4.03254273515216,4.2340396318976845,0.5085120700932332,0.4444123795245759,1,1.1322956713148558,0.09205638834138796,0.0,0
2,1.2082930033594668,3.1322432605574015e-06,1.7590285598763328e-06,2.485199860742581,2.485199860742581,0.02998652800953563,0.02029358126340768,1,1.0385441699417615,0.00022992978933805127,0.0,1
2,0.7737689508687586,2.2881231331988372e-05,1.8807784414429083e-05,18.387443965399004,18.387443965399004,0.2232848264322676,0.21760240569756462,1,1.7314538411950289,0.024723797457901917,0.0,0
2,0.7206673007497462,0.000534889545946643,0.0005337787569896117,5.368436220375086,5.368436220375086,0.4428555610601273,0.367858519096373,1,1.578898821008308,0.04395137366852139,0.0,0
4,0.5954824473357089,0.0020083213285378466,0.0019076720271298069,1.9394993932542992,2.0701909138429877,0.24021324643456765,0.17414263252786746,1,1.1021035092218818,0.028366883373964494,0.0,0
2,1.3523967743591259,2.1457347190323104e-06,1.4238746408154443e-06,7.575133409068664,7.575133409068664,0.4001758339150895,0.3645962745702084,1,1.1070025011808113,0.06526921090577066,0.0,0
2,0.650112632742184,1.6886643451368014e-05,1.5087714439991984e-05,18.32956829026034,18.32956829026034,0.13510652969079442,0.10760187601627241,0,1.6380201124990288,0.003946898481001393,0.0,1
4,0.4272674393401652,0.0005658551993398804,0.0003458842792448833,16.980444716889423,18.910295425050638,0.04418594473151355,0.0274067230683505,0,3.2638700864448076,0.0004095988609450458,0.0,1
3,1.4219034967259665,3.078491670209636e-05,2.1577675582081634e-05,1.6682099758431668,1.6789576328799392,0.024606688184894338,0.018686132940875844,1,1.0511177841731627,0.00011665300828001698,0.0,0
3,0.8625998847126981,0.0014336953485925977,0.0014243330283632712,5.282313056087299,5.954295240919624,0.04116630488032156,0.02570393896942741,0,1.8742608380999477,9.816729352288706e-05,0.0,1
2,0.47583966212503875,0.0019131846805095104,0.0019102728337269607,4.434867647879178,4.434867647879178,0.025581090617243504,0.019981915464591035,0,1.7855172477991033,0.0003268365242042821,0.0,1
2,1.5312311426243834,0.0016199393893222033,0.0009435272339155287,11.220744401327032,11.220744401327032,0.024049831679728552,0.01919920058637325,0,4.392996449004411,0.00023252069665774004,0.0,1
5,0.9305623665676825,0.0008473342806465717,0.00039636185576633585,5.7010720665553265,6.787582046715323,0.5382336709823352,0.36875098983311627,1,1.4451453370821528,0.05117110261128163,0.0,0
3,1.345297575045726,0.00029701586647736867,0.00028858271669440734,5.306315408740154,5.761111165695913,0.030542343385904856,0.018669479553420475,0,1.1407354583994633,0.00017541775983141857,0.0,1
2,1.7006256643877198,7.839597951455129e-06,4.137016171758345e-06,4.719976650317848,4.719976650317848,0.02058817868457172,0.011537688352944017,0,1.1024701256851501,0.00010343297931125628,0.0,1
4,1.0134584022107938,0.0006314966216583223,0.0005225937378845359,1.715539637989136,1.8618455041388993,0.18782045301046355,0.14758991856217352,1,1.0582077063913704,0.007904798918786782,0.0,0
2,1.6674710875110523,1.1693310804532042e-05,1.0487602828634655e-05,6.106685670069727,6.106685670069727,0.15270677622671547,0.11717531258006664,1,1.1551937206080163,0.004166928036276801,0.0,0
3,0.5053414041032739,0.0008680670374862625,0.0008054497375100067,18.792214821236445,21.564068597286322,0.04779828909943855,0.04170713355851289,0,2.212585348382748,0.000703258586783117,0.0,1
5,1.6377885820314124,0.0014565298885407117,0.0008801816247209205,6.469397098121749,7.323961474767268,0.06255103197753363,0.03311172079252573,0,1.2956097426040918,0.00041459161362377025,0.0,0
3,1.6198522502082113,0.0010431902408275303,0.0010355121133355121,8.961850122164618,9.64045302704363,0.050037406023970284,0.033348670939266585,0,2.6552423555349756,0.0005203396428526719,0.0,1
4,1.7475480420661778,0.00023408878363297025,0.0001359593598277253,2.8325565965739736,2.99445709907492,0.5346623457913944,0.4235683531141252,1,1.1546542978036733,0.08078733016338709,0.0,0
4,1.6890791987052562,3.3075434152362916e-05,1.8198977739903158e-05,5.361630354336954,6.115052219145258,0.05401433643084631,0.02913314161902027,0,1.141641002170885,0.0003578457820552447,0.0,0
4,1.2493261986716677,0.0001017160743857028,7.119318248303672e-05,6.313292516204343,6.4817572576042295,0.042696961524388295,0.027263199991142108,0,1.2273148368610274,0.0002678571445731099,0.0,1
2,1.5896327724746246,0.0003728992544807914,0.00024968051527629614,5.439113107074699,5.439113107074699,0.5156395616529599,0.5118858656398582,1,1.5063634771444443,0.14033724414787388,0.0,0
3,1.4897885694742552,0.00038830235676933915,0.00021538516316927395,19.056550190810785,20.431056016747185,0.5174277777431311,0.4723352209848167,1,3.1852653537523827,0.1250299092421879,0.0,0
5,1.1066894307541628,0.00027340617696372613,0.00024720733756137706,2.0222167964409494,2.173210480384014,0.20009125408807388,0.152645513047191,1,1.0468852987161565,0.019380606332282915,0.0,0
5,0.6895681453201743,0.0025511636419964074,0.0022528386243617533,16.48004702826643,18.00560267274367,0.021788132250527656,0.010074233929882721,0,2.033864018285394,3.688455824454949e-05,0.0,1
2,1.687358268936566,8.774173837240624e-06,6.458032920229439e-06,10.450172996384616,10.450172996384616,0.01781913780389777,0.01020015270329276,0,1.251806940063877,0.00011544045799138155,0.0,1
4,1.6314959804026534,0.00010977971170039405,7.390204621044789e-05,16.083355954089097,19.09361265716728,0.028495767722476126,0.021770366960061002,0,1.743542593351578,0.0003209909369658093,0.0,1
4,0.705150357269105,0.00247582180834262,0.0023598235301094963,3.3576713227923927,3.74820108721006,0.047598969073927716,0.016514915123031108,0,1.2312084785874033,2.047224494383293e-05,0.0,0
2,1.5904105347243152,7.2584780416597086e-06,6.807526242202013e-06,2.7775512978082264,2.7775512978082264,0.040560003005814055,0.020921131049992263,1,1.0575327746807035,5.100963828975753e-05,0.0,0
5,0.9070632538931007,0.000684922980169725,0.00038110715061446984,17.441057506208704,20.063557728797367,0.22466198217311806,0.13618846274864027,0,2.7696464377683956,0.01542142042325985,0.0,0
4,1.5169652995593352,2.797493265005768e-05,1.857104447967284e-05,2.386845793600567,2.8048605044673134,0.02844079436162352,0.016888611637926314,1,1.0451203901741075,0.00017790605104943516,0.0,0
4,1.1748621370143495,0.00024870052536144914,0.00013705257144936122,6.909579930057867,7.238868892560251,0.24602319389011962,0.1601026698926899,1,1.1022799059289798,0.02271739129707271,0.0,0
3,0.6717646093275028,2.4043501086478236e-05,1.9752679786929604e-05,15.246715044541947,17.47187623824007,0.0422997321307818,0.020318636747931038,0,1.2947433117447569,0.00016023889038399935,0.0,1
2,0.8769883055844092,8.850700645986373e-05,8.263302349076532e-05,6.513023275883032,6.513023275883032,0.5347376927074095,0.4051459826131392,1,1.3537781476493544,0.14650550631058265,0.0,0
5,0.7474673372941625,0.0003942607261584939,0.00019616620568066941,19.43625078415695,20.73098177880934,0.02821526274653726,0.018404651832370757,0,2.0608059824695735,0.00032546989636590945,0.0,1
5,1.3897381618306466,0.0003757333582227506,0.00030084193965231753,1.8072219636708633,1.932285227489574,0.034028045659337446,0.019355191020455752,1,1.0291040145870183,6.137841030502274e-05,0.0,0
5,1.1559741876372196,0.0020193148322677243,0.0016367251318987145,4.6413017635421285,5.583173064649622,0.4404354158362261,0.36907430202639446,1,1.0859593264889205,0.04592765329591298,0.0,0
4,0.8871454788125107,7.258456073871537e-05,6.142265509040213e-05,1.9554074810915414,2.36424979036566,0.5108102452961958,0.3540024236595728,1,1.0401807768939835,0.04631802195170596,0.0,0
5,1.1258151494450201,0.0001707178954377686,8.950228305629096e-05,2.6505517668276593,3.30112164112298,0.04795245596961515,0.025899767642081156,0,1.100688255145404,0.0008165908616435931,0.0,0
5,1.5686135238073722,0.0009663233717719904,0.0007320405872997945,7.443461227822433,8.244026059608458,0.04094886190965344,0.02811799958474135,0,1.3901941389236234,0.0007555980831338765,0.0,1
5,1.1608020881421424,0.0018809923446096383,0.0015208600434370185,17.287152990857066,19.95598274383944,0.5231325033089401,0.3872531262787026,1,2.822683276764861,0.11566224961106235,0.0,0
3,0.4214866370813649,0.00013093358539747658,9.869862639034138e-05,9.363846589455399,9.374855549385467,0.049101086334903954,0.026180544000367473,0,1.580580470034437,0.0009409868343878598,0.0,1
2,0.4502587397727612,6.655501792245765e-06,4.679139325206094e-06,21.23364421733929,21.23364421733929,0.02846467488552462,0.02448842762050795,0,1.5190546700307606,0.0002740674678180641,0.0,1
4,0.4405261491565954,6.642199778005127e-05,4.3593659556127197e-05,15.301711016863166,17.252383092191938,0.05607979573395479,0.036411456424427044,0,1.5854922168757983,0.000584911208941713,0.0,1
3,1.661693193038436,0.0011166044988823657,0.0010896822889105544,3.7476676659033505,4.3746281229012265,0.03297735688629863,0.021505526113022963,0,1.1239830103059847,0.00024064059802720453,0.0,0
2,1.3789907113710274,1.0175008830209764e-05,8.731034734871222e-06,10.010164915555247,10.010164915555247,0.03353397179163344,0.02211545316219,0,1.2536077769024128,0.00012439852859156745,0.0,1
4,1.518404167310638,0.0005379180908784729,0.0005298755407965725,3.133296328215823,3.34115256169337,0.4859538433091516,0.37971473686100277,1,1.0668877606469687,0.07346476212141462,0.0,0
4,1.6270448353892966,0.0007517129018757977,0.0006236841270885692,3.715671020664885,4.560301571383412,0.2465901812729236,0.21249692404909273,1,1.169547638206752,0.027291173945445082,0.0,0
2,1.5069547560245122,8.497302989512818e-05,8.297859181087836e-05,6.9359645516465545,6.9359645516465545,0.18532296739757,0.17273701747720727,1,1.3748293974043253,0.017228921344793032,0.0,0
4,1.7204367904809885,0.0008132496567175465,0.0007888410836687752,2.515598204719985,2.8282432758669014,0.03965695857280037,0.016465732898350266,1,1.0797581882360512,4.3499706393960115e-05,0.0,0
3,1.439176620671442,4.984258126950944e-05,2.5333474067912042e-05,2.550642758807462,2.619009579238467,0.5205088637273965,0.4413857980675863,1,1.0946711989348206,0.11394667994689084,0.0,0
4,0.48477012483325227,0.0001284481301660427,5.0505099520933166e-05,1.6144922380530076,1.9070550533263024,0.059456566021719934,0.03315661924862036,1,1.0587612043308297,0.0006174250753903271,0.0,0
2,1.660743449884461,0.0011016767594848723,0.0010898059116740315,3.4659165222087114,3.4659165222087114,0.0263765662786618,0.01613415914465212,0,1.4538625525175437,0.0003438927674099876,0.0,1
4,0.4220935169156244,0.0021952021514940316,0.0007833145281471721,9.6176567847451,10.353340806045876,0.02690518867085128,0.017246548479804037,0,2.5668196498078717,0.00012774274128287495,0.0,1
5,1.3605364944871257,4.60637433164835e-05,2.251669674454941e-05,2.5663576892362605,3.006066336938588,0.5164273065965479,0.4389281247354342,1,1.070608412999449,0.09836031587046835,0.0,0
5,1.5583869146920626,4.149102605264978e-05,2.1807420385841643e-05,19.105869892108682,20.498122565380836,0.04354148142687142,0.019286382841525097,0,1.432096073465208,0.00021882559027870216,0.0,1
4,1.240574127714548,2.776141433678215e-05,1.9670142783709528e-05,2.8563671362975285,2.951093155878926,0.197890101935462,0.18697407617956757,1,1.0602534683332494,0.01742556476762097,0.0,0
4,0.4405344534857757,9.672596840339436e-05,6.11458918072774e-05,3.289760447785345,3.4446153536877966,0.0317037056896355,0.017991120650193433,0,1.1179911072644397,0.00011503306162715875,0.0,0
3,0.4736523569957305,1.76409613625218e-05,8.086794122539649e-06,2.5787277174834298,2.713831041471693,0.18083282256668481,0.16094763913219434,1,1.0656880193103833,0.01215372879097461,0.0,0
2,0.7087258097035345,4.7163950363194064e-06,2.5859303868892537e-06,1.7471849069649008,1.7471849069649008,0.01652733448451132,0.009647081523162303,0,1.0309439467320234,6.34625905521564e-05,0.0,0
4,1.1003672851786983,0.00045414567718569547,0.00036081535215885287,4.03012934306923,4.708984975737195,0.23636085779603538,0.19408742100184112,1,1.199280476479519,0.008567525411918204,0.0,0
5,0.7406430647518272,0.00025450856723160004,0.0002328088496244437,17.767969098545404,19.350512936206613,0.21138417517208524,0.17723440867544552,1,1.537972596353183,0.013674488195579388,0.0,0
5,1.45622415534578,0.0005781724470445552,0.0003492743708447294,4.942294189695614,5.394705364505678,0.04264896050376251,0.031133429366387088,0,1.1634174633824552,0.0005744364223624402,0.0,0
2,0.9382754672154509,0.0005651546153698755,0.0005600381173236492,1.486017635737518,1.486017635737518,0.46429466475023884,0.40866299875085954,1,1.1363912320711176,0.06486003268787624,0.0,0
3,1.1063686021013404,0.0016947104834010083,0.001656860004751346,6.558397900780867,7.501980283249059,0.1748537461111284,0.14926385450511057,1,1.2579279929988516,0.009575825377640514,0.0,0
4,0.941189886613233,0.00025137052935072184,0.00017270703424176884,5.73141412283922,6.448556119745892,0.029480735823490048,0.014933592999050144,0,1.2367921638661665,0.0001466069391720333,0.0,1
2,1.4342845409812757,2.953777366343615e-06,2.0344456217597104e-06,4.239350629341614,4.239350629341614,0.026096966714023697,0.025649969963424113,1,1.0653158811630559,0.000324888847532982,0.0,1
2,1.582199744160237,1.644400951795078e-05,9.588933712584205e-06,18.34078126965746,18.34078126965746,0.04787435651778643,0.04040525633753897,0,1.6312799090236536,0.0008186015162212104,0.0,1
3,1.2746366719354776,0.0013440721633457794,0.001329117502060634,11.025573792641508,12.719464704263345,0.2336756374833679,0.18065684923409017,0,3.8378540686319007,0.006649370617416091,0.0,1
5,1.1985871507094479,0.0008215553512750724,0.0007602442808060134,4.47417193876734,5.21906779695656,0.03852406112554736,0.026015011176356084,0,1.1757076646967721,0.0002982057848911004,0.0,0
2,0.8894191093941084,4.422454994623384e-06,3.459619936340057e-06,2.0999340604018535,2.0999340604018535,0.13699936050575007,0.12091387133272974,1,1.03650114285204,0.008567593544333185,0.0,0
5,0.4536244675638612,0.0015602413321962427,0.0007924983047802771,1.9797000157664502,2.292139515141516,0.05329756845710665,0.03552974811806377,1,1.036782755942172,0.0001672384986935775,0.0,0
3,1.1215260222931684,1.6965693773271296e-05,9.940471429347286e-06,6.1395249858087055,6.610293765669594,0.22846634454967796,0.1594063389065512,1,1.1516006410629165,0.017566821392127438,0.0,0
5,0.4609481952334873,0.0029656466357378787,0.0015497265642151175,7.082515515299123,8.170938467600173,0.2179546059140931,0.16166496608499165,0,1.7057669909247646,0.01487851217004649,0.0,0
3,0.4613287859227723,5.2580063874010866e-05,4.6011778390306255e-05,4.719570979459712,5.603983332200647,0.21588820995810076,0.16553892270956616,1,1.1948506026994117,0.021842025617839735,0.0,0
5,0.9600304845022467,0.0011164674951894985,0.000722192736039004,13.992400928663937,15.65560402916767,0.22790631975958664,0.16091388690223954,0,1.8248518392064021,0.005373059662338021,0.0,0
5,0.893583034431875,0.0018364489446721175,0.001750330706297954,7.8655456850587235,9.054937662501548,0.24129999997514456,0.194514661020302,1,1.4188949227581613,0.01690421416639909,0.0,0
4,1.203490489667454,1.8199426556242127e-05,1.2443644374394068e-05,2.608183824194534,3.0920755822240173,0.048092858358082524,0.03723347026932588,1,1.0571113511447292,0.000932740309204166,0.0,0
2,1.023155669839437,0.0017757853494647534,0.0017627298578441167,5.285006665013532,5.285006665013532,0.012197154129721142,0.011122547380043589,0,1.967722959681393,7.416821751272295e-05,0.0,1
4,0.6437274136481802,7.362823121610148e-05,3.132299609192748e-05,6.04225948181989,7.077399783132942,0.2199676979164264,0.17315788849904665,1,1.2206462248005616,0.014067703039324862,0.0,0
2,1.7613316241192718,0.0004803726962130211,0.0004788368597604704,6.160818024119519,6.160818024119519,0.025718061780607877,0.021062532233768784,0,1.6596079084739723,0.00013513390590330786,0.0,1
3,0.5738255688946171,0.0001318918874114282,6.592438464509491e-05,1.9483688109355988,2.22522252263583,0.18896786264082865,0.15643449970781007,1,1.0869247141399814,0.010785139300681515,0.0,0
3,1.2285318234432472,7.436373092684161e-05,2.7777175834145958e-05,3.8818301856223814,4.29310877320138,0.06117819038826813,0.02465833824732658,0,1.1594942461403708,0.0005837104259598527,0.0,0
4,1.1638084769661747,0.0005156555784976355,0.0005101663978471762,6.305560667247286,6.422542275589713,0.41849536472451077,0.3536555088815654,1,1.1126159322672595,0.04325317242972535,0.0,0
4,1.053061593856891,0.0020352289288645764,0.0010909790408564488,16.662207174086046,18.77048877519354,0.03700726760053222,0.026414564716890965,0,8.058568355615668,0.0006727278266437204,0.0,0
3,1.040122899065623,3.2584197831710396e-05,2.7350695089810987e-05,8.01829421601264,8.726546633403398,0.2098556499075382,0.16672129180267747,1,1.2892320325824462,0.010536548507938429,0.0,0
3,1.198394301433441,0.0004028878146761049,0.0003946342832818477,4.224085302121802,4.486956188540258,0.41734955148163866,0.35677055708540356,1,1.092871893439386,0.044527757881282604,0.0,0
5,1.2434481316266321,1.4548643009153439e-05,6.83715363870505e-06,17.92072703818876,19.397897626242486,0.24658266530045753,0.1866784554709723,1,1.3441573005809782,0.016618359932146772,0.0,0
2,1.2171829985883007,0.00033813348122685606,0.00032946635762241805,1.7077767829290433,1.7077767829290433,0.21168304207174787,0.2071420620320495,1,1.131801480819381,0.022614283198879398,0.0,0
3,0.9322664708412138,9.226091798417538e-05,7.654217340065866e-05,9.032281938243706,9.104145734474972,0.11524808984511159,0.10310331035035025,1,1.2659235453123687,0.004585423550634275,0.0,0
5,0.8550693481964766,0.0008241469230389631,0.0005955267063482048,2.035550388870739,2.2854631447431983,0.05013133385157237,0.031693626507195385,0,1.135755982627053,0.00018409167022251694,0.0,0
4,1.7071805246791207,0.0001338158048438084,0.00011928353524107563,10.642109696529742,11.100560560531632,0.027482906597291055,0.013167048214030214,0,1.287785365070159,2.5942573333137642e-05,0.0,1
3,0.552917214199512,3.742727367036023e-05,2.4999321186112434e-05,3.051330148844094,3.441789157776432,0.5305096295788455,0.47203391716572635,1,1.076293951018027,0.12245751616708878,0.0,0
3,1.0684279286172549,1.9701341777781115e-05,1.6197212368702553e-05,17.28065242085275,20.813717300745317,0.05705604596153921,0.04039229709320311,0,1.6101087093473931,0.0004017059028707444,0.0,1
3,1.5031448818261732,0.0009934031544523133,0.0009599988103589096,13.172420014757671,14.272792991664963,0.056158062749751284,0.030024525765725823,0,1.5596143534909985,0.00047672364590269176,0.0,1
3,1.0552290766088062,2.9564152117884407e-05,1.3911943822793387e-05,3.0793370367237003,3.3568255182281117,0.152709552553279,0.14579681608312178,1,1.0991994198935064,0.011246273327984842,0.0,0
2,0.9611665452790126,4.51953845313431e-06,2.5683401892019674e-06,4.353931310527271,4.353931310527271,0.01948565999370407,0.018248109757374155,0,1.0777588000653067,0.00017008388084404169,0.0,0
3,1.3151567138982783,0.0004892669037391438,0.000483416834758994,1.7589051214720755,1.9846130364227978,0.11725186215900846,0.10866670037654187,1,1.042294150998659,0.0056397218450471315,0.0,0
4,1.4468287720111992,0.0008327823794803043,0.0008207426034773734,2.384831853451737,2.7859763645331643,0.014973345975692469,0.01010607581115634,0,1.0525277639801642,0.0001114256889303263,0.0,0
5,0.859364692839089,0.0003202506163881337,0.00029438941753724706,18.417326328357614,20.157406109482466,0.06667551139846274,0.03783869760336432,0,1.5714135907102784,0.0021093503077083808,0.0,1
5,0.44442881943231066,0.0038966248205470734,0.0037312806360565508,15.714830065550196,18.760071906785505,0.05981826657408729,0.040814911314856026,0,2.78670039539042,0.001631411609186479,0.0,0
5,1.7698869557507946,0.00047200362947208944,0.00038877721612141984,6.416825450130937,7.273990768497365,0.05132849826177553,0.019355575554482578,0,1.3142248430600896,0.00038414475026579746,0.0,1
2,0.7041768942485748,0.000724721779117337,0.0005645504876357735,8.855948350120828,8.855948350120828,0.061541985280085476,0.04498179818572122,0,2.338035206303556,0.0016328229475656162,0.0,1
5,1.1297514759708929,0.001785185695248781,0.001211014569941845,11.646646047872073,13.05438814773359,0.029886753533889684,0.016488293742216786,0,1.587475172371313,0.0002585793878751627,0.0,1
5,1.6806376433422676,0.0001186161067357069,5.7135301488740786e-05,3.0708761880419524,3.6263791310002764,0.24269335928953445,0.18872188859085814,1,1.0441515571322106,0.02240384564529764,0.0,0
3,0.42146718871989,0.0001203158589642511,0.00011272780836238782,15.989199332134582,17.24902012606988,0.16717881180404148,0.1442394709677731,1,1.3883011485684533,0.010075416748345358,0.0,0
2,1.0961882103413767,0.0007196680963582865,0.000718338667422615,1.9410300456694687,1.9410300456694687,0.1740629658021696,0.12841017448619194,1,1.1985696792148948,0.0034534965615988285,0.0,0
5,1.2176446587651975,5.8860944543721e-05,3.052601323527307e-05,13.337155276537741,15.120803024778898,0.06677920952483801,0.03339829497639032,0,1.2800396503281173,0.0005766063636792003,0.0,1
2,1.5451942751966545,2.402444999271052e-05,1.546891639268455e-05,2.8634165323271668,2.8634165323271668,0.19334830402406775,0.1890782977042026,1,1.0897574736052886,0.018273367813017215,0.0,0
5,1.0764858150705552,6.418949116754723e-05,3.3966620850908186e-05,3.7654222481220665,4.03346063899615,0.04144800617732084,0.020729159597810444,0,1.1015926919940013,0.0002674575516113514,0.0,0
3,0.7404910518700347,0.0007958395613274686,0.0007045621825474816,3.0768235081168176,3.1136424045119977,0.036226172548748,0.015631944335585707,0,1.3406408082288825,7.176800595032603e-05,0.0,0
2,1.7633756438904,0.00034699107688762013,0.0003458784647769977,17.068322965373582,17.068322965373582,0.19187857088143603,0.15118441821442388,0,3.772886036966361,0.018519247164379367,0.0,1
2,1.5905986401459469,0.00013993735992712204,0.00012981385481432233,1.8342965916878404,1.8342965916878404,0.5189577301008159,0.4428523561555118,1,1.10415550843251,0.1399017251735411,0.0,0
3,0.86442177547056,0.0001997964138449459,0.0001969053513218857,3.4105067079566926,3.4219497649271515,0.48506444169413865,0.42440477333630516,1,1.2304186963303207,0.1021777094465614,0.0,0
3,1.0307702726635695,0.0002458451518457717,0.00022667459559799018,16.002760470763306,16.26445205037131,0.20574139912602107,0.17577994931186694,1,1.5898934450053206,0.01749782027068652,0.0,1
2,0.5491712847957656,3.210983944191925e-05,3.051114692749446e-05,6.957606555935162,6.957606555935162,0.06801823032517082,0.0547581913233633,0,1.2591663464683123,0.002238032022122908,0.0,1
4,1.2356943774019278,0.0006014965071435346,0.0005564768481733274,4.47724565323886,4.638554751382291,0.03665949498151148,0.027836818891576052,0,1.1759666504693491,0.0001888819691903629,0.0,1
5,1.7219112138839519,0.00013331448176165115,9.308163696446185e-05,19.583185337460517,21.879215895157635,0.07135050871875116,0.028607517650802473,0,1.792394210744284,0.0004549919422211067,0.0,1
3,1.0874102380489432,9.292637368312231e-05,4.32531719696748e-05,3.0751469534758797,3.5755189154609806,0.4993845426131084,0.43386157261030484,1,1.124826370328103,0.11716474255904388,0.0,0
5,0.4968221407126768,4.217475856409507e-05,1.6499903448729574e-05,17.501698569643686,21.505318180980137,0.5243203746191754,0.40183092840227197,1,1.45573352574528,0.07914606871185052,0.0,0
2,0.6328738905921562,0.0002712156546542539,0.0002551793723498348,8.832388898083272,8.832388898083272,0.01949470022799025,0.012523197186023986,0,1.8268398987915362,2.394904305305083e-05,0.0,1
3,1.362730172316205,1.7318573220830644e-05,1.2901743117786424e-05,2.351449763245781,2.795104832527862,0.38659979056776317,0.3408898155954967,1,1.0409441824097498,0.04869889757060103,0.0,0
5,0.6896142566916403,7.377407390341146e-05,2.8780413432257947e-05,18.170991206973206,19.098234692691555,0.04696304202789456,0.023907233730260706,0,1.7268557016933348,0.0002584316444408362,0.0,1
5,1.636336324187027,7.260634044024463e-05,3.66300449689302e-05,5.653593156189612,5.928295499837683,0.22373802645382507,0.18919263500114228,1,1.1719588844280182,0.020463164642716972,0.0,0
4,1.388383705324372,1.3964943088245814e-05,8.167848391640074e-06,6.799865476440397,6.958181371995965,0.5292084813115736,0.3669722528297924,1,1.115638890535571,0.10759560624377529,0.0,0
5,0.6619380119473636,0.00243572916391167,0.0023973852012826617,4.245644834225006,4.975516335873349,0.0538190530580252,0.02462414434284486,0,1.12860396423131,0.0007896339443381098,0.0,0
2,1.093438680243616,0.0003265863540632266,0.00032068821057548724,19.258072061759602,19.258072061759602,0.03479026216672306,0.02194383237287923,0,4.441815783227577,0.0005991240098726035,0.0,1
3,1.3151403833321011,0.0002412448114612202,0.00018976130377150802,12.695150975573922,13.216398688321696,0.025516789369680135,0.015353153924056945,0,1.6415577485052304,0.00013087254886971558,0.0,1
3,0.6892675186614827,0.00021371177916950453,0.00020297180984850405,8.757904725303163,9.397871690135098,0.4750282409467348,0.3797279266023872,1,1.222949583621082,0.07175782549801564,0.0,0
4,0.48300024114162265,0.0017226597683172016,0.0016293651123356675,5.439511485513278,5.6231469583897296,0.5309008342265726,0.38674525435530066,1,1.280269869759535,0.057941600566094924,0.0,0
5,0.9166996437055908,0.0008009703513498511,0.0007671354601373696,4.8933096656165365,5.372933466276228,0.196033827435845,0.1364268574265568,1,1.0817868132974353,0.009859795079129601,0.0,0
5,1.4974456665767955,0.0009568797728272334,0.0008197725458915221,8.61784903455796,10.010217404457183,0.029461078352110516,0.011367595867981542,0,1.42782531009518,0.00020594586713390848,0.0,1
2,0.5276788621036503,2.427302300029433e-05,2.2243621729076473e-05,3.975509746870681,3.975509746870681,0.376694180132518,0.3331733627301431,1,1.1272482070516392,0.04535010649946517,0.0,0
5,0.4991596275607169,0.0012013411593243737,0.0010136555586176368,6.248713822245301,6.808423184654046,0.5189778836826946,0.3887386388269637,1,1.2886164088598653,0.1384271201370061,0.0,0
5,0.5724201114878317,0.0003947678461425738,0.00023755623454188468,18.808712633705788,20.105736615200815,0.2149422653935414,0.1630921932953084,0,2.1068705267756944,0.010005800257701796,0.0,1
2,1.2933152618371073,0.0014559489106819076,0.0013960972469426668,16.111111034412133,16.111111034412133,0.2422570072699507,0.22596020835610012,0,9.388280591558724,0.022853516433803952,0.0,1
2,1.4785138689144595,0.001061932212339731,0.0010608906285767996,6.165484159630105,6.165484159630105,0.15200778997918818,0.15019747489437657,0,1.9442692427622452,0.011071086638231403,0.0,1
3,1.2967522036372923,2.2732269271689922e-05,1.5851310743411608e-05,6.826168219500062,7.784056743796483,0.22389957957393197,0.1726121714070754,1,1.2064577966464143,0.02204872658727591,0.0,0
5,0.520697917748085,2.961480416590196e-05,2.0479609189451425e-05,7.3785572562026855,8.320405710011633,0.23298256251953958,0.15840889443522238,1,1.1324665442043527,0.022387176760442506,0.0,0
2,0.7681295111570696,0.00011559406185728904,0.00011459978374194407,4.333239753998008,4.333239753998008,0.20593259361758998,0.1527696531091965,1,1.245990333911456,0.021302163052569236,0.0,0
2,0.40359590844551513,9.520098392935045e-05,8.727008770589356e-05,19.405108743394756,19.405108743394756,0.15129278174167574,0.14299956210096307,0,2.5916260804886484,0.00926315489015057,0.0,1
4,0.9827592379018414,0.0016833580599775796,0.0016281257225731524,2.6535784851564443,2.8768069587844693,0.17584714594011175,0.12574514594186392,1,1.0941795182693872,0.008737808079719241,0.0,0
5,1.2718045334489463,0.0020821871568728724,0.0014779067679146862,6.1321627911769525,7.167385680993955,0.2471296761221326,0.1778119362772336,1,1.2711598603159548,0.008486136320811558,0.0,0
3,1.7615829303543489,0.00030909850960490347,0.00018336636547794366,8.568036540734331,8.641225687671902,0.4203462184867625,0.35776340910540716,1,1.696736464996311,0.08307832883722863,0.0,0
3,1.7499055846258371,0.0008401525941746561,0.0008246326506670845,3.660828400440657,4.174091932773974,0.03721330720451212,0.028902294509919702,0,1.1293802754118725,0.000688389151282437,0.0,0
3,0.901602424312298,6.494698822281566e-05,2.7689116756861573e-05,4.659940409120243,5.385837957618363,0.2446280007099827,0.1601037214519719,1,1.175894252560374,0.01705912337626444,0.0,0
3,0.8183769953566304,0.00017598053173808982,0.00014602217500441186,1.8113875318390091,1.8580286862238724,0.029335634034326232,0.0202284321759524,0,1.1056436887440055,0.00035143352633922254,0.0,0
2,1.2824165680453543,1.6980117051084784e-05,1.6360567896152347e-05,13.059660825789186,13.059660825789186,0.49880685316522544,0.4241359102704543,1,1.420060335441265,0.13041931842899648,0.0,0
5,0.4597748467266032,0.0012415245803774437,0.000643969114070479,3.314591990838401,3.5199811682161686,0.0367445423666096,0.026096353031356424,0,1.158643056922096,0.0005432897692772728,0.0,0
2,1.7917221883165484,0.00010253846403251758,9.97508774141465e-05,15.364107658684787,15.364107658684787,0.014102201009950046,0.009811259383299579,0,2.1468844071331947,1.8167057591850072e-05,0.0,1
4,1.6540706942600392,0.0013891416727006417,0.001143992423980423,18.21756881398164,20.3221451723552,0.5035662707098842,0.46274788574625697,1,2.0671928915269877,0.07713050621139209,0.0,1
4,0.6465405146119859,0.0006597046452852419,0.000587195413813474,19.863777334226807,20.85546744305979,0.03397150326605494,0.026885001979199675,0,2.579316172936074,0.0005675476645844552,0.0,1
3,1.685054660288905,0.0006935078637448738,0.0006920562330059934,4.301112062268916,4.700627894976139,0.04804352272226137,0.03388882308737559,0,1.4890669504882832,0.0011531520120996684,0.0,1
2,1.3269953739183675,0.00021163657077044427,0.00017936100325339135,6.149630588030044,6.149630588030044,0.23123203685807947,0.20338408975232003,1,1.4670031636882315,0.025518959737878658,0.0,0
4,1.2591925807430484,0.001267998340252903,0.0012457558070079278,7.313887748091917,9.012143444340845,0.5402595056847808,0.45179987317956427,1,1.2348306508270457,0.15174496529992473,0.0,0
2,0.5969007154079957,0.00025859953363166217,0.0001480218364536112,8.370157978941826,8.370157978941826,0.0350852344661758,0.026819470823517717,0,1.7525451337581162,0.0003823155263200701,0.0,1
4,0.49491269208992733,0.00048063893613775003,0.0003507916927047392,4.041369446324767,4.2361638185345605,0.03079836911101895,0.022437397146553843,0,1.1092722078458979,0.00019823829618475171,0.0,0
2,0.7655787939751668,0.00047058914387198295,0.00046654349576253013,10.611738059837135,10.611738059837135,0.16206525370304128,0.12366704919595552,0,2.418409191465333,0.0037034992660517274,0.0,1
3,1.7194191613427494,2.9126857949023954e-05,2.4750459017691043e-05,15.301523257024876,16.448623159151797,0.03574547393683365,0.016686746909298295,0,1.6347950380435525,0.0005454118193213665,0.0,1
2,0.4053418010372544,2.2081169515875127e-05,2.04266021888763e-05,2.0196916546775197,2.0196916546775197,0.3692402045524369,0.35587311229387786,1,1.0607100137716778,0.061261269835340214,0.0,0
4,1.0847355369689202,0.00017560510345472911,0.00017113026239254128,1.47359232072512,1.7509498647023076,0.03135193116191452,0.014879658562683723,0,1.0229245623989018,0.0004804621404090775,0.0,0
5,1.5771160330023506,6.399596785545282e-05,3.430125132049008e-05,7.65891712279796,9.26405170346308,0.03271376224851712,0.022435161543701725,0,1.172327231460538,0.00026777199446879305,0.0,1
3,1.3563756570931564,8.565959474182414e-05,4.4920766547765527e-05,5.675119495224466,5.734118295130629,0.04461375358732374,0.017433741036475513,0,1.2307784886848632,0.00018404736571561592,0.0,1
5,0.9874313679153202,0.002497502627759235,0.001223857353254198,3.0028321407906695,3.3072214193244855,0.22942279738451532,0.18362509431315294,1,1.1693723404586434,0.022496459232721353,0.0,0
5,0.46900736573375573,0.0005987660538946414,0.00030996758725584467,13.870389629762037,15.434286945837764,0.05618683500436038,0.02398909998857599,0,1.4351426303574555,0.00024923153846347204,0.0,1
2,1.6140645587703157,2.1202560843164843e-06,1.4481748348550185e-06,17.551222551273618,17.551222551273618,0.03896290709004416,0.026000365129163122,0,1.2648905442356013,0.0005339910982557864,0.0,1
5,0.7492863658539911,6.131479192244994e-05,4.537325859994314e-05,14.213154789093737,15.64012405627021,0.506146397975664,0.3580686949365071,1,1.3442059245260436,0.051477737169140225,0.0,0
3,0.7000460222360169,0.0011534476647215575,0.0011497351101804716,4.319399282430529,4.356023222157571,0.056164355717993455,0.02592723483780958,1,1.0733167417809193,3.800309292864937e-06,0.0,0
5,1.2998364358062295,0.001496458364144749,0.0012885344707675214,15.485860907703897,16.95215560371772,0.06910545242801364,0.037510677437740905,0,1.3961241107048243,0.0012358901460320744,0.0,1
4,1.7330629173615821,0.0001380568520270462,0.00012171698132223446,2.7526211906572238,3.0256543953753785,0.24910813411509403,0.19632076528559994,1,1.0743353839318566,0.02482587286299656,0.0,0
5,1.398717004890058,0.0008389164571182166,0.0007531822509897779,9.717607838758147,10.927458189700104,0.21397537425729185,0.14735750887366544,1,1.326943080230875,0.021146636409528442,0.0,1
5,1.5916994434959744,2.9195244101279812e-05,1.6996532705195884e-05,4.12529179585855,4.893736999984197,0.037283069412792205,0.02806694984331659,1,1.0865514240290635,0.000552187443013552,0.0,0
5,0.4812190235152758,0.0010264062964594626,0.0006006044949487603,3.7324490281970846,4.104327067615478,0.45805742415111916,0.39618157902012496,1,1.233222764977927,0.09719763223110114,0.0,0
3,0.8820896836886493,0.0002928747938659473,0.000289452547974796,6.605149123498461,6.931854978366929,0.04320859419441746,0.027063756601480148,0,1.1091170022825905,0.00019057856396898423,0.0,1
3,1.4501618151649567,0.0001652883426114578,0.0001450835542969161,4.910064052245805,5.189846563701533,0.030975666874218623,0.018016107172515238,0,1.1677476006358245,0.0004243599877914545,0.0,0
2,1.7925523271198907,8.598261840134823e-06,6.833775388569763e-06,5.686117989033173,5.686117989033173,0.18715292782769927,0.159171362568177,1,1.1288728958145489,0.015756650117997782,0.0,0
4,1.3263304065270107,0.0006303453511100141,0.00023631536116824913,7.493679918373385,8.589019859778835,0.04581729873741264,0.034806219819365755,0,1.614203194928319,0.0007147309609242342,0.0,1
3,1.072929519883134,0.0005521091679673919,0.0005217613619530183,6.51085200448284,6.736920503679693,0.036714815357071384,0.01973978237558874,0,1.75367212942826,0.0006434468516204957,0.0,1
2,1.0499883001306078,0.001058202783351562,0.0010471802867993874,5.593407174779993,5.593407174779993,0.2915183328018077,0.2722100155599643,1,1.8234198433633826,0.032646747550683274,0.0,0
4,1.3060780766510753,0.00016068861243043327,7.148747431705056e-05,2.8198166897708172,2.939391974381518,0.240219387959983,0.156939442076577,1,1.1298178362240017,0.014075690807678126,0.0,0
5,0.6231535564750309,0.0047469485677188355,0.0020409549801333384,5.513668427094285,6.64322194017447,0.03651406931061826,0.019490686686324355,0,1.2623049165883893,0.0002605586081805424,0.0,1
2,1.6224009891869193,0.00017930686272126545,0.00017319577836700492,4.503124297377182,4.503124297377182,0.23884314147142804,0.16041138446351672,1,1.303147619675615,0.004315109759468905,0.0,0
5,1.1077946006386266,0.00012043059466742772,5.661521547208651e-05,6.861635670929453,7.928658024397132,0.06927949244312476,0.026286993199172038,0,1.1695245500418456,0.001032215022601695,0.0,1
2,0.4002376016696711,0.0021896304552480677,0.0012455212143130077,6.077535681606613,6.077535681606613,0.5032952318812758,0.49913591892724274,1,2.3215818793863354,0.13349399886571978,0.0,0
5,0.8647616757766243,4.7167281467714375e-05,2.293748227112217e-05,3.975232147751974,4.3003848280522075,0.029566085349930073,0.023200978265859602,0,1.117052328422122,0.0002100370882396537,0.0,0
5,0.8731069680368306,0.00011972111595394694,4.654409637928507e-05,6.570508399254952,7.091926371489356,0.218591506196744,0.16010845299663998,1,1.2802683238526857,0.017568291590380515,0.0,0
5,0.8505812667738957,0.00014830219815062433,9.310654606683406e-05,7.634005465965256,8.33551593970964,0.05065309062886674,0.02220958551328795,0,1.1604555823339107,9.372022411092986e-05,0.0,1
3,0.5857404200275964,2.1388876106285178e-05,1.2419822681236068e-05,6.889317445727765,7.001451521238149,0.040865490847085094,0.022051316315426246,0,1.1606649602454526,0.00023426262934271583,0.0,1
2,0.6034573962859138,0.0001456830460898485,0.0001427111931132247,17.253695629124145,17.253695629124145,0.21838445698425968,0.15193827106772764,0,2.65749631371443,0.004235209178217084,0.0,1
3,0.5434720088731673,0.0016849734135032336,0.0016616733077883205,16.927157488759427,16.979670675353542,0.019355918358932918,0.01841905459486025,0,13.139480198149622,0.00014455939869223254,0.0,1
5,0.751877579721228,0.00309316025743707,0.0022096556695363778,4.601267692800529,5.000670653306301,0.20064718037377338,0.1483169079136705,1,1.1926051471823722,0.008559813229500073,0.0,0
3,0.6167279769176007,9.831584869527927e-05,3.885799024773626e-05,4.784903902298532,4.9494498162792455,0.4858774718012073,0.3966235019186497,1,1.227605300915844,0.08823061407196058,0.0,0
5,1.1603122171152407,0.0015816557059878666,0.001523513376897277,3.399588013980085,3.664848230457362,0.5334963011295513,0.44501706440740996,1,1.056818072141869,0.07177016030830133,0.0,0
4,1.1563322381195862,2.388086227042361e-05,1.508219665562026e-05,1.8704011925897215,2.0295478705005587,0.19651888111319843,0.15390224163350313,1,1.0313624159611245,0.010112413823089358,0.0,0
3,1.5699311088435168,0.001909153419254993,0.0011058232060875814,2.424841603021836,2.558655690134705,0.027009803607037124,0.012926554565725916,0,1.264806671508679,0.00020670453790280386,0.0,0
5,0.7621071425876459,7.55399123325524e-05,3.215654220244945e-05,2.750803232105589,2.961621013551488,0.4966367110477161,0.34663265773639385,1,1.0483873262380121,0.0475629741120474,0.0,0
4,1.4454554762496765,0.00100736716175308,0.000616070902755402,4.029940782736703,4.738637412374281,0.5210639127923637,0.4225289323679121,1,1.4331796395846348,0.10624506015670845,0.0,0
3,0.9777162944367471,0.0011495797068766152,0.001124597132894134,21.814622687793555,24.06269794985372,0.1294109534784145,0.10585234349063133,0,2.269961930358318,0.0047061171034379155,0.0,1
5,1.4158249602677961,2.1015209880287494e-05,8.793644449634115e-06,2.780374688287153,3.257275082553667,0.20107385162836874,0.17073864533031866,1,1.0414344998814864,0.01829604442445357,0.0,0
5,0.8641881304162752,0.00012615410996524303,9.225765118786259e-05,8.17344118646526,8.705227448282365,0.23407160815769112,0.18188228109396593,1,1.1504525363760076,0.017561874646462017,0.0,0
5,1.7982194450165925,0.0002783900061373623,0.00023234136617872707,3.7177458076277645,4.539171171349642,0.027809925719995604,0.013271198986469862,1,1.0372228953435247,1.4545724393449604e-05,0.0,1
4,1.4248062646158395,0.00022325795359314865,0.00013957292518733836,17.66644651776356,19.494209578075196,0.4725729121192904,0.41707025792758107,1,1.5083265664595147,0.0960101896659688,0.0,0
5,1.1982242125525304,0.0005428626847594145,0.00026652046701183243,5.988012742392479,6.379003456542913,0.20194146043719619,0.13427347428486655,1,1.220058689293554,0.005869253135611839,0.0,0
4,0.7224848656390543,9.017642062075367e-05,7.156372326229754e-05,2.7699558069329746,3.004519301939714,0.06561248395663787,0.028252065178713526,1,1.0603613833834384,0.0001000114403264003,0.0,0
4,0.4260680498921317,5.802490893688863e-05,1.9976907481524215e-05,15.511049609267411,17.45259642557973,0.42896000874920787,0.3381850607587631,1,1.5549405802743805,0.05977105192554887,0.0,0
5,0.42318767818278047,0.002056839030784355,0.001025125606013576,4.2820043465736015,4.612420223191257,0.5315264883688842,0.4489489491577722,1,1.3156579859749233,0.1102109761633888,0.0,0
2,0.8907249392916805,9.195990252675211e-05,7.277337857759541e-05,6.231552934201346,6.231552934201346,0.019904607875730587,0.018758308076834644,0,1.3410715600385112,0.00016340271231952372,0.0,1
2,1.1315568817031385,1.8712241645589277e-05,1.7868052542893697e-05,6.41160623790795,6.41160623790795,0.18401971509192355,0.18000682774560445,1,1.1939189488841426,0.015678849372058438,0.0,0
5,1.7885181438390014,0.0004148383499158212,0.000400282459271422,15.916385323288415,18.366933354879578,0.030634174307856837,0.01448339956848907,0,1.2971436029358947,0.00014043266493350202,0.0,1
2,1.7503983519243245,0.0001550790435156106,0.0001545756142777949,2.735401169063102,2.735401169063102,0.2382164484810544,0.1931630371947971,1,1.1653007640834745,0.028727254201832954,0.0,0
4,1.318645321796892,0.0004267697604183874,0.00038189689339580927,1.4995452611697078,1.6378312057453552,0.03441274350360926,0.02450900992331711,1,1.040426907022641,0.0005525846330991293,0.0,0
5,1.7955440013580888,0.00012138384987320644,9.557941443380219e-05,11.349767030642749,13.218223714524727,0.034999830737199464,0.023932927618850804,0,1.277619031436257,0.0003763390935417489,0.0,1
4,1.7258216512487277,0.0012150831135709843,0.0009519060082551278,5.321556149165783,5.8559272461565905,0.027786893656375104,0.017817052900623968,0,1.1963342052758985,6.325780871430376e-05,0.0,1
4,0.8420229716405001,9.591249566288988e-05,4.187327568837176e-05,5.4778494447695865,6.471856818886036,0.23468766802794094,0.1796209521567702,1,1.1863870143989081,0.018880222286693334,0.0,0
3,1.6218394977716173,0.0006510243915155084,0.0006393456044354822,12.918471368501862,15.495548273762932,0.5044031787267895,0.403462403711155,1,1.5362754132826388,0.1346643847233693,0.0,0
4,1.657369680549993,0.0010077880618488833,0.0008390726367328982,5.851284009004427,6.4707723821541565,0.4594733704288419,0.38945092643595003,1,1.087097050756658,0.09430730386976004,0.0,0
2,0.6950533399820268,5.118544606289695e-06,2.6854764442622906e-06,6.811443435405022,6.811443435405022,0.050115442058903295,0.03887023305790199,0,1.1299294932584827,0.0008064260901031731,0.0,1
5,0.9212334790163424,1.0582713892424255e-05,4.309768439086479e-06,9.684149583430418,11.547053002114465,0.48559988100816354,0.4231043725218502,1,1.1717656311816205,0.08777628915337735,0.0,0
5,1.1949683268874365,5.378555288389862e-05,1.969236484015887e-05,2.5867761351888,2.798000253314701,0.24649343261608886,0.16969046767057389,1,1.076719885965948,0.0183631716045771,0.0,0
5,1.4846421139771984,3.894133165117698e-05,1.6553800294875534e-05,1.823648475479385,1.8606630897297811,0.22667710221999043,0.16598727793837392,1,1.0248770186135918,0.018306404621021545,0.0,0
5,1.7517364459514924,0.000496905166433285,0.00043025193668522904,3.950953361497563,4.828001457857209,0.23837022863723428,0.16067167211295946,1,1.1231675540080974,0.010847078361557017,0.0,0
3,1.0204245975395512,8.186439037062e-05,5.1825221944630466e-05,15.149632100328914,15.694439597914108,0.45928686307211425,0.39722437157233204,1,1.699756627010706,0.08788138783179039,0.0,0
5,1.2834665316974836,0.00019756760006022284,0.00018888608331258145,17.02154743972671,20.43297062149812,0.39312012113543715,0.33644637938911426,1,1.3710115346812994,0.07375047304349125,0.0,0
4,0.4101051790080746,0.0006710845112944673,0.0005808753579518927,7.033298136707898,7.262287108644064,0.03281738213480353,0.014404097023811638,0,1.3370666557784756,3.278097021145016e-05,0.0,1
3,0.49584953379161695,3.777192167722913e-05,1.8428513025589936e-05,2.6232123627302926,2.6724808354696314,0.021232162410430456,0.015234846550020909,0,1.0765416541568842,8.035928202319652e-05,0.0,0
4,1.0910113744740433,0.00036076133802889293,0.0002736603963601335,2.3615366994006832,2.7286371691641977,0.051272687033911496,0.030612621322402292,1,1.058448869992459,0.0006681756095214941,0.0,0
5,0.9387170588948984,0.00031264850971014476,0.00010562363574279642,16.677189327013373,18.464286038340674,0.04807359011006593,0.028916961419799037,0,2.066992787670533,0.0003924261839648203,0.0,1
2,1.0078263108009016,4.981373554843747e-05,4.881014502122582e-05,3.7603899175984066,3.7603899175984066,0.1431377727615497,0.11917467811449718,1,1.1548985387294113,0.004653543519244014,0.0,0
2,0.6207778386763252,0.00016280998608969545,9.566554571844867e-05,2.0392138427139233,2.0392138427139233,0.021332068919285553,0.01196360763188928,0,1.122845543154442,0.00013718839570257385,0.0,0
4,1.1816906191705656,3.290424261605568e-05,2.585615942292688e-05,3.1271704812780095,3.2012079419531663,0.23546058033626782,0.18946590565672483,1,1.0512332873265993,0.02580691857014352,0.0,0
3,0.49642721670562323,0.0007710924523039902,0.0007052156805505591,16.792712275336882,17.65668476634099,0.06819186054423586,0.04463624055985144,0,2.2169366291899197,0.0020439507547080097,0.0,1
3,1.3565138555807528,2.871352581976834e-05,1.7062834037288042e-05,3.5915490795856386,3.8101610060284026,0.01432459703258342,0.008709641421891606,0,1.088393724726057,2.7430307519087882e-05,0.0,0
4,1.3210897615989556,0.00026443483383661333,0.00020210186598745527,6.599772265770752,6.772716913169475,0.204831057503566,0.1623885670752916,1,1.2549051382173892,0.019764151744738345,0.0,0
2,1.5682390974869307,0.0002586152054566075,0.00021520552950117064,2.773237398350832,2.773237398350832,0.2073630408561533,0.1588878412165346,1,1.202006725591419,0.01924487306600071,0.0,1
2,0.9812584403496362,0.00024563939446914384,0.000233961609167849,3.8943712801796657,3.8943712801796657,0.1917804197735339,0.18127175043010602,1,1.289517867248267,0.014857754377113116,0.0,0
4,1.239882023783155,0.00023257379121693092,0.00017537873121131148,5.77791446250717,6.22340522125381,0.03597797914814171,0.02494955983180794,0,1.1751891121363616,0.00023998089191144568,0.0,1
3,0.42282342705617176,0.00011681594780746162,5.9884963224359375e-05,5.771571585739031,5.774437192265641,0.3566967259856472,0.3048106839588016,1,1.2738845035875421,0.04967073025778095,0.0,0
4,0.593771470866974,2.2130366066460347e-05,1.2243745581386699e-05,7.12571124596763,7.388482682253218,0.027027345751583588,0.01524064272290406,0,1.157477792823183,0.00012959328699658354,0.0,1
4,1.4921706712118668,0.0009414388492629052,0.000786045966685787,11.83911659087235,13.227970823900483,0.05081649832308553,0.026650421064126264,0,1.3447743149344376,0.00019051961889277567,0.0,1
5,0.9500357863266492,4.179003353997106e-05,1.967740493873766e-05,5.638938736053035,6.4560371322010965,0.04437388562535257,0.019339374084117407,0,1.1677244705409027,0.000174162136350625,0.0,1
2,1.00209202358705,5.655620279660649e-06,2.956030697846651e-06,6.891602855733544,6.891602855733544,0.035719422511286264,0.03569394740515826,0,1.1363021406929492,0.0006372542014506906,0.0,1
5,1.2724550187896628,0.001095807533963927,0.0009182677760702831,7.461620120398627,8.492481880259968,0.017746046656455475,0.011715742773143287,0,1.3960855960959861,0.00014943955839778782,0.0,1
3,1.0762368624825684,0.0003116364959507971,0.00030801984812955235,3.240368773523798,3.371320121621882,0.4488944907160467,0.3889952253639984,1,1.2570303802757996,0.10543077532414437,0.0,0
4,1.6780162924836612,4.3890900372755595e-05,2.560793349183804e-05,14.493575112784054,15.71798541474539,0.40882460915653596,0.33488991973374943,1,1.4750802310708693,0.06978149637229975,0.0,0
3,0.9507597449581846,0.00019051765887591262,0.00013833831500961662,2.2064236369906305,2.475524579857554,0.5347349255089324,0.46188358141991603,1,1.089560476330416,0.07890853497533809,0.0,0
5,0.8785006139877843,0.0020709856354572623,0.0015468299807033055,2.683724514648105,3.019397062276454,0.5487057400696027,0.4101327136915048,1,1.049518096372116,0.1530196372311717,0.0,0
3,1.766087672696039,5.72850377075474e-05,5.311437883873901e-05,9.018286561712099,9.623565188078237,0.538358856166717,0.451015402218718,1,1.1631179574913248,0.11649272438161551,0.0,0
4,1.550377922145889,4.027889724928399e-05,2.8872611836323634e-05,1.384788091548528,1.542869903343741,0.44487056592246754,0.37673266125631716,1,1.0330788269654172,0.09151734291634707,0.0,0
3,1.0633856892028288,3.2315269813739606e-05,1.5978684884219153e-05,16.415979283973016,19.641158461972537,0.510138700791581,0.41819675279535123,1,1.5670991862209682,0.09538715783194054,0.0,0
3,1.0405629012183968,0.0011142376608007211,0.0006496226280977205,7.198693805970515,7.280296956724434,0.04949578322708899,0.04019900082195727,0,1.9869148019176412,0.0006417575626001655,0.0,1
5,0.7440103093250372,0.0033370649053936128,0.0022190994501169966,4.122455508011329,4.460472715436222,0.019947960584468735,0.01079356675532588,0,1.5643552588963008,7.273729947672482e-05,0.0,1
5,1.164969946365277,0.0007956621063145758,0.0007685484569278282,4.237610808644153,4.707737248547302,0.03854784701209245,0.01735474385422827,0,1.1084862282865722,1.667716796155101e-05,0.0,0
3,1.6771538903509855,0.0009902582709643048,0.0009785451942509352,2.4041745181019265,2.4287812693942685,0.043316978988197724,0.02683323339929909,1,1.0584363534865135,0.0001500599037458508,0.0,0
5,1.0966786503611168,4.998943764674111e-05,2.5981497607763023e-05,5.736936223874135,6.7133794160637335,0.03800559770336452,0.020330911713670092,0,1.139532426867267,0.0004247750160144332,0.0,1
3,0.9837396933975014,6.0178197739908695e-05,4.175274438112832e-05,11.549730429098034,13.50780303913065,0.04963586415743064,0.02294555085583842,0,1.3750095035086523,0.0001571540473327593,0.0,1
2,1.461818782972197,1.2672930918564657e-05,8.560347915681443e-06,7.874029389729018,7.874029389729018,0.016422490373129088,0.01217904612086385,0,1.210687214442739,9.985268604459633e-05,0.0,1
5,1.7820649692620163,0.00047082608364918896,0.000256772468843212,6.918021552533794,8.011905322172794,0.029407564695665342,0.022893571230935543,0,1.4751817058488075,0.0002252280985859011,0.0,1
5,1.261431191851063,0.00012687067544941394,0.00011726827416579432,2.888030885951082,3.4224347704102738,0.03588847373408479,0.01476950252029301,1,1.052436525596399,1.2358228821559681e-05,0.0,0
3,1.5161561373604946,0.0001655648747785507,0.0001442743069969078,19.17551892993673,20.858756341364437,0.016944203192994566,0.009827884872985936,0,1.7491557886753697,1.8420796449525156e-05,0.0,1
4,1.6432412573255293,1.7896136438531388e-05,1.4431486985926871e-05,3.5159248547065975,3.9740146775513154,0.055008334368604195,0.028805764354072887,1,1.0508925966914755,0.0002682271831679609,0.0,0
4,0.8236801870360659,0.00012788281640175876,0.00010194685783114321,2.7328370406300113,2.9499728679531056,0.2487624585074329,0.19004916013559597,1,1.0446817909368586,0.02814796851651894,0.0,0
2,0.6872619540572084,0.0005260155844894922,0.0004745014186567518,5.977415373706217,5.977415373706217,0.04716383011210516,0.045201705815810636,0,1.6596378062586068,0.001092608609735289,0.0,1
4,1.3225780013484998,0.0008110511615351943,0.0004265649751282297,1.7245988106353396,2.0554840391998184,0.02693257702914375,0.014575416559878901,0,1.045212099207182,0.00021170457099446268,0.0,0
3,1.525603973839989,4.04003999900837e-05,2.0437218302550357e-05,2.242711195771764,2.3977943413607763,0.23151690207994396,0.2052827172771353,1,1.0653300643143317,0.02317135335515417,0.0,0
4,1.0241707717093935,0.0014019372173254923,0.0007523576478281407,21.589995094572,22.263722469224387,0.22638636709950227,0.15573421412661825,0,10.292728114923973,0.00788252735380829,0.0,0
4,1.263718922147705,0.0009837611923923957,0.0009723077706178635,4.445727208418138,5.181021433635439,0.06749462590740221,0.030361141979303067,0,1.0669159355359235,0.0006125568282665278,0.0,1
5,1.5094033153576056,0.00047090554760194185,0.0002781986636848628,13.967331137530504,16.497084152050544,0.21974391889338757,0.17923962940032764,1,1.6651951470002324,0.019704289933393637,0.0,1
5,0.6466436030808836,0.0024315253711648193,0.0020518832323933316,3.817218880731427,4.081985958052131,0.23524472508970656,0.17102690114921887,1,1.1863271209809876,0.026821069799251848,0.0,0
5,0.8263701862536538,0.004362542792212003,0.0022125657785751884,2.5978418381536343,2.9824996006428153,0.04573013833245299,0.014095669210290299,0,1.1006284653805587,0.00043981676898174194,0.0,0
3,1.009266067766892,0.00011850521501709581,8.325877444677258e-05,15.417547295779068,15.636981316403626,0.03609806311735629,0.018228497309473454,0,1.7275037043002786,0.0004949283901176108,0.0,1
5,0.5185288220056025,0.002495415689374618,0.0011897616076702118,2.724679804979119,3.169031692831994,0.17864569285408105,0.131117042293867,1,1.2295955834728214,0.005014385890146764,0.0,0
2,1.7464328495166912,0.0015018186328726408,0.0010213690323519168,5.470755628755086,5.470755628755086,0.043553069669644576,0.027984118717792474,0,1.9389185352812905,0.000626567932004974,0.0,1
2,1.7445754657402932,2.2232169726925978e-05,1.7894941293640623e-05,4.380612930739771,4.380612930739771,0.4221895904849795,0.3858218936117336,1,1.1367655183441376,0.06878455384605123,0.0,0
4,0.8940803583324983,0.0008154224540458358,0.0007751508168606951,4.026752983610344,4.505137013297691,0.025667516679095222,0.020367643813163538,1,1.0566854695991685,0.00018702347530211237,0.0,1
4,0.7933607040740843,4.5172343506384924e-05,2.5884194140398695e-05,6.749544396485627,7.80457063275454,0.043535402482416954,0.029990349000236227,0,1.1482616263252932,0.00045429385068449917,0.0,1
3,1.478514904800309,7.703091677815494e-05,5.962598014288678e-05,9.536960797151757,9.559462248417914,0.06285815983552574,0.0300093860806204,0,1.2955097489955125,0.000634722804171854,0.0,1
5,0.7271258364000999,0.0009566506528528009,0.0008102154896530092,8.178495923672816,9.178614012257174,0.04376871850350081,0.02978599205492844,0,1.477696413489207,0.0008141779270264865,0.0,1
3,1.2242140075467243,3.8916596144586324e-05,3.774495270451287e-05,6.397967573129913,6.829382692014223,0.18529752802573157,0.13130232195676023,1,1.0726822724983351,0.007699134380505519,0.0,0
3,0.4796346762322459,0.0001027026759274656,5.295841919955198e-05,19.50591735871467,19.73566181117723,0.2391509501849965,0.17386682464487677,0,2.411035370408631,0.016429641737233682,0.0,1
4,1.2942927109809312,0.00020818396897149443,0.00010214932137426409,10.521018220539277,11.882546489336436,0.44364495312882357,0.35104129040129883,1,1.6835040224581526,0.08749714125528686,0.0,0
5,1.1568850195124019,0.0001694212325951107,7.120076566921404e-05,7.854857751818499,9.06191453062077,0.23978488244912327,0.18968673194204372,1,1.2311016543139648,0.02437130198422022,0.0,0
2,1.493311851748719,0.00021434513516747268,0.00018826242797279042,8.167800480878766,8.167800480878766,0.18748632952192934,0.16779542263178443,1,1.6708599308567744,0.017031842196345213,0.0,0
2,1.7423534416102182,0.0005456087784795181,0.00044998360689078875,2.195482109478169,2.195482109478169,0.4482202265955578,0.3939406650739373,1,1.2054165534025492,0.06721246200601899,0.0,0
2,0.9461466152596845,1.6722042117677073e-05,1.5803945681727233e-05,2.300085687238176,2.300085687238176,0.16316953358121572,0.12693914041242055,1,1.0630915547146562,0.004622276481860427,0.0,0
4,1.1567728661058148,0.0010481400681511795,0.0008188509674965181,3.458862464617562,3.791519355279805,0.2059787548965869,0.15571504011013923,1,1.1610185395685628,0.020726248422449595,0.0,0
2,1.0844525986564468,0.00012296123141881287,7.099991365030692e-05,1.590638279342257,1.590638279342257,0.15755138079753817,0.13328428836881467,1,1.085765185718712,0.00867560910941049,0.0,0
2,1.2274594850058902,8.400704607585895e-06,7.215975603856606e-06,4.302316113348433,4.302316113348433,0.042027672349008456,0.02729508198746291,0,1.0952575641798872,0.00019537635178573797,0.0,0
4,1.164238715114155,0.000696874297662914,0.0006828583045019402,5.27238807787397,6.038642521603429,0.48329849129413144,0.3919525708039669,1,1.0840761691738365,0.09858675117391927,0.0,0
3,0.40888940997506373,0.0017403054904329496,0.0010374591259690023,1.8078276795698083,1.875535635322864,0.04729670694037765,0.04073267242385708,0,1.1971078511167044,0.000949446703394617,0.0,0
5,1.2347807590067434,0.001452258841927162,0.001408914160979131,13.374912174636258,15.124375536136501,0.05106638073328481,0.0371434127550315,0,1.3275770538620413,5.986663188697167e-05,0.0,1
4,0.47563866006437816,0.001864901777092833,0.0016360015357031103,13.489713748824911,16.267338469783578,0.19506493279876835,0.14490860162317776,0,3.1024744445425303,0.007744866550550657,0.0,1
4,1.4905653905435354,3.0204219302514507e-05,1.9854125926058853e-05,2.897683957431477,3.096940604309607,0.058171105557028896,0.029463527648800135,1,1.0696572199610608,0.0002708940871234858,0.0,0
4,1.1961321658157735,0.0010031074295276663,0.00041747223163817387,4.361666571464188,5.447866098681698,0.5486993012199759,0.46850857251224687,1,1.4682624926489096,0.1121677429446242,0.0,0
5,0.7908392296754225,0.00011265808799097787,6.976116167717315e-05,6.480185363413746,7.7617006018033,0.46953588516999356,0.3697389461537748,1,1.1121056092062533,0.09736288355909879,0.0,0
3,1.7299074538440187,3.644140766425209e-05,2.7390080163071792e-05,6.947962756652714,7.635925844647084,0.02438246507342661,0.01614339628246722,0,1.1626737766463817,0.0002448232104462147,0.0,1
5,1.620172519375299,0.00040381652964414195,0.000384533988984722,3.2959489297199682,3.6510176168164374,0.38960586254105,0.32828411833162896,1,1.0737735921046072,0.07757286699611898,0.0,0
2,0.9130061942739364,9.377003019976325e-05,8.681276486751757e-05,8.48305809734723,8.48305809734723,0.4759520495199041,0.4684025670828045,1,1.496664430093995,0.11319577766877713,0.0,0
4,1.465240264800281,1.2690277411463759e-05,8.019180335929479e-06,6.881202894981183,7.421388966799419,0.24071210479623023,0.19732824878073213,1,1.1200683126171804,0.02757586717206196,0.0,0
5,1.6486644986090853,6.383882973188903e-05,3.833464363010977e-05,2.67202911373558,2.889255521302961,0.22194107816417724,0.14356355069432594,1,1.0314197234403022,0.013600719926415922,0.0,0
4,1.1274686761389734,3.9252344910061533e-05,2.1141144246925653e-05,3.3360017697863933,3.530043786444542,0.4809249211374977,0.37195870796280794,1,1.091591041955457,0.07341571245220604,0.0,0
3,0.6329083015477829,0.0010344423021769206,0.0009656996163272044,1.4509476346438621,1.5122188567490074,0.043568677924693364,0.036968613934504874,0,1.161111614791456,0.0009189354815608306,0.0,0
4,0.881385821157112,0.0029507820693765083,0.0016479347980812714,4.337584034325358,4.435665143220203,0.06197041141337074,0.029891401155788113,0,1.397693164348246,0.00019442603283842096,0.0,0
5,1.3336428240382439,1.5930919479263322e-05,8.725379564455492e-06,4.677768100663663,5.427424053427602,0.0726518852485239,0.03285866326413019,1,1.0731321064550152,0.0008049695330503414,0.0,0
5,0.9521930580752347,0.0002605926564295664,0.00018905440473417027,17.969020992255558,21.830411755000767,0.5411082019606015,0.4530957100982878,1,1.6265820526044423,0.1263679896991878,0.0,0
2,0.5953947616347383,8.035141881277204e-05,7.598530732222413e-05,16.47925495397725,16.47925495397725,0.00972057993345302,0.008741496653767868,0,2.127900914068789,4.606789131862206e-05,0.0,1
5,0.6448502151529444,0.001736699491414526,0.0015976641647841522,3.6723236179445182,4.555087186313989,0.03157446267876175,0.013130506819022026,0,1.0812834075018116,0.000468561702296439,0.0,0
4,0.5670965289369649,0.0008492996374339063,0.0007623899259671286,11.602507161895426,13.330715088198936,0.19785811761792418,0.15045860794271676,1,1.318344621378861,0.006509982304409894,0.0,0
4,0.4740436597297973,0.0012495351303802023,0.0006667700243376142,3.770460298566125,4.058604276613835,0.19701892913601438,0.1552545834095828,1,1.3314553409367902,0.014068855475284262,0.0,0
3,1.2120652980527364,6.199244468158748e-05,5.7273084907583784e-05,1.940499972152603,2.2377044810646836,0.22134075091722744,0.18705266407849652,1,1.0344336185305558,0.015025700243723579,0.0,0
2,1.1715579597888204,6.297557381087963e-05,6.242366783037986e-05,3.04812072063121,3.04812072063121,0.04426509703211487,0.02520397976810656,0,1.134510289868164,2.7650973158697358e-05,0.0,0
3,1.7581560364280875,2.7418782608173654e-05,1.4471031937874428e-05,1.6320685313857848,1.858782001776667,0.21169769236686325,0.17121982626326995,1,1.051913959668371,0.01469044998962045,0.0,0
2,0.45952371712693113,8.68950663117278e-05,6.942338033309113e-05,1.9767870769809723,1.9767870769809723,0.03933638842112044,0.02871961096879183,0,1.0953687731018826,0.0006542523185927472,0.0,0
3,1.2226442654553413,0.0013919682411135863,0.0012510073826269628,2.699799347580028,2.977403087513472,0.1782827252876124,0.11916934154675347,1,1.3697234261874718,0.014618812149475528,0.0,0
3,0.7037973061363121,0.0020521361204566646,0.0020087408208633,13.776351272378605,15.306000970071773,0.24682119112115025,0.18899084102511057,0,1.8666851068532102,0.030789436818322115,0.0,1
3,0.9937285862861841,0.00016125946660680525,0.00015247150017154906,3.045797989630514,3.3296897078979484,0.039045436834505884,0.026410731581205982,0,1.0806619558212542,0.0007289730792306485,0.0,0
5,1.3618651804823476,0.000867137261117568,0.0006720044431086215,5.300294923710603,6.0302776646219405,0.24618704533050034,0.18689137088896812,1,1.2742291662199636,0.02312493288191056,0.0,0
3,0.6787209397113644,0.0011447296195685,0.0010144661796071697,5.951639165345097,6.1081898820406355,0.024114229719717443,0.010664934364002144,0,1.8877086834844994,0.00026364680299648926,0.0,1
5,0.7904468864673653,0.000270300382335812,0.0002465744652543701,4.276903077855916,4.879316307150186,0.2147643405886271,0.16189484925836597,1,1.0612377881218225,0.00839450493965105,0.0,0
2,0.8810619095956849,0.00022649952565687332,0.00022202884380389206,2.601310440248414,2.601310440248414,0.03300840175344661,0.02510254782904016,0,1.1794915287370955,0.00015529938160676888,0.0,0
3,0.8242624002589309,3.087572451022228e-05,1.665009023592362e-05,6.92935139870242,7.433472177661792,0.2450480289327026,0.18522698014845387,1,1.20743653617406,0.01983308067718433,0.0,0
4,1.2637155469289638,3.130784878179677e-05,1.6372319251397896e-05,5.922680865137482,6.386667818404121,0.03461599521065296,0.019526914045238195,0,1.072721714044402,0.0003743775033913806,0.0,1
4,1.363187766758355,1.710768527208397e-05,7.812879660070064e-06,4.195123933366764,4.343893310639195,0.02779360641599675,0.02175188186491715,1,1.0758027521392437,0.00019939180192949876,0.0,0
4,1.5360400488292085,0.0001424894930351385,6.819203475148828e-05,2.4856233062534363,2.5722483791163206,0.46531205291491795,0.41208472587709966,1,1.0868383791857217,0.07981664728340719,0.0,0
5,1.1929996127013855,0.00027380933452961437,0.0002560890290111751,6.060410082173833,7.020875040128313,0.04254360045145923,0.020748638291226116,0,1.133628784516468,1.5439719612052847e-05,0.0,1
5,1.2930969025627306,0.0009067343122697604,0.0008252245557699624,15.595018148519337,17.161274400947203,0.21549760923258138,0.12927703078583855,0,1.5332662235379304,0.004474409955375167,0.0,1
5,0.8347567949430911,0.0006912809023757495,0.0006455370867405636,12.919957787228874,15.156782335562657,0.5201724654922377,0.39512517264760205,1,1.3353144813122535,0.10096033742417553,0.0,0
3,1.7204269988517065,1.981954131901291e-05,1.0344080913911721e-05,5.613209807972261,6.2588116755362275,0.22149680807691408,0.18670224806071736,1,1.1315704799091735,0.02059713225767046,0.0,0
3,1.528178251145213,1.902705312247022e-05,1.7097943596373725e-05,2.632172795208624,2.97717003333291,0.16072520111550043,0.136606292772623,1,1.043953671032551,0.008234633532349291,0.0,0
3,1.4979825519901602,0.0006984299099596885,0.0006550671960070741,9.28685009910279,9.448663108613722,0.038347219146857674,0.01882727949732227,0,1.4230095005589711,3.626875933028454e-05,0.0,1
2,1.537150418455509,2.8780892048426733e-05,2.6080312534057202e-05,20.272672158759185,20.272672158759185,0.47700037859855693,0.4081136246537942,1,1.9278857755701369,0.06404228428088712,0.0,0
3,1.6031834322686898,0.00016671967808767478,0.00013264378624519666,21.518549865197894,21.764982412864732,0.5130283681717802,0.49143885555960815,1,3.5095934840737826,0.13834835788178979,0.0,0
4,1.554161212030654,0.00047624548727506305,0.00046405428556570117,6.874971255133219,7.64197480332825,0.03260120784298584,0.025921622333916292,0,1.1797177042888727,0.0004538756959840719,0.0,1
3,1.5628699340585825,9.497738497450812e-05,7.957433016536112e-05,7.208102470907174,8.140056626328308,0.057208074546168566,0.036250743947942456,0,1.2652130816710943,0.001440367932371388,0.0,1
3,1.7226600167792339,7.5816152318259895e-06,4.005118949981532e-06,3.305620827481465,3.737462414367748,0.24286558689584153,0.15238639376739221,1,1.0603557624273332,0.008752238541450444,0.0,0
2,1.1941400584898196,3.7647706020539016e-05,2.8088719824094925e-05,3.1737978521317998,3.1737978521317998,0.4846365830291871,0.4105125874422258,1,1.1170385672307621,0.1077981788865161,0.0,0
3,1.091835420838765,0.0006367555748493575,0.0006341379561281378,8.392411173774077,9.709042090872341,0.046447517682264176,0.02721043147349768,0,2.1525026051425873,0.0010755214580943663,0.0,1
4,1.0564342512673652,6.543019448161876e-06,3.614251370828009e-06,14.734576894984851,15.860906136570335,0.4929558851842103,0.4021991424264769,1,1.2187297399127341,0.10826156574352389,0.0,0
5,0.9333127455674877,5.8115114907623674e-05,3.182805680696405e-05,5.188389847652629,5.992357656404021,0.036291293106586936,0.019957805663683416,0,1.1358047395978326,0.00017554006234060717,0.0,0
4,1.5614248504205754,0.0007414133609505025,0.0003182221763629588,4.3699064592497665,4.733639431635832,0.03848606663561093,0.019123576645881636,0,1.2976775472981525,0.00028659680845244406,0.0,1
5,1.018127562844218,0.0011316759457537815,0.0007408059608119391,4.354746387575169,5.343170373572179,0.39943323286676824,0.3370907478212435,1,1.0791637295748904,0.06086662487492901,0.0,0
2,1.7738682653970657,6.896269616957238e-05,4.728543692140076e-05,4.168887425952415,4.168887425952415,0.04580411324444268,0.029171372437968066,0,1.1948408505363306,0.00037153417888642463,0.0,1
2,0.40812750504313167,0.0021307904542399825,0.0017447108088671105,15.12436703158789,15.12436703158789,0.009050667783378324,0.007590255645495681,0,11.681950076191393,2.0757709157768415e-05,0.0,1
2,0.47774903358012427,5.466009714529291e-06,3.5855885785139795e-06,11.91650253034396,11.91650253034396,0.03308264142859638,0.018783963433704767,0,1.2444637871766977,0.00037126728511031697,0.0,1
3,1.306035201650724,0.00011809593224620929,0.00011423922009153034,8.134434633231601,8.170259601343291,0.41891712308006157,0.39625673440027426,1,1.5129885453939624,0.09157180883878903,0.0,0
4,1.459086900886527,6.3846718397870165e-06,2.6482522495217295e-06,6.674206934836796,7.02474465015143,0.5208710855999783,0.3742683453127567,1,1.0955954632626839,0.07229852922372901,0.0,0
5,1.5781531359859922,7.4371854438569165e-06,4.566331932165275e-06,2.5607155971849096,2.755586116284345,0.05544770829595841,0.03241701562582066,1,1.0282029509355988,0.000818924829318162,0.0,0
4,1.2733345518333292,0.0008400338129446286,0.0007390521949734595,2.1950307213250104,2.5677819856303565,0.02831202206843378,0.013821269799857618,0,1.1369194095990274,0.0003519336555853954,0.0,0
4,1.5383854714296061,0.0008177413116538344,0.00040197103307355745,1.427837361277361,1.5185311684696448,0.5074568073228259,0.4189439939774216,1,1.0536749797484513,0.12786968255250997,0.0,0
5,0.6074319054453426,0.002815463919529532,0.002730847285997179,1.6766785495419307,1.7755553702427016,0.18129272359820717,0.1620935467714472,1,1.0666357204120267,0.015151557741164993,0.0,0
5,1.22745498578593,8.225934360084343e-05,5.966334951240737e-05,5.556511833042333,6.254960205893828,0.2366950514343159,0.20794272573211375,1,1.1109220163361944,0.02494099630034181,0.0,0
4,1.0558541937442272,0.000588779633661528,0.0004988895097015938,2.976161148290128,3.1932172459309958,0.041857565236947517,0.02057222601293132,0,1.1529481496622989,0.00023915525212267363,0.0,0
2,0.7286064676434255,4.340582138006488e-06,2.5742469978605643e-06,17.939152070909355,17.939152070909355,0.03081843572182495,0.021323046384633233,0,1.357164232821783,0.00024481667194047843,0.0,1
5,1.1867740281949481,4.277378764361994e-05,2.3490697741909105e-05,12.859450112403112,14.4330767783249,0.24105519397048325,0.17181803702340073,1,1.2728365741029142,0.01775545850608707,0.0,0
3,1.281896562615656,5.948673125525657e-05,5.353352239133802e-05,5.103739734504577,5.90537881792409,0.03729058634355643,0.02541939926875211,0,1.1010191431160352,0.000645824276467523,0.0,1
5,0.7434424904639924,6.182813202871743e-05,2.1906174630396925e-05,14.274271336271116,15.510336189715808,0.0561636943713906,0.031886567911014754,0,1.5303459451229036,0.0005653941304931963,0.0,1
3,0.8407264006310047,0.00015093710736622512,9.873626513457976e-05,23.151221240331353,23.524810823984613,0.04340605402848493,0.02049565052796823,0,3.2292732990140722,0.0005128370683641532,0.0,1
4,1.622964909866841,0.00017773663808463491,0.00015177539497201214,19.534322320285998,20.167123352090233,0.03756419108278017,0.030812840152945345,0,1.7788076902502326,0.0006855429270241383,0.0,1
3,1.415138155269867,9.571639715585682e-06,6.833003432153663e-06,3.7222392094693753,3.9418255740195103,0.4015823761607153,0.3731962560295357,1,1.0624327427369906,0.07976688384031975,0.0,0
4,1.4247806316906515,0.0010792635408612477,0.0010715411908616475,3.803897618887013,4.032980354600601,0.22356428095134584,0.16688945020099324,1,1.0894283871901358,0.007238290120663383,0.0,0
3,1.5411109253823478,0.00012301463876257513,0.00011689667918742126,3.0203653306512908,3.531178176675807,0.03738980866256277,0.014870978150594101,0,1.0799373590099934,8.301533146947548e-06,0.0,0
5,1.1367578444172082,0.0011645406605190218,0.0006204220117118843,8.631584241495037,8.94141637548222,0.04133258431300792,0.029191656088988632,0,1.1715448135690467,0.0007452468604864249,0.0,1
2,1.5932449174826426,2.358954593366757e-06,1.910352239620205e-06,13.152810112789881,13.152810112789881,0.1802361215032539,0.14219994423889892,1,1.2000027543506808,0.014397220282197495,0.0,0
4,0.46811146521232205,0.00012166709051360204,5.7685831987564e-05,8.394819390575483,8.987708391011097,0.2095317093547343,0.1725471775693073,1,1.4092390580619352,0.015656791462049718,0.0,0
4,1.0287046343727084,4.358238967755654e-05,2.990761063882771e-05,1.4954301299492856,1.66843257139273,0.18967714519085638,0.15153064408194822,1,1.0340979647587938,0.014969557948943118,0.0,0
2,1.737235656873775,9.574774318834264e-06,9.200481909538538e-06,8.011119770188364,8.011119770188364,0.056189686398367425,0.04325277799363192,0,1.1937858108520092,0.0005059774570762268,0.0,1
5,1.5744844171607357,0.00011304056159986507,0.0001057791668334536,3.826505082061591,4.26070862013313,0.06751719021464576,0.03980331713814763,1,1.0695647586490524,0.0021681617265950923,0.0,0
2,0.817234071686235,3.0442694651624407e-05,2.741386144208871e-05,2.3556941462490677,2.3556941462490677,0.20790629637056302,0.18585640066197973,1,1.079520605582581,0.02103998231950964,0.0,0
2,0.9390681514821937,7.899472677643722e-06,7.17531499784034e-06,6.970256240273288,6.970256240273288,0.17964935857628705,0.13845297968626133,1,1.1554489049194692,0.015165289336646948,0.0,0
3,1.4681696159883617,0.0001298517610897371,0.00012826853701224762,19.428955901779403,19.862636357621565,0.38939561611663054,0.3417395113524424,1,1.2796421415704635,0.07867075271787861,0.0,0
4,1.561120498694642,0.0007707928919434409,0.0006793185448249452,3.4477761561035325,3.6953636260244913,0.04872746860438704,0.04175559201009921,0,1.1751894817795048,0.0006735810234707824,0.0,0
5,1.7983497544470546,0.0009708393343402787,0.0008617621323356162,3.694625017323467,4.41579249957981,0.19840329028338896,0.12894893227457999,1,1.1930392765723967,0.004540993863033914,0.0,0
5,1.0845674013156543,0.001929299305462722,0.0009253337657785782,1.6883155986237466,2.064686048953978,0.5264196068999122,0.36330479587644976,1,1.152162739321102,0.10345329837109277,0.0,0
2,0.9009494265028563,7.128264139316796e-05,4.8432170892521135e-05,9.420809580352213,9.420809580352213,0.1830245838727405,0.1321188009488561,0,1.5049618334338086,0.007266117364172965,0.0,0
5,1.7779689531741505,0.00033187307530662807,0.00031854054747744453,3.858715547057619,4.519061164162546,0.5409432255319935,0.4279479773480814,1,1.0808824608967034,0.10815962481923744,0.0,0
2,1.6363427105210466,4.49288156556021e-05,2.267643501256153e-05,8.136528679940659,8.136528679940659,0.1593197436947204,0.15038497851111504,1,1.3523608016527509,0.011358278675970827,0.0,0
3,1.4626304005149788,0.00025291747496084996,0.0002313821628588196,20.561951756372366,22.591009612186404,0.525098566524649,0.3943096672931847,1,2.0673401193929988,0.13528616195904256,0.0,0
2,0.4879817744820756,0.0030584081916683586,0.0030570440825078444,12.303296442197608,12.303296442197608,0.4997552537644644,0.4981226962670922,0,8.765174557660188,0.13195804391822452,0.0,1
3,1.1275450625401404,0.0008372631257825143,0.00042269988062724063,1.550772954792396,1.7207191812879925,0.052217118869298515,0.03717994610210935,1,1.1592615282439436,0.0006961023554150227,0.0,0
4,1.0186857646458174,0.00021045061539011728,0.00020523937536265252,19.730941314226612,20.19364087935968,0.013664109158496057,0.00845460654228386,0,1.2963803766666715,3.711098148029464e-06,0.0,1
4,0.4363609108009,0.004036493562603524,0.0030531923671164793,2.533992612466078,2.7323770063911845,0.03905685368529921,0.02600957923420126,0,1.3741564210202162,0.0001959531266648531,0.0,0
3,0.9008410933290685,1.6604828117799797e-05,1.293393109338262e-05,3.3973231934558337,3.4108240441535926,0.04944141391942557,0.035511824934767115,1,1.0560252524558482,0.0010351405793320334,0.0,0
5,0.8781726931415335,0.0010499781240241365,0.0005245575131632395,1.7816307934646922,2.0047069559504926,0.048618617363026626,0.019581809297335846,1,1.0703676710060606,0.00025113471461838245,0.0,0
3,0.6874429044160068,1.6765680402563887e-05,9.869279276719075e-06,8.07560483566727,9.075586535943959,0.033738643841996416,0.023272269950263703,0,1.204147865073138,0.000401521400579423,0.0,1
3,1.5865478573464373,4.9484859169845616e-05,3.241491301379265e-05,9.718424799760703,10.980266137553627,0.032342401836059485,0.023488537761717183,0,1.3910243331058303,0.00046560584659926385,0.0,1
5,1.717626457942258,0.0005937375865090266,0.0005182225247107536,2.928057184336081,3.2714086869521806,0.051298196324763734,0.03086079495756207,1,1.0747344975911528,0.00022157704200165542,0.0,0
5,0.5139707825968511,0.0010698935916988069,0.0006418457395798166,8.637994703483098,9.12714074599188,0.2321303862669325,0.1482428487656876,1,1.4175208099204868,0.008816830088840662,0.0,0
5,0.9950319964005983,0.0002119829110402545,0.0001898203382260159,6.066437106318216,6.4668676008203185,0.048648513573252866,0.024747644606437,0,1.1411110347157096,0.00010536604668066441,0.0,1
2,1.5796447448616537,4.3750044212429886e-05,4.330152275415111e-05,1.9937717031948543,1.9937717031948543,0.03214773542162321,0.01997420558492715,0,1.0758177678436809,0.0005117633362733151,0.0,0
3,0.784250379107143,0.0010170753015783054,0.0009265458023040762,14.123100594463464,14.609156002838827,0.20939729133064378,0.17892931856494462,0,2.0510754785850005,0.013544706093495488,0.0,1
5,0.6089936003957135,0.0005038368400412709,0.00027418936588266925,7.112100369605387,8.447824092951787,0.03198231582506629,0.01426731401187874,0,1.2728603240921423,0.0001337802178157997,0.0,1
5,0.7156868963450658,0.0003964440533109223,0.00022453590614311835,6.328832782672554,7.580318323189172,0.040148631521064654,0.02108014570180832,0,1.2675066866234428,0.0006424639527059951,0.0,1
4,1.0321494571462617,5.8891101920223145e-05,3.9224289770119794e-05,1.8587573557525896,2.0332509243945376,0.22615024905404535,0.14797576452593958,1,1.0469583273981997,0.009825991536149931,0.0,0
5,0.5550415276050026,0.0007748402594653218,0.0004930949806146854,5.425483893034209,6.112839717852084,0.04148295665721352,0.024622212214156565,0,1.398676933697674,0.0002561071735749889,0.0,1
2,1.2065858532094857,0.0007547629066220858,0.0005428583038958708,3.7041553787745514,3.7041553787745514,0.020233294713680895,0.012476399841430324,0,1.4224371431006648,0.00015483708430531244,0.0,1
5,1.4265415341027619,6.579717476086018e-05,2.0223347954803147e-05,3.511884880175409,3.9753992144243204,0.06291538955281553,0.028829796164476857,0,1.120741857826457,0.0006081106393903456,0.0,0
3,0.974134494597542,0.000216477827091797,0.000198993095167443,17.131123092509817,18.678957062548182,0.03544390080027161,0.022132168999010198,0,1.736996708239281,0.00019603678577626195,0.0,1
3,0.49553203966891823,0.0009108483608444353,0.0008989136445124267,1.6835862646246902,1.893898656396543,0.15491185844596317,0.12109018284113289,1,1.051288980511185,0.011977018783084221,0.0,0
2,0.6491163201879068,2.1223922370688013e-05,1.4838406841884632e-05,7.852612761899805,7.852612761899805,0.012066808037032651,0.007549263509827628,0,1.2542657387577443,5.335131643537992e-05,0.0,1
2,1.237487490523845,0.001179469359094008,0.0011780943872118058,3.286876355314859,3.286876355314859,0.030572698608587384,0.015786349304293693,0,1.437557516259926,1.1142683977852147e-06,0.0,1
2,0.7087949927318344,0.00012986271488801032,0.00012465221490570431,2.5616030397807235,2.5616030397807235,0.04779578051418948,0.03722297547180659,0,1.1445427477435814,0.0011098728863300547,0.0,1
2,1.714492519192639,7.548617894229041e-06,6.1102456328528265e-06,1.9459359046513445,1.9459359046513445,0.186064597016026,0.1567011965558575,1,1.0405020687291655,0.01570517082045875,0.0,0
3,0.46151451985734515,0.005156676255579963,0.003083052405635879,4.691068466291414,4.933689835442452,0.23717407826559517,0.1981230976394762,0,1.88007715975665,0.02291961302929333,0.0,0
3,0.5861040105288114,0.0007564778580191085,0.0004797797721896973,5.510903578428381,5.987984640442011,0.24802474694147397,0.18411567512871282,1,1.5788796067468764,0.014644120162833943,0.0,1
4,1.6554911969131132,8.592882372347773e-06,6.005581280375765e-06,3.553403971741127,4.004569245003392,0.054339105958742334,0.03899807400803803,1,1.0435732493806658,0.001296967493338972,0.0,0
4,0.9808507614379003,0.0009801064508763594,0.0009296682065140702,4.761614605737222,5.467772283689425,0.24212240228592696,0.14638615692097,1,1.1784018816539985,0.0047327285545876625,0.0,0
3,1.7888175964217243,6.235803475781584e-05,5.649880899781125e-05,4.557636362915116,4.779853737930301,0.24451338781455634,0.18467740640731833,1,1.2044338130722914,0.016096114095973144,0.0,0
5,0.681961406622865,0.0018353499430737684,0.0014295992622628073,7.1726801706649805,8.603232062694742,0.18302431063162933,0.15329442234654223,1,1.3550301616008582,0.010550631747830101,0.0,0
3,0.5007155095527156,0.0004951902626663405,0.00037742397075243297,6.035091883179428,6.451312776556344,0.07535621517673337,0.035041263344932835,0,1.3617195989169388,0.0023255329659597644,0.0,1
2,0.4997280983053342,0.00010454770413467865,7.078160607884298e-05,21.76090547896068,21.76090547896068,0.012788103348194836,0.010125680251290648,0,3.0490068330266453,5.9723271694084694e-05,0.0,1
2,0.9154527572917757,0.0007824517275173574,0.000781690461452647,19.06970928801507,19.06970928801507,0.18970670130208378,0.15706646002108002,0,8.355685489865095,0.018138706129484684,0.0,1
3,1.037659078255082,0.0005778609241111163,0.0004927074803349658,15.039895092779595,15.913153762916558,0.22105742605453838,0.1616860016924123,0,2.015037005004125,0.023439481390477405,0.0,1
4,0.7540197295589113,0.002054261059185475,0.0019016835828692597,7.124407945234828,7.800065472070453,0.1988315293369968,0.13803592840065423,1,1.4379294643898428,0.006541442414476754,0.0,1
5,0.535618925823108,0.0003281145774568139,0.0001843253013965107,1.5316414564958776,1.7593906085608593,0.028161772088592683,0.011214966305546071,0,1.0526456588664441,0.00024806978236540294,0.0,0
4,0.7874670840052322,0.00014268643688447084,6.26017008945485e-05,2.070435822154921,2.2251332133242863,0.47707349137298016,0.4084783856785915,1,1.1002528794442052,0.09733712415518914,0.0,0
4,0.8711702817611333,0.0017581456438995617,0.0017502119449642516,6.522393636102213,7.804925051223512,0.22773089789008338,0.19316854065634992,1,1.1169827381900677,0.026203250841241213,0.0,0
5,0.9158018531850375,0.002533087298006199,0.0018499612228176632,2.7782936499097635,3.179100195063989,0.45984991991192725,0.3891564953821815,1,1.1223473076999109,0.04936807314290055,0.0,0
3,1.2500433331214467,0.0007297228259053895,0.0006862179310788562,22.756148908692992,25.040789484438555,0.5365153665446013,0.44778876753093483,1,2.3509032028053953,0.14232777467216512,0.0,0
3,0.740698397877046,6.682658040808112e-05,4.709823124579216e-05,17.679603213150035,17.82000917473951,0.03877003692730516,0.026937909330692743,0,1.6511351593315426,0.0001736530395329582,0.0,1
5,0.5900590054082174,0.0017734673010091479,0.0013578518754441499,5.929914078609597,6.949511777482581,0.05050688023823811,0.03547439059696923,0,1.2489028916300184,0.0006724074139383186,0.0,1
5,1.5946624326610654,0.00032258742060689653,0.00020255430095380658,4.680312493046059,5.175267037768747,0.501164996368224,0.4024101977393463,1,1.1453164641474907,0.05591635153511106,0.0,0
2,1.331490985965568,6.952938639455104e-05,3.525998623485199e-05,7.392034676534717,7.392034676534717,0.03276430922915241,0.023618971215816728,0,1.3734308180981398,0.00030633738686124205,0.0,1
4,1.7735999132267701,0.002107359787663832,0.0008050167736156115,11.455570732969479,13.8110228117721,0.03312456159667826,0.009972910693173208,0,4.244217718881617,0.00021355440701464347,0.0,1
2,0.9479078005812193,4.007771053091773e-05,2.677448593588667e-05,5.481621861987877,5.481621861987877,0.22446765250621603,0.22066492810129665,1,1.2157697043081916,0.024971875029318996,0.0,0
5,1.3934225441940398,6.490934969502544e-05,2.178911309471957e-05,3.6231012966151765,4.126728370496347,0.03758691010169857,0.028513287461442445,0,1.132728056087991,0.0004752327038128143,0.0,0
4,0.5642855835883874,0.0009290821600520333,0.0008496990646498695,6.473460616363434,6.605310682900769,0.22703228420833627,0.1838537752017698,1,1.1659188043747464,0.025082427957108706,0.0,0
2,0.9142522783297552,0.00013008916486109709,0.00011924441119089654,8.798622793057337,8.798622793057337,0.1807894310413779,0.13843174076015072,0,1.595871162030463,0.015622373522831627,0.0,0
5,0.9375438293655814,0.0023499295608304213,0.0012166151552910546,4.7684273902987755,5.077521172790996,0.22654058524852572,0.16638011275218112,1,1.3942849966441648,0.019896480875344114,0.0,0
5,0.40745360386826446,0.00018077341867367606,0.00010700248983746435,5.116458610051131,6.435721291880695,0.21307631008235706,0.18740779021535012,1,1.1460288253363704,0.015098255119940937,0.0,0
4,1.1317327639095218,0.0001053067177287714,9.294046414673793e-05,2.8738329101860036,3.179310227886395,0.015210727739311748,0.010934077422630138,1,1.035788700209404,5.0413624257632633e-05,0.0,0
4,1.0384948485833085,0.00010910939443657731,7.769516517013214e-05,6.395967037178973,7.3319280929144215,0.0346986505180956,0.019233827543805485,0,1.1917334576738738,0.0002802166025884816,0.0,1
2,0.7781753269916005,4.437733059162117e-05,4.112413756967735e-05,12.248304174117045,12.248304174117045,0.06553063265523826,0.05886072700174529,0,1.5753045428814743,0.0014129419324825112,0.0,1
2,0.7111158008134758,0.0005942889146703706,0.0005858561210569596,9.687592865667243,9.687592865667243,0.1279394430202408,0.127009308699636,0,2.3887049330520127,0.0079823554211363,0.0,1
2,0.5386926133572931,0.00039965868818785404,0.0003711661221853017,17.054945279843306,17.054945279843306,0.3930585606224316,0.34066511077959594,0,4.05549207709669,0.07633820435581953,0.0,1
3,0.4132964563468223,0.00010529788800625374,8.060935797780063e-05,17.96130855612561,18.10094149443887,0.03785833203262014,0.017619877681232143,0,2.3796550941823615,0.0005654242687502955,0.0,1
3,1.1288325288768695,0.0013861037031504039,0.0013832667650936037,18.555477159584232,19.01333183520564,0.2286400035159148,0.18887725196100077,1,1.3151544038352911,0.01530148517303945,0.0,0
5,1.7470328638535393,6.882848748019464e-05,4.503937521111756e-05,2.6157379409662265,2.9213955672913845,0.5497503754802016,0.437151725704815,1,1.0555090050092286,0.1421332820243799,0.0,0
3,0.6359452750111447,4.852424510796935e-06,1.9865880021139307e-06,14.651163954773395,15.049994851102362,0.5073418485772582,0.41309955843581897,1,1.24211802081234,0.09408264213699884,0.0,0
2,0.7706511027983748,4.8109265036833066e-05,4.609586400679548e-05,6.697872791482894,6.697872791482894,0.06807626605322038,0.03548877930736034,0,1.289120999995737,9.355816939080561e-05,0.0,1
5,0.8980416894573535,0.00010923198913843724,0.00010523588378020371,2.568913776208124,2.7973476949807203,0.02552003415898266,0.014644906784848963,1,1.035351059184253,4.2134329176223944e-05,0.0,0
5,1.014000896504458,0.0013329368206227018,0.0012976757178059372,1.9482895740616295,2.1048002816188385,0.22990031024797947,0.1984963914243587,1,1.0344635084438774,0.02663833605749024,0.0,0
5,1.1026020155578282,0.0008420278534163008,0.0008008108884795036,2.469456688413958,2.771744899915693,0.19916248010136367,0.13261518898715874,1,1.0627560746772915,0.006438879506571731,0.0,0
5,1.3328626271251824,0.0009757695707113561,0.0007059055224035351,3.6997938227491067,4.408995498381023,0.02941181560296391,0.012570999185438974,0,1.0800801165176535,0.0001272581075752338,0.0,0
2,1.1138091698132602,5.18663957827118e-06,3.3507205672046446e-06,1.4107755048257626,1.4107755048257626,0.039577239011541615,0.029561170907238896,1,1.0257241748737236,0.00039959244660477887,0.0,0
2,1.0608814298527172,5.766142612943075e-06,4.84602035031797e-06,8.26566211943119,8.26566211943119,0.006202317972768297,0.004768889979054113,0,1.1668299836602598,1.6956932915313836e-05,0.0,1
4,1.440104827957836,4.059304294295867e-05,2.877671788015561e-05,17.375523667352898,18.525283494753666,0.4782964040383677,0.4116754989660675,1,1.411000695322184,0.11371857815246701,0.0,0
3,1.1469805762848053,0.0012021213060072885,0.0011720758387396347,21.186270484215804,22.292902256658746,0.5293996981213486,0.39180449840354,1,2.008331315232904,0.15106589809333076,0.0,0
2,1.1054171987417283,7.284151996297528e-05,3.7351409216059654e-05,3.820694557119853,3.820694557119853,0.40974095583764253,0.4041243630144187,1,1.180718308679205,0.08532184298890641,0.0,0
2,1.118882775009824,0.0003614584293728625,0.00018628666496835203,1.825241355371983,1.825241355371983,0.04800338548685093,0.02724742804642178,0,1.1448994051974888,0.0005568084816209047,0.0,0
5,1.5069056281291986,0.0001873978292681559,9.412475627494956e-05,10.664697831664347,12.90862224848992,0.5416655883992691,0.4047822538872331,1,1.2056416428133305,0.05354392187312564,0.0,0
4,0.8543866210918472,0.0012183617384535137,0.0011594297486390284,4.391165749659642,4.76620814375108,0.20678086412682845,0.16024077425586475,1,1.107226956674342,0.010895523646420331,0.0,0
3,1.6180361038202156,6.608312184565822e-05,5.219707611630907e-05,3.4521678297916303,3.8214730753017254,0.03162745280223273,0.025266311943009236,0,1.0901574351758259,0.00046196771022465635,0.0,0
3,1.6072930399071776,0.0006608962826837053,0.0006018824471968993,4.544073939445652,4.827384863275123,0.01825292659190396,0.009925447750649685,0,1.2022919508444263,0.00015640958362173486,0.0,1
2,1.4506218830584723,0.0005469231433128029,0.0005464708563853302,4.165769555412716,4.165769555412716,0.03755236412428162,0.02341217514574756,0,1.4275721823483185,0.000704852274945408,0.0,0
2,0.4188956656259342,6.742079893609981e-05,3.5822180963975654e-05,3.0073277941342096,3.0073277941342096,0.04194722821299289,0.035634033869164895,0,1.1358449589679431,0.0006643965092495825,0.0,0
2,0.6163186530868142,1.166879863564966e-05,1.0487385435221737e-05,5.5905097091853895,5.5905097091853895,0.03534939267244713,0.034801984329023344,0,1.1410679841106255,0.0006209698093158671,0.0,0
5,0.7173451974838196,0.0016542291709936248,0.0013751042291157858,11.955855279196745,14.75893556395254,0.4538299935130281,0.40552597575836724,1,1.2782753762648924,0.08340501066553697,0.0,0
4,0.6103080499944431,0.0015360241208706832,0.0014789469144802514,18.293687238007415,22.2200661268479,0.056315614865344865,0.03047121150336627,0,1.752190649991553,0.0015732503941297126,0.0,1
5,0.558429648049027,0.00022934639589750427,0.000166584769044825,3.4764915101429072,3.7814814362093476,0.21963871366619664,0.17320455979646443,1,1.1228813338688572,0.021042071539062995,0.0,0
3,1.209027015322667,7.514813010642365e-05,4.1939133959620516e-05,9.208823523302218,10.138143861923627,0.49570313574228275,0.37578479829057304,1,1.3985992767140514,0.052245431813103205,0.0,0
5,1.594637088269744,0.0002155595194947055,0.00011991773391422278,3.8941725712620716,4.789755617763797,0.042971151278385446,0.024712673273578952,0,1.1633060996888311,0.00045069004616474993,0.0,0
3,0.6553943161492841,0.0009481967417074776,0.0009408071059846991,1.6574404194873011,1.9836231397834818,0.22155561605107432,0.15632110863094836,1,1.0479075160047957,0.02472973344719065,0.0,0
5,1.3518649617399179,0.001347739228101937,0.001040674892517527,2.928733336332456,3.237348832038046,0.49817610393569633,0.43403974634771625,1,1.0695555752768464,0.12495486573393122,0.0,0
4,0.6307541033367835,0.00010866220270461557,8.368085557789228e-05,3.0301865117334015,3.316497450431079,0.24603273493737626,0.15832727747012526,1,1.0960127901092789,0.02623010438351653,0.0,0
5,1.1892350508353973,0.001497161749354266,0.0014471098795372818,4.112525452075676,4.876105334339661,0.01714025038692987,0.00892944671197451,0,1.1006591479572256,0.0001434969613110296,0.0,0
2,1.0483487122524826,2.526980721585747e-06,1.4683579149243192e-06,8.900765455262093,8.900765455262093,0.43262167793079076,0.4198039020392546,1,1.1344679800488024,0.09333466952501115,0.0,0
5,1.4760907000152872,0.0007199731904023383,0.0005586952485965494,2.8980506486871676,3.455532359623705,0.24472101014521058,0.1563433624784834,1,1.047426150163843,0.008248678854754037,0.0,0
3,1.707678359850134,3.5741673622693984e-05,2.623458711594163e-05,19.306723710643524,21.119716297632035,0.5415041936235132,0.4323411751295099,1,1.5345909564343765,0.07248675285625962,0.0,0
5,0.8012750950553633,0.0004023306881165468,0.0002353527781907367,6.51096640955698,7.521819908815454,0.03692530248174772,0.02716364388188288,0,1.3390091062441793,0.000220516714519291,0.0,1
5,0.5021701478382333,0.0005706405894862647,0.0004091371680194014,5.190394510884339,5.7629061203755505,0.24125072561125815,0.15507314859187454,1,1.1517688809416413,0.007634296765433868,0.0,0
2,0.6988581973929797,0.0013345749489344215,0.0012488594473732161,10.636819588896993,10.636819588896993,0.021134829643047054,0.011067414821523527,0,3.6416061091152234,1.001778871179203e-05,0.0,1
3,0.7528998038914966,0.00045966703558879377,0.0004370343222940872,4.714832768149134,5.499533371714982,0.4759528151830398,0.37597284798240366,1,1.2033522692790488,0.048601952658144765,0.0,0
5,0.8889867627525203,0.0012603006610392635,0.00043774351076147824,14.806625510176499,17.722899954074688,0.5301458198148458,0.43462477472609373,0,2.8847542559552655,0.12626620585277082,0.0,0
5,0.8429709729481459,0.0036065555691955254,0.0021526685718913008,6.976134632752919,7.317513101979415,0.2423677574280133,0.15813421738345007,1,1.1850365887800822,0.019387750906482683,0.0,0
2,1.54667212527142,4.657311794601295e-06,2.8484262776724036e-06,7.4559818841576275,7.4559818841576275,0.03889590316459274,0.03420122878428884,0,1.1383499873066016,0.0005635246869767599,0.0,1
3,0.6476532248694822,5.7556294261503554e-05,3.73198203654239e-05,23.528954972968908,24.289280395961136,0.0036767907416638303,0.0023442256297249472,0,1.9702813849454284,4.120581820839023e-06,0.0,1
2,1.4524174621206218,3.114747485939922e-05,1.7129967769670308e-05,3.8516921047524435,3.8516921047524435,0.050386170077923106,0.04138955547441446,0,1.1344122886443808,0.0009424702761672728,0.0,1
5,0.8908591565092097,0.0008290431856074415,0.0007143892377881913,12.071453441015446,14.19994161712664,0.046148341828057424,0.02132528761692116,0,1.6218649460952679,0.0001734788131056295,0.0,1
5,0.8691259133709597,0.0007126153558956443,0.0004603531372177469,13.777470050346256,16.01339991981405,0.22331522352672528,0.1843040451428754,0,2.328698359327644,0.017200609489107312,0.0,1
3,1.7281804252517703,5.2511505694201065e-05,4.840572384309203e-05,13.950407048071133,16.249900413309312,0.4832769245463342,0.40986080708305916,1,1.708680196430065,0.11756226048430059,0.0,0
3,1.3135318074902367,0.0010683749682651833,0.000655910442768595,4.43080304667443,4.439615400775869,0.18130205512684833,0.14564501242672037,1,1.496408006033023,0.014255093209482811,0.0,0
4,0.5499073147667164,0.0028991385538388393,0.00249844118850651,6.436482841008912,7.253255532027272,0.23361848898511456,0.1571109514126915,0,1.9080813064667703,0.010543679989823926,0.0,1
2,1.3235329508350149,0.0003300551930752007,0.00032799094286544236,2.7685219324236763,2.7685219324236763,0.004673770299899984,0.002836885149949992,0,1.2205248272175093,1.0861106088213877e-05,0.0,1
3,1.125192890438755,3.9095629132819243e-05,2.71436688361585e-05,1.9854290709623112,2.0334613863935456,0.21753199431513465,0.1892522005513407,1,1.0483482298608051,0.019840891035595484,0.0,0
5,1.0104867854544457,0.0011441654004000455,0.00066208111106596,13.758698699110708,14.542618421057313,0.0540992023499538,0.025621649690567676,0,3.1175925649958702,0.0009874060946059298,0.0,1
4,1.6452295604889393,4.030454649177748e-05,2.4840337372831517e-05,11.717423529017996,13.287890312927809,0.13590779614702844,0.113178184287334,1,1.1876477793300584,0.007784967048748118,0.0,0
4,1.051527278083987,3.790008467194381e-05,2.7175135127993813e-05,9.687966548607482,10.709182894343314,0.03198740732892661,0.018744918616050047,0,1.2199263173506867,0.0003263846068873279,0.0,1
5,1.7863636030568304,0.00023075071357326363,0.00022225530890068997,3.554777850565625,4.083942005425178,0.028608696800208333,0.016061592534913023,1,1.050957225174151,2.0210821749614347e-05,0.0,0
4,0.8440655265388578,0.0020011376562992424,0.001989188326949677,2.1625144811509007,2.365699029510895,0.03394546412802128,0.01940170550318459,1,1.0481789639534769,2.2140176722302202e-06,0.0,0
3,0.638268033588107,0.0015102787338816019,0.0015081381085540724,7.893676834812697,8.359171833056658,0.01276178707339293,0.007271884308921161,0,1.1256338189447554,2.1360816466467855e-05,0.0,1
5,1.6948017700975289,0.0003150342639104923,0.00029345056284038525,4.793898592929246,5.737926953669177,0.2254967908933871,0.179753477208979,1,1.1278763504644758,0.0084208314404565,0.0,0
2,1.3729510911496239,1.613428061637346e-05,1.5672009927531618e-05,1.6636614084889128,1.6636614084889128,0.2259380018209743,0.1978187951469372,1,1.044695015644922,0.02553757754218023,0.0,0
4,1.464683141724273,0.00015811852930669768,0.00013451959025670356,2.264321216732004,2.598788912088626,0.4231726847180344,0.3435575606768364,1,1.0629614130505016,0.07826551106974117,0.0,0
2,0.5542788485943335,9.057609022543185e-06,7.832446823195816e-06,3.5368968973938557,3.5368968973938557,0.04126863010358505,0.037539560873860414,1,1.0797137270758421,0.0006088054478880795,0.0,0
2,1.1110975538733252,3.193621166473276e-05,3.126754266267147e-05,1.8519165503909893,1.8519165503909893,0.039165082601289716,0.02014303100541754,0,1.063022996486309,1.6362422649054633e-05,0.0,0
2,0.5528583850981648,0.00019460708468910083,0.00019334001284899332,1.4939238531146386,1.4939238531146386,0.004885150922145469,0.003991065164648717,0,1.0942469015441725,1.1884547313310882e-05,0.0,0
2,0.9486713256689875,0.0006428195994625891,0.0006414847030282059,3.6457177380671726,3.6457177380671726,0.032793307864151,0.017271588807433305,0,1.3889458714433573,2.7733479274104168e-06,0.0,1
5,1.6708954168905295,0.00039430197660398855,0.0003592164573028911,3.5272645916196876,4.26380371738831,0.03581664364698489,0.019830629925683976,0,1.0842177878492183,0.00023520436686075811,0.0,0
2,0.4632471274323539,0.0022330226469304084,0.002230333129972141,1.704178687357919,1.704178687357919,0.2049185506972132,0.18093166531266752,1,1.2612822826464838,0.012404107921243532,0.0,0
4,1.785710365802058,0.0001013432029628451,8.083723560922901e-05,14.40678484472288,15.648456189936965,0.038789428082968855,0.023424935796598583,0,1.5791746676940994,0.0003480268015610926,0.0,1
5,0.4432665448048332,0.004226260419960223,0.002718776601313666,5.375067471921434,5.808356669566683,0.4337102289266018,0.3595685728322229,1,1.3590828676698885,0.07482856787804457,0.0,0
5,1.0068434723724875,0.00026438533126786016,0.000169762813856583,2.4650062699788053,2.6822971246856184,0.500233015419487,0.35819548165063525,1,1.0661084723142067,0.042206712210415914,0.0,0
3,0.46986286455397935,9.338590618514086e-05,5.467098915445993e-05,3.8902571917683257,4.215737884788506,0.04221108551914213,0.02298257652056104,0,1.173427528758334,0.0005337290400803631,0.0,0
5,1.291862508213052,0.0020514723963933044,0.000989112182616417,2.4398597116159815,2.6841264802080262,0.05191352510858924,0.03435884842609912,0,1.202690096891124,0.0007356639764432896,0.0,0
4,1.1371999548275906,0.00028170707206180175,0.0002289947670837438,8.784845581686774,10.610263623801286,0.23298511032870173,0.1977980380878012,1,1.1869144899862216,0.027121700651963992,0.0,0
5,0.4749504361858162,0.0009335185326819784,0.0006757296541367712,14.497180530208718,17.361191251084364,0.24443733851761956,0.19777993680306388,0,2.4621444419244907,0.018350096371045687,0.0,1
3,0.5909638502669409,8.695213878276954e-05,7.681543634969272e-05,2.7819819401066335,2.7971139838418946,0.026211647361057255,0.01905637710095182,0,1.0646305058849912,0.00016822159719151773,0.0,0
5,0.570535980313221,0.00023071367230758304,0.0002176503768899706,3.265179728915357,3.563836238653073,0.02890121263725042,0.016524408666607003,0,1.0499443510905178,0.00016539067126005228,0.0,0
5,0.7852538879786797,5.546203320174009e-05,3.7994241145159785e-05,4.5462132375748885,5.067476783134073,0.038697162758163296,0.018862406426794768,0,1.103146182454147,0.0001505769001231934,0.0,0
2,0.9468740561475099,1.5882304869455098e-05,1.1158073961121275e-05,12.094415166555551,12.094415166555551,0.23699107935255675,0.16429339897898987,1,1.3735008403629432,0.0207166168983981,0.0,0
5,1.5750556893884213,0.00034874048458068455,0.00020941431165731118,5.152477250709676,5.730050764970872,0.04545972843916041,0.03139890632153038,0,1.1787057776293017,0.0003313591600271657,0.0,0
3,1.5319776764823168,0.0005210588361852326,0.00045437731307349313,1.6436349442341185,1.7423885120161522,0.024383596715216452,0.019157371846834078,0,1.0717922631975414,0.00015153077142541227,0.0,0
3,1.0293134833028952,6.746459198383546e-06,3.94764945999559e-06,3.4271524996846825,3.882945827056635,0.19367190246548532,0.16507443297698396,1,1.064340301263091,0.016045459176885827,0.0,0
2,1.534012386178878,5.147307417615906e-06,4.268573416086734e-06,23.021541197200737,23.021541197200737,0.032866859180058244,0.030673459800794937,0,1.515968904745987,0.00043138648813835387,0.0,1
4,1.0632260181098458,0.0012909202923372936,0.0010386207252735622,4.034256994728665,4.612751516992485,0.029383226261160564,0.01605734430051165,0,1.1663390903045954,7.7787335271382e-05,0.0,0
3,0.9010672725374544,0.0016479125859941515,0.0016358568031661492,3.025852165499246,3.2695201789442874,0.35141357277647933,0.31310763441541223,1,1.4525830371523276,0.03429530814799638,0.0,0
4,0.7652335470968168,0.0020109740939867945,0.0017927729217442684,17.626603224137757,18.534222407734628,0.03873367304129151,0.02175353100773194,0,3.141156918837074,0.00042654207587157993,0.0,0
5,1.6425260869562277,5.259515444940601e-05,3.136208765429794e-05,3.8172674252928016,4.086797794750745,0.2101658576289469,0.16484622049693343,1,1.0708148428677133,0.014050878384681673,0.0,0
3,0.9975670141679263,0.0002166150097423661,0.00017439277724337312,1.4931471338850157,1.634071710656039,0.21731495540470436,0.15875149848527856,1,1.09224557978615,0.013386920430224861,0.0,0
3,1.5224739344481972,8.0793652830489e-06,6.9175954968786885e-06,2.384484653914311,2.442831773091803,0.033444327317792295,0.02880955437877401,1,1.027724660687875,0.00037458985600469393,0.0,0
5,1.1611046738043824,0.0013807734105236787,0.00111933717646925,2.641217239616335,3.054362635423761,0.05885043319701405,0.029062975533924923,0,1.0965972800539476,0.0015105412854536132,0.0,0
3,0.5718472698431161,0.0028352727799996784,0.002787403977246538,2.9961109610663064,3.4066525937551444,0.043881937259005535,0.026772941642106394,0,1.5559540518672186,0.0005051762609239954,0.0,1
5,0.4263878688803459,4.465526543493977e-05,2.0156161797341426e-05,22.766721146005164,24.23800855665806,0.0342139066271893,0.018812906250441956,0,1.7239554764641283,0.00021530563018288927,0.0,1
5,0.5528942866221951,0.001596915488333822,0.0006174248810147561,11.244575211030776,12.47222297063918,0.48140176134438345,0.3670673706764789,1,2.4269045038058934,0.05808837482492312,0.0,0
4,0.7762462893346094,0.0005935625840536333,0.0005759796835831729,6.466844916760874,7.169986814181715,0.06411222114534468,0.032438274890288755,0,1.1653078262024508,0.00012869305155664292,0.0,1
2,0.8396371478930903,2.8521783298936618e-05,2.2300480528461667e-05,2.3623995956016084,2.3623995956016084,0.19128214095939172,0.15541822905093883,1,1.0779758825608574,0.009684067403021947,0.0,0
5,0.6579576906429077,0.00010444881947209637,3.878302116300232e-05,5.025033248573297,5.572253420182369,0.04708015705086821,0.027775037474218812,0,1.1911793345773707,0.0003644230451650929,0.0,0
3,1.626194393607364,0.0008230192686793749,0.0007984783078503831,1.530817688568109,1.5553492202893087,0.024154464397277947,0.01701670476363387,0,1.160926257974152,0.0001155933872953836,0.0,0
4,1.4020751587541644,0.001537944447948297,0.00116047821815341,17.780584529287545,18.79398105199635,0.22934153266041418,0.18221375521803101,1,1.4756952098574927,0.017647497110063595,0.0,0
5,1.3228768626915464,0.0019089738466934088,0.0013184030977384997,7.324394267245244,8.007063971963413,0.03682855867200578,0.018611392797874056,0,1.5579946206796749,0.00014499822371834623,0.0,1
3,1.558949546199273,4.010870579379137e-05,2.0529617677114252e-05,1.842872828803244,1.8779783527876268,0.024035038605965404,0.02227154936051028,1,1.0550968560760656,0.00024713465946292614,0.0,0
3,1.0356968031951572,0.0007167017455038027,0.0007094826390743686,6.4716313454588645,7.700886068758633,0.5255869009825158,0.4677251167132898,1,1.8380810304304007,0.1465382297868882,0.0,0
3,0.9632445095159126,0.0005164665020845178,0.00043675338725256943,3.4666045530527123,3.532259886772338,0.03193302077687334,0.026598474297563693,0,1.32418796287774,0.0001888774298849376,0.0,1
5,0.8050075982564993,0.000894375344049007,0.0008506286106384828,1.8642655487127318,2.0774119112448854,0.04304877176077905,0.02495659930471384,1,1.049405804116734,0.0008953354736482582,0.0,0
3,0.9376948449463367,0.0007921802835884112,0.0007501054227878154,11.676487676530312,12.139738459728662,0.021193526082193673,0.013284173657271206,0,3.1863152221166846,1.996726982128724e-05,0.0,1
4,0.6370490804602975,0.0023737711127066424,0.002252477656028992,18.296563786727702,20.697694709838913,0.5325417875078613,0.38064170239070083,1,2.48286661131502,0.05169888456450009,0.0,0
3,1.4249251859095284,0.0007540627724489564,0.0007505965378903868,4.381113394163782,4.5815965076421605,0.028668546880264226,0.023399610936796888,0,1.5178293724739889,0.0003500416833661433,0.0,1
4,0.8579620020048175,0.0008377251858155231,0.0007499557670402694,14.250073277004866,14.926474616925873,0.03267718337806007,0.020040594541920122,0,2.0223332159462575,0.0002016886479223467,0.0,1
3,1.720427315743963,0.00010669549038190002,7.836662962733046e-05,17.086547523810953,20.082229362484036,0.034725522628484995,0.019027633294565166,0,2.2928575870615817,8.83823301404445e-05,0.0,1
5,0.6493610356326238,0.0025603089603112392,0.0016226645830117676,6.47779726914612,7.016626313019155,0.5190455192810918,0.4164950928089365,1,1.2319029430163146,0.06759450161180139,0.0,0
3,0.9948113975088808,0.00029849022078796956,0.00028434738782582783,14.257192700921191,14.792300738764299,0.0219588078469039,0.02047808658211664,0,1.4735135485217927,0.00022797342612806948,0.0,1
4,1.4805181209181906,2.5142752892069223e-05,1.394287475098174e-05,2.5421031772404348,2.892062050975158,0.2446034758855527,0.15728786907026657,1,1.0580742631148523,0.007923412095594077,0.0,0
2,1.1556742342404118,0.0007058939192414683,0.00069457615666491,7.419354181362302,7.419354181362302,0.023720782907383834,0.01839343046141614,0,2.0126825201885437,0.00027887990597525033,0.0,1
3,1.1499783363471685,9.082917064591614e-06,5.854982274379254e-06,19.640063087971942,19.733743416222673,0.1281252527330018,0.09981175762174259,0,1.4644038833496074,0.006737597672884991,0.0,1
3,1.2841777047617455,0.0016802728783849475,0.000936650402690844,10.026967842569807,10.406346908971969,0.20625083708124425,0.15392189983645346,0,2.659220405005689,0.01173118221686369,0.0,1
2,1.6865643904550862,5.913012384975738e-05,5.773771898535682e-05,2.47788127619595,2.47788127619595,0.031080600346943092,0.02783609654361914,0,1.1056546866395225,0.0004787220740143067,0.0,1
5,1.3184709921977045,0.0005417812686781005,0.0005267801079023073,16.164138470948032,19.303246032959777,0.16105707388919632,0.1305655185759733,1,1.3658804238833466,0.005488448294082552,0.0,0
2,1.281879360721591,2.1951170057307717e-05,2.0555759268589867e-05,3.2892194673732935,3.2892194673732935,0.17632866493835203,0.1479208619122113,1,1.1005579645383623,0.015111845376976239,0.0,0
4,1.4743718705384792,0.000725793326269975,0.0006981013210277221,5.950503767021983,6.780466846224331,0.03498101757995595,0.020221979791593472,0,1.1811559724650746,0.0005910159771392583,0.0,1
5,1.6897225480307743,5.476940546423895e-05,3.2530574842793566e-05,14.605203197171765,15.81925898873143,0.06343958035830953,0.018891649130435305,0,1.4670744269377707,0.00012625118463636633,0.0,1
4,1.2611406821412081,0.00016956936962118482,0.00014820053725856817,2.7471048210601494,2.8843755857502558,0.03145025161950063,0.015863455540327226,0,1.077197096292948,0.00010920473123275776,0.0,0
2,1.0586908109029174,1.4199122950577837e-05,1.1790295870321367e-05,2.5237196757156632,2.5237196757156632,0.01480020930733579,0.010730408196204064,0,1.065632815498964,3.7262726451395e-05,0.0,0
3,1.2803504542990123,0.0009149068140512107,0.0009103915421786086,2.6083888477553288,2.9529553872803245,0.01924542923020192,0.013729685487427146,0,1.045862439810731,0.00016237875525739926,0.0,0
5,1.515638273442126,0.0018622927079839553,0.0012010249180371304,3.3336914317811512,3.672453618477835,0.4494526687376702,0.36973090386861374,1,1.259130944833303,0.06204111510172951,0.0,0
2,1.1005251471997082,0.00017604010574881986,0.0001599538365329199,11.261982005730673,11.261982005730673,0.11636289225825086,0.11230133262703013,0,1.9488524844049886,0.005943590813240084,0.0,1
4,1.2872778368521247,0.0003137187626715281,0.0002915500454016381,2.577970606294296,2.732643927995211,0.04533455065746379,0.029649364423628366,1,1.059455307540004,0.0004525782485891705,0.0,0
2,0.6506078400199816,6.036282336774083e-06,3.875668858126938e-06,21.929877201472774,21.929877201472774,0.01583729490922712,0.014270264422136076,0,1.5188689104583502,0.00011080993533821449,0.0,1
5,1.298343684302485,0.002364077755269177,0.0014447372644382616,6.859736735307779,8.061794128922044,0.5112739663964729,0.3886913157926706,1,1.3617679281562798,0.07303337532940508,0.0,0
2,1.5841243890464118,0.00017914939092974694,9.563067558435028e-05,19.858467302543566,19.858467302543566,0.04856914654707111,0.024784573273535556,0,3.4167655388798517,0.0005099915271858316,0.0,1
3,1.6568310617881457,5.879122284206542e-05,2.251653942863861e-05,4.706004996306184,4.995835673450134,0.15537780804609086,0.12549727149396106,1,1.1760704147596053,0.00831184448323551,0.0,0
5,0.678156761558379,0.0015697852088743303,0.0015376356513935097,1.6123931542368977,1.914105185148147,0.21408523538540736,0.15433568881147913,1,1.0323826398233078,0.02285835049731392,0.0,0
3,0.7454249652541818,0.00021278527266545738,0.00020043953489238842,7.243849251531937,7.358503532190914,0.38187949716570635,0.3291364472001709,1,1.190436655501345,0.0546994625556736,0.0,0
4,0.8972143442196743,6.295841516522837e-05,2.574469657302702e-05,3.357765421820679,3.7713128347940725,0.03710691525563563,0.017520469607247444,0,1.1149200958432335,0.00012599337222528035,0.0,0
3,0.5270605006708311,2.3657856479852017e-05,2.02571663597345e-05,5.807568328772885,6.051760196138121,0.011508328156654892,0.009854869632108243,0,1.1832815287744338,6.202742862650695e-05,0.0,1
2,1.617060742239905,6.0265367950416677e-05,5.864893317278075e-05,2.0726727299961327,2.0726727299961327,0.18482409542497816,0.1697277881769962,1,1.0882142963648624,0.017092666173427078,0.0,0
5,1.2310046524282638,0.000415515603386855,0.00035387949630495073,9.535347958394576,10.320258121553202,0.03463097655729617,0.01988991002085425,0,1.4245448949470274,0.0005202112242095826,0.0,1
3,1.1951835844858745,0.0009209314842346701,0.000763056681381287,4.175981697092,4.320018314254284,0.34038470009161553,0.31178411867460804,1,1.2651835046929896,0.05133410050699077,0.0,0
2,0.6846507743833097,8.07408579848119e-05,7.080282219819884e-05,1.8935290244374308,1.8935290244374308,0.025280244921040845,0.01893135215427509,0,1.0888702502758902,0.00029073114293415346,0.0,0
5,0.9268082109383179,0.001408465137324707,0.0010526496969533018,4.231675304911007,4.750148031495604,0.21995048411392093,0.17896149170240977,1,1.1968661824798974,0.022590605074487635,0.0,0
2,1.4523582440424934,3.7110417573727253e-06,2.7720142598935923e-06,3.332168996900566,3.332168996900566,0.04198885868622526,0.025053711913485315,1,1.0551265091046957,0.0002449173936862471,0.0,0
5,0.4487573248552328,0.0002909226380590809,0.0001918715204148458,2.451795450146482,3.018543735819209,0.044225439773839234,0.028139454737134934,0,1.1153565536557812,0.00022869811483522165,0.0,0
5,1.529975126112891,0.0015984461142007332,0.001116236043136649,3.869863129226412,4.301647780983247,0.5103690150893213,0.386058585781694,1,1.106652460984612,0.07854496434449873,0.0,0
4,0.4701029155018352,0.0007638529248610366,0.0007478468568990791,5.846598779458996,6.768644627440147,0.027700617893336284,0.01902300669175958,0,1.1987180737751826,0.00029636330878396396,0.0,1
4,1.003540765120114,0.002307992070605655,0.001323737179064058,1.7536786234425505,1.821571909150129,0.04424271401449317,0.019708475400793207,0,1.2148116044338237,9.056418575575451e-05,0.0,0
5,0.8227803646887978,0.000473771809176602,0.00028564100676211723,7.459909755996943,8.180195142755046,0.21231252559700076,0.17895420698588146,1,1.1500874518924769,0.019979808463179562,0.0,0
3,1.2464715954522705,7.346589970942088e-06,2.9453901497555847e-06,7.88023112604594,8.042844616698765,0.026474764513312044,0.01858823795508974,0,1.1449016433666452,0.0002115865728132896,0.0,1
5,1.557764967120452,0.00010516162951050993,6.639355438989399e-05,6.121321031242189,7.525126873560135,0.24742766283475304,0.16392003047532538,1,1.1581316377190458,0.01067274813257274,0.0,0
4,0.8085522595882455,0.0009552282775990345,0.0009378240771850674,3.509339538158334,3.8727274127775613,0.05067098356135155,0.026559863189399804,1,1.0962343812919018,4.723197213183512e-05,0.0,0
4,0.554885873191379,0.0004521687676092798,0.0003760025301648463,2.213303716184795,2.753644887765098,0.22603961988295773,0.1694468642265709,1,1.1187854530651715,0.01449260217768487,0.0,0
5,1.0927664999631006,0.000778019364529174,0.0004886361890321686,5.1678283232217455,5.614195291846675,0.17699939984429747,0.13392606252758651,1,1.4122264679807597,0.010110833565407503,0.0,0
3,1.25373751036761,0.00043569969562525483,0.00042265603328978704,7.236650656436195,8.32692117994155,0.028758560018053842,0.022785387266316362,0,1.2598708427384473,7.141729429238306e-05,0.0,1
3,1.711997242256325,2.5054000525891726e-05,1.7520710350984714e-05,20.2206372304196,22.04069353297434,0.030329043758618897,0.015058915671977353,0,1.5142003902708003,0.0001319500834816557,0.0,1
2,1.047097125730401,0.0017912889444137944,0.0017802308939650425,9.609033431575298,9.609033431575298,0.017845232606524125,0.016089977098842606,0,3.623056078079274,0.00015901129355896416,0.0,1
2,1.4872351396811576,0.0007167862120126399,0.00067689415655879,9.127061716424862,9.127061716424862,0.43878045897848117,0.4103971005360242,1,2.3950311274024445,0.07692182867489791,0.0,0
2,1.5023929415172308,6.257645789500341e-05,4.782758580450543e-05,2.5780309184763515,2.5780309184763515,0.48866592977030054,0.4008457125132144,1,1.1123712104656447,0.0679787084380746,0.0,0
2,0.5359759856912192,0.0017341796974387474,0.0014205831068264344,5.7913443947029855,5.7913443947029855,0.01914583284093348,0.01461013300241664,0,2.0921580597316,7.993248659956027e-05,0.0,1
4,0.5960293755474206,0.001553227962146158,0.0006464936193264903,4.384600806356979,5.134023275621768,0.5052757454179124,0.3939529984329188,1,1.5564754665784184,0.09491812142748039,0.0,0
2,0.6077087090755156,0.0015701515294809496,0.001220798935596879,4.872018617106463,4.872018617106463,0.030441200266503918,0.027884699391796067,0,1.8160962103772047,0.0003577211860728788,0.0,1
5,0.9241076166120933,0.00031938107493720627,0.000304207169515912,9.394099069213764,10.522883797440398,0.030027442495861374,0.01875753108214013,0,1.165555043224135,3.35204955001969e-05,0.0,1
4,1.4379290065433232,0.000829769090447549,0.0008242435510737993,8.785368416779283,9.188705809963164,0.19724883652610095,0.1766973071279525,1,1.1165346836278955,0.019596352286071667,0.0,0
2,1.0384924713403205,0.000685137078200532,0.0006831943585768721,18.722217328119676,18.722217328119676,0.03443250862366329,0.029179093986250026,0,7.045240970211482,0.0005925203534588335,0.0,1
5,1.4663526938392115,2.171463292497177e-05,1.2475371709551031e-05,5.947468007392746,7.27363311263864,0.216980196967263,0.15043873402174973,1,1.07583489802542,0.012290421786675972,0.0,0
4,1.4563843501361935,4.9872265415940887e-05,2.642772884858902e-05,5.671678413365195,6.440300002509031,0.06909787669271636,0.02559281315010122,0,1.2019599225912325,0.0012480722977288778,0.0,1
5,0.49178326476076933,0.00028303916097943883,0.00019750908737565872,13.890616341714663,16.349140322302393,0.03876762046151443,0.026508980546518346,0,1.4155455944867399,0.00035347569422707346,0.0,1
5,1.123052815896393,0.0008072841559184354,0.000749576045571305,14.67912812993164,15.29696667490698,0.03851920780445569,0.025822171826044966,0,1.3058320065260303,6.853384121453961e-05,0.0,1
2,1.4738680391303467,2.28867614991932e-05,1.5523788483909803e-05,2.6621088271572275,2.6621088271572275,0.21557068486918934,0.21060178395529625,1,1.081800567945157,0.022835171812061718,0.0,0
5,1.2645781733402668,0.0002719823694834689,0.00021254806399934132,13.425484530410756,14.868991708509444,0.23701303570210935,0.1416901666584623,1,1.3003213497348367,0.021960384606760912,0.0,0
4,1.4497566916315572,0.0009792127665821187,0.000684242454078815,7.55263610009979,7.9220816903419555,0.025046690284224238,0.01651001745373199,0,1.167065553038626,0.0002721895165010573,0.0,1
4,1.7400801941365498,2.8155256500695017e-05,1.6510136788868555e-05,3.023423689180376,3.2503501362923632,0.023494664148729767,0.017483933535461536,1,1.0542174283984123,0.00010957554997454633,0.0,0
2,1.1171663367961653,0.0016048550890004744,0.0014626869764531659,5.326031417142085,5.326031417142085,0.027821640567539014,0.025920616226739607,0,1.9327239532729248,0.00037645000820845346,0.0,1
2,1.1816069013835748,0.0009390614514177585,0.0009103616378325564,9.746598250975618,9.746598250975618,0.15326094388230502,0.140163989470117,0,2.805198723326415,0.011656384580421343,0.0,1
3,1.031804022528962,3.673590569479152e-05,2.1009078550473304e-05,3.6594317335791833,4.147375563596811,0.3781448941316342,0.3171251233528682,1,1.120780651462646,0.06023778229945964,0.0,0
3,0.762394130213592,0.002333699584663616,0.00188798679412571,16.799652095123616,18.20821760048588,0.02860843920110586,0.024110699460039766,0,5.623284148312664,0.0003541368195056176,0.0,1
3,0.4552336237672605,0.0003579467610870382,0.0003493907199740501,5.02703310827601,5.798682758632667,0.052524214712357506,0.036781156046059964,1,1.112912447971327,8.49936130532215e-05,0.0,0
5,1.0154973162141006,0.0015459831580266151,0.0010905114267413198,6.119359657823994,6.907174512934837,0.2492107852836663,0.15037980344477703,1,1.0854810586580332,0.00859838211648888,0.0,0
5,1.109674259303524,0.00029131271681027694,0.00021234924661524097,11.099731748343432,13.334823621640966,0.035285452144178435,0.019060381676363498,0,1.4931861515607674,0.0003650186410828261,0.0,1
3,1.1904109478964173,2.3578087367303893e-05,1.2812226753232038e-05,3.2234477967404196,3.4793809224897956,0.03170643800683339,0.019663052332614988,0,1.0895938411619746,0.00018754734250674455,0.0,0
3,1.5331846247199736,0.0005659494597939152,0.000562994841720691,14.536026181843223,14.544974716317638,0.032611751396914246,0.023550743321986464,0,1.2427350741214347,7.582395692482314e-05,0.0,1
3,1.1552648911465069,6.956237650642542e-05,3.9128239773141665e-05,18.12756716187983,19.74151292681428,0.18826539032252637,0.16034047569833046,0,1.9601763718455474,0.011934656778674396,0.0,1
3,1.6640361306041946,3.790108227617464e-05,2.369002084012128e-05,5.006077987081618,5.281737236778399,0.03612065839675467,0.015356070837733484,0,1.1503919844319552,0.0004047092885217334,0.0,1
4,1.404175294677719,4.3184700686508854e-05,3.024854631288903e-05,7.22092670781591,8.20058772275621,0.23888614970912958,0.1843048945496366,1,1.2194455276773775,0.01067765413023228,0.0,0
2,0.9390420189844989,7.810500030480739e-05,5.343647032806103e-05,2.197618823434324,2.197618823434324,0.028075728469182527,0.01900948017806238,0,1.1026704502357387,0.0002828693380120154,0.0,0
5,1.6173361774070951,0.00019426248236630703,0.00010195653452328674,14.882509853656469,16.168828671607084,0.2440081034776881,0.15350169054896154,1,1.3631874491445843,0.017504608336057343,0.0,0
5,0.7179750782633054,0.0024931268904146036,0.0023311312892275236,18.15999571647097,19.185378157354545,0.024811464918779967,0.013515377940313142,0,1.583398421679982,2.794511454935292e-05,0.0,0
3,1.146418758539249,0.00010940575279642474,7.674856833987563e-05,4.278912293377903,4.419570804380911,0.3772047233394426,0.31751240499002736,1,1.1529847010648484,0.06297061183353352,0.0,0
5,1.7568049291406478,0.001147943239839643,0.0009729682374241084,14.657951130165543,16.898993908847483,0.5352731838338375,0.46307606390606376,1,1.2350389405390112,0.12578483261069826,0.0,0
5,1.3045184745387213,0.0003510859248985044,0.0003159696379317135,2.201110760285941,2.3579972786236048,0.21978086263855517,0.16950158330899767,1,1.0748476700536211,0.02295284641753403,0.0,0
3,1.2540499779292524,0.0012430280749800473,0.0010866834149341354,10.390263252082883,10.627721193411805,0.48833668415390874,0.47443520698243163,1,1.8539752278048949,0.11296134297412906,0.0,0
2,0.7144867802558469,0.002448655566593551,0.0022865932753168175,17.15878959910185,17.15878959910185,0.028838378494107062,0.023827041655538422,0,27.406625622851006,0.00021908956588800107,0.0,1
4,1.477923820855357,0.00019603395102688132,0.0001926788234437479,4.9268365204776705,5.544771403580413,0.4319921862425179,0.4200062876341149,1,1.0623794928845611,0.09799080382013015,0.0,0
5,1.6185508466909848,0.0003171717161264722,0.00027200125955423283,15.75753351361644,18.356927701459284,0.49156617811646686,0.3950423961109706,1,1.5025979928921815,0.07698035808084272,0.0,0
3,1.6713138314775882,0.0004604826111442267,0.00041787058531432086,11.774840897910964,12.90584835911314,0.38380209680730804,0.32425071849290626,1,1.6734925790140078,0.037485418792415494,0.0,0
4,1.0414864016975922,0.0013240252582930262,0.0007332719355920658,4.539625025160798,4.93050041984612,0.5242513940973744,0.3720229832221048,1,1.4591738492971837,0.11002510538869102,0.0,0
5,0.9684913712597942,0.0004035198291174908,0.00029391196875121716,2.264720794016945,2.4564101474675377,0.04626880102687721,0.027156724999923953,1,1.0329109684579836,0.0001463986550264754,0.0,0
5,1.680576224831538,0.001003309666737746,0.0007153077561194563,11.73913331991902,12.80984361445742,0.512540785728021,0.37240108033218416,1,1.1785072257830314,0.08454095815368201,0.0,0
3,1.016498262487747,0.00032463361973322026,0.0002778040943811052,10.256686335487943,10.994548609171316,0.01838136461929379,0.009188416131134816,0,2.101955220800441,1.8005267397512767e-05,0.0,1
4,1.5155162585875588,0.0010465464716445502,0.000991112368533483,19.66585760822446,21.20055218437056,0.4852655827675109,0.4060671200979645,1,2.199052487408368,0.08050902173404362,0.0,0
3,1.5301549952984694,0.00036879737681762775,0.00033482519811823446,3.2483766619248775,3.28702759503059,0.41798761885270835,0.37902959519688856,1,1.1156835792079116,0.05099302300812153,0.0,0
4,0.4805640716417006,0.0003199388276167552,0.00012528516681181758,5.467544226681178,6.188927860381733,0.19852501544873039,0.14563090829045913,1,1.2848175299048417,0.010920289853399186,0.0,0
5,1.5177828835424494,0.0003187473182357245,0.00030099487825576023,6.970078821846637,7.958498479872962,0.04629612582044049,0.027759485730145535,0,1.1648786189334113,0.00022965933318097972,0.0,0
5,0.5247480163859277,0.0027255586764571194,0.002312919226615128,4.697293543888309,5.366515841311123,0.047078886329098915,0.0244299017808306,0,1.1522751733776129,0.000347330146918044,0.0,0
3,0.9224057743973022,0.0004749521946637041,0.0004184194435358508,1.550603252556438,1.7072193859384504,0.03322533407437947,0.02015505659298397,1,1.0638593738429143,5.1137648370968746e-05,0.0,0
3,0.5357520939479465,0.00232788869125258,0.0022704882288198986,7.711356158469836,8.600206839373172,0.532211203396953,0.45595741941747336,1,3.0365191032060106,0.12978917961607056,0.0,0
4,0.80800332092408,1.9535653199167737e-05,1.0845733697148543e-05,8.690223663095123,9.095295527201587,0.04251935531957336,0.027024384130073766,0,1.1500210990768027,0.0005826785969704858,0.0,1
2,1.5116755438297875,0.001836159069396042,0.000937451634583602,6.945281920224307,6.945281920224307,0.19279714197901412,0.16364558140312915,0,2.488259790337594,0.013294140657863435,0.0,1
5,1.1382724835589182,3.208404910762692e-05,1.4861229643596e-05,2.708490588569481,2.936201487098989,0.23165573142371976,0.14989487710564414,1,1.0560556563575312,0.017502223097002584,0.0,0
3,1.4469919402926181,0.0002651939149454972,0.00023550998214450953,4.270757553551347,4.371551924751049,0.19886112941505402,0.1507368388769079,1,1.14754638440237,0.007796906255297936,0.0,0
2,1.6749269418440043,9.076676407863466e-06,8.133506955049773e-06,7.289614354749836,7.289614354749836,0.04910664103633422,0.03034446706142445,0,1.1715117108149367,0.0010935462964644514,0.0,1
4,0.5628634355518007,0.005034837319947522,0.003178689647173657,1.7855004410594058,2.051092438329648,0.016073773261036543,0.009949319445824802,0,1.3163651458199523,2.4865341605039984e-05,0.0,0
4,1.6301534646352445,3.9661970187403036e-05,1.4668462497650572e-05,3.948575281637248,4.648661374626582,0.028856662733561078,0.02283252251159493,0,1.122780141879613,0.0003494114170524061,0.0,0
3,1.1517155875141172,0.000191262024102951,0.00017922147024711487,4.189412563443843,4.845969664362034,0.5350627223100581,0.45029262761305683,1,1.2850936710820589,0.09392665562279721,0.0,0
2,0.5779610419684333,0.00016532727296227903,0.00016250801311771892,18.353235666787803,18.353235666787803,0.15447845545052644,0.12937371790656046,0,2.985124595436201,0.005528880853221592,0.0,1
2,1.235802066898176,0.0005910170345387576,0.0005565643120320328,1.4015846905770526,1.4015846905770526,0.3252406498532886,0.31394967578942734,1,1.130204920955908,0.047319892356094066,0.0,0
2,1.0468495971032157,3.332020391933064e-06,2.0518913864550296e-06,3.360346491760285,3.360346491760285,0.3237328363992126,0.29727385056586825,1,1.0535920257933151,0.043769117636185816,0.0,0
3,1.1399792433003273,6.248793821640324e-05,5.1457902617874376e-05,3.6464209870911044,3.8287717917103334,0.03949265177957775,0.02511878333433573,0,1.0881096150394145,0.00025079279855465763,0.0,0
2,1.4761736064682656,3.7152545549784824e-05,3.670987771495653e-05,16.105370700918115,16.105370700918115,0.012214444837920939,0.009069104367596436,0,1.7603748456654509,1.8364424204346972e-05,0.0,1
3,1.674337512607106,0.00020356258894040256,0.00015196370129058197,5.218349027485244,5.784797901329606,0.09357473639055525,0.03336440903367976,0,1.3385158994705433,0.0031729133966632806,0.0,1
4,1.6347124861511833,0.0007209352386310565,0.0006712131832096145,5.157586746412494,5.5194005339483,0.04520352776843871,0.02611031009633541,0,1.0854460846250493,8.716852032006547e-05,0.0,0
3,0.5863605500208644,0.002160798837259301,0.0011921589306168748,7.907906298483682,8.56788793556503,0.03405930758623055,0.012530820253487182,0,2.650571145011539,0.00033718419252049654,0.0,1
5,1.6665464890453445,2.088244010728797e-05,7.4874311955660936e-06,3.206083503286379,3.6557269854896637,0.0318960202518499,0.017281243239187696,1,1.0476686671061939,0.00019468838512467235,0.0,0
4,1.703753455589406,0.00021788828763268992,0.0001973068886661576,11.495899568159519,13.413425286900042,0.24285261926212914,0.16307786089442466,1,1.1713684959375648,0.028189921406430278,0.0,0
5,0.8417000458898241,0.0002805104401030502,0.000164450935427548,7.002662505031539,7.495957445311916,0.2084644972286695,0.14336823357310158,1,1.1798471613152237,0.01247156685983623,0.0,0
3,0.9311176558407549,5.744405204176188e-05,4.8458755619209444e-05,2.792513005818889,2.977976837932915,0.036546835024145574,0.032894368634615166,1,1.062248351195289,0.0006380802662121881,0.0,0
3,1.3483224224378318,0.0012361083526462298,0.00121472313622506,13.925133841961516,15.224284220035468,0.24858930691138076,0.1903436294557372,1,1.4984451610974694,0.016406162972760797,0.0,0
4,0.7538020854356319,0.00014962063078034543,6.884329290571512e-05,2.488679467250975,2.590408800882614,0.059771057556084084,0.038859984005605294,1,1.0711087776376684,0.000621477805337809,0.0,0
4,1.2031136440254526,0.0010905783227420824,0.000918552590277901,13.813091345682988,15.637880754580257,0.23619193951940048,0.18997454762966742,1,1.50176122109443,0.027311078649283404,0.0,0
4,0.5187134230707975,0.00014889741020574027,9.98832046159939e-05,1.5279174603979206,1.8308485734861453,0.026423411048547413,0.021511842797592617,1,1.0541473223025195,0.00022632680443057304,0.0,0
4,1.756753656603904,0.00011553545544150294,5.651077332950337e-05,3.1644493310104975,3.2675015387950945,0.03932571474570301,0.015828572250685645,0,1.138290907535838,0.00019726323541903107,0.0,0
3,1.2476409553645817,0.0005330721873945798,0.0003376118481860566,13.020447025057047,13.750300715821513,0.07621489687224543,0.054705092077959955,0,2.2359093916711026,0.0019956124478521706,0.0,1
4,0.6634779219468481,0.0002367343409137964,0.00021405862845991618,1.8335744081848626,2.280825907035496,0.02605277018886233,0.023654125617538768,1,1.067536461575053,0.0003322269084286349,0.0,0
5,0.4845655684753025,0.0018185401565471073,0.001374140080690132,2.275533361100666,2.4323438685145478,0.0329943440004521,0.01841061106668196,0,1.0900359985333354,0.00021968761001120405,0.0,0
5,0.8940529508413773,0.0006112808325102444,0.0002946272426711458,17.414122235681443,19.652282528228227,0.059283206541884015,0.036359382623493385,0,2.2095822334649613,0.0006072344225253856,0.0,0
2,0.7037913019417575,8.460381719783437e-06,4.735924073328641e-06,4.363465146641781,4.363465146641781,0.02271084038296227,0.01733783509814512,0,1.0969150590585288,0.00017730491815134468,0.0,0
3,1.0059987396683587,0.0004854478956511419,0.00044413891493270713,2.716645934176445,2.8778226543488232,0.047228758051077804,0.023516223695011235,0,1.1155067511546235,6.60864258813265e-05,0.0,0
2,1.2658722609325976,1.1730134272319898e-05,9.624888056272402e-06,3.1456522148616943,3.1456522148616943,0.03464647068484529,0.02217736392638286,0,1.077184455748047,0.00014441544032674783,0.0,0
3,1.7224074502041997,0.0004468094030909702,0.0002855396416667489,21.705521143286216,21.933623146465692,0.23493474601892783,0.20419977313476925,0,3.8057986097108985,0.022123352635860887,0.0,1
3,1.25314196297396,0.0003791488000824368,0.0003779017847277266,3.0827761333521404,3.2457028298717763,0.4832299654033372,0.3992925462496904,1,1.0351143777759055,0.12433756956758761,0.0,0
4,1.5077942108953293,1.9527269911687938e-05,1.1940116795587556e-05,20.89392812351405,23.00566157576561,0.04419015412747081,0.02699291807930247,0,1.3669264530113288,0.0005792443062255361,0.0,1
2,0.8138674052565387,4.7668677471682315e-05,2.425864350859391e-05,6.595635922431606,6.595635922431606,0.02279526204388385,0.015110800485248594,0,1.2831227349636458,0.00014646783744338992,0.0,1
5,1.3122889526306358,9.311612616590088e-05,5.3947378208235756e-05,5.531731631822182,6.070288769844373,0.46615037405869897,0.4004376528491764,1,1.146054627380235,0.1023903673071702,0.0,0
4,1.2804464743134636,7.105798351774925e-05,4.566897726570744e-05,4.173776071637907,4.232066499701258,0.24529430382478068,0.20333990391144321,1,1.0878071138708474,0.029056297371886745,0.0,0
5,0.873421269011663,0.0007148328301952737,0.0007042434669299305,17.38893254432454,19.19875492956273,0.24149422374328394,0.17950612184148435,1,1.2742414965495275,0.004069210576619584,0.0,0
3,1.7361894281109895,0.00017790441843273176,0.00016810264060313824,6.233527462294577,6.967543949613683,0.1790656615313072,0.12526126288364314,1,1.1872125053948044,0.0034795296206512234,0.0,0
4,1.3825538956588388,0.000158023056657807,0.00014873608114364045,7.231281902218666,7.874095941032675,0.44513879109631865,0.3955216217991345,1,1.1596827363233635,0.07068968258936227,0.0,0
5,1.754828683376104,0.00011395402526484656,8.149837536020345e-05,5.18481473812874,5.907216898010836,0.5081074029220611,0.366575447418813,1,1.1812055281445113,0.10844163778418839,0.0,0
5,0.6888937793629601,0.002970084635049116,0.0020547835440956077,1.282351767644345,1.330648828423589,0.03093215441597815,0.02229787220424465,0,1.1329547730823117,0.00016431691482030343,0.0,0
3,0.9152696706461317,0.00021757724360541313,0.00020538678449792843,1.9446695115370378,2.1236707332666453,0.5243698191747054,0.4171600869807101,1,1.056671331799819,0.1425162034892142,0.0,0
2,1.7333949905228616,6.0482986726792025e-05,5.224449631787945e-05,9.036927669658606,9.036927669658606,0.045484410348971285,0.034560504816798954,0,1.4489099888522154,0.0009205439064517459,0.0,1
3,0.48859738129383046,1.7166907266873436e-05,8.135479983055205e-06,4.364904575369325,4.60249636437525,0.4656612511258673,0.41314712134203374,1,1.117199618775192,0.10400048816125472,0.0,0
4,0.7741982134742887,0.002917372727815401,0.00241043699184752,7.336263544905887,8.233767893370805,0.04745823224019255,0.017113377415080944,0,1.840925984353806,0.0008415214163932036,0.0,1
3,1.6625492507203008,0.0004876284835592277,0.0004836539770078482,3.7150603365690134,3.8568059108234802,0.02825561645981723,0.021997858104069817,1,1.068103532847969,0.00019633881453703824,0.0,0
5,1.6946067057709107,0.0011665225129703946,0.0010492564468871958,16.383582139852063,18.66621871353696,0.5471511799873046,0.46061542738814554,1,1.459845961211683,0.0923481775960879,0.0,0
3,0.7566040285550606,0.00027706198616317493,0.00024891712297395055,14.591501299711076,16.45985834037446,0.03823757765067574,0.025691368319641875,0,1.798982069146328,0.0007110741361646148,0.0,1
5,0.5489972793768401,0.00407414712047425,0.0023287962058102262,11.66209145641587,13.205480661304055,0.04003768984107392,0.026017289956601485,0,1.6321622927460873,0.0005444585773835146,0.0,1
4,0.5665341063639858,0.0009082200079736023,0.0008724354855457612,7.053266325110265,7.7880851368114525,0.028974989588788726,0.022694990038495958,0,1.2411534037426493,0.00021631261837267026,0.0,1
4,0.9917823371591239,0.00015465324585409423,6.608721454001278e-05,3.3220299775374307,3.73279825844275,0.014272535666586577,0.007877209724621016,0,1.1718053606463763,3.869209217658164e-05,0.0,0
5,1.3856561213470924,0.0011107978136658322,0.001078483860543981,7.11014835894056,8.575079538278535,0.04275413900688599,0.029907859286351833,0,1.2540485680427622,6.917518193268935e-05,0.0,1
2,0.8639818459557314,7.517865690899704e-05,7.31166768662144e-05,8.227107421325844,8.227107421325844,0.031868534920990246,0.019870359184324744,0,1.437476366428618,4.569780353888126e-05,0.0,1
5,0.7127917086787413,0.000671716913377227,0.000530980519687149,3.82745217928315,4.4856372588625995,0.045111660316951005,0.022710875402620095,0,1.2591570588593088,0.0003550868768946415,0.0,0
5,0.9006996219193616,6.034619392806332e-05,3.854577550188947e-05,7.251690316896992,8.285939686601816,0.06858174931984275,0.03341637506102706,0,1.1315414299916813,0.0014934429041693824,0.0,1
2,1.1142744399854685,3.228272071161245e-05,2.5313178263293775e-05,4.7601885307747205,4.7601885307747205,0.3924278657397824,0.34951398463060535,1,1.170914215766625,0.07357783658291955,0.0,0
2,1.070228094605889,6.645594186332115e-05,5.775656220686909e-05,7.164242934832532,7.164242934832532,0.2482773776192329,0.2047422026661294,1,1.3536891777935478,0.02912610796355748,0.0,0
3,0.5016261323736635,0.0020981968325173733,0.002093444172280428,6.840201873762738,8.036496721744626,0.23823259684090298,0.189252920876394,1,1.1271280489937532,0.028735338454302883,0.0,0
3,1.613709596653353,0.00021068561025154283,0.00019277836596269743,5.5772935694900045,6.242453209967142,0.02582447641926238,0.014311112211243917,0,1.2070773493576117,4.0927786560081895e-05,0.0,1
4,0.45592796740926483,0.00045305585465288487,0.00031937933253823773,6.594959851812155,6.74303175317826,0.4483026477377476,0.4232147391100417,1,1.360521323671263,0.09919022888130426,0.0,0
5,0.5273827729224689,0.002600780252468006,0.00226508503004726,1.868694055230383,2.1525857244325235,0.04551863445836192,0.01940814072338049,0,1.0884353153656463,0.00013946311512061537,0.0,0
4,1.5016507371886725,2.330035313020609e-05,9.424317661039686e-06,2.134357761616962,2.295242915057424,0.492873247333517,0.4219935850227289,1,1.0430242259918174,0.11101367514435383,0.0,0
5,1.705477482046672,0.0019285273634094139,0.0010470083300769151,7.865682953139958,8.568391495785493,0.04482261441198919,0.019279986983803798,0,1.3419580179673087,5.292363459793703e-05,0.0,1
4,0.6535466192072871,0.00011145189721632003,8.472017279409104e-05,3.82068262952929,4.200713816395576,0.4658715872701417,0.3598658453053478,1,1.059449875180568,0.0984088224677451,0.0,0
4,1.2451258137737509,0.00023645536875275373,0.00015690253981243197,3.908021718127022,4.400832241161102,0.492865100099721,0.36900315749363777,1,1.0830263807649794,0.06625110833571976,0.0,0
3,0.7388343099006208,0.00023073172057820756,0.00018039066451731438,13.693551419170985,15.480203503294678,0.02658105727176889,0.019928428590376364,0,1.962491334739499,0.0003139443552383905,0.0,1
5,1.6433657760788924,0.00017223694103829463,0.00010221997212881978,1.665151426620555,1.9404634408789607,0.05132254791714794,0.03285200686422074,1,1.0330924615288428,0.00021447924788969486,0.0,0
2,1.6288227934956416,1.4524917166662366e-05,8.328495443694655e-06,3.0246280990217387,3.0246280990217387,0.00836304900010184,0.00468152450005092,0,1.0797931775221812,1.4990148506856988e-05,0.0,0
5,0.9937929430994783,0.0013965945201348789,0.0010808270073600433,11.891496145451118,13.903438035314128,0.23844171593617425,0.14145786174334157,1,1.7397976212930255,0.008328634691429247,0.0,1
4,1.6019003541041261,0.0003069903411541013,0.00029274127650795933,19.50083279286308,21.2108755759506,0.04637440928920962,0.029977903161556452,0,1.4031016296048806,0.00032097828352569644,0.0,1
2,0.5078664548273008,0.0013902143549272379,0.0007200461611469629,2.108947763836793,2.108947763836793,0.02407906550918664,0.018771918073793196,0,1.278062232973714,0.00019793453347374273,0.0,0
4,0.6405123656458369,5.262129696394628e-05,4.057777729008141e-05,14.948339499965327,15.326954820103332,0.04859231851484658,0.022962805493879822,0,1.2772886508278423,0.00021128514000318875,0.0,1
2,0.9283951371182944,0.00039489147303998,0.00038938602652250563,21.249939580827157,21.249939580827157,0.21368540259404417,0.19101347376818562,0,6.138016138077546,0.023029837619635722,0.0,1
5,1.2084606320090456,0.00010123048123144193,8.441202786588074e-05,4.981398766311744,5.469260899817246,0.04341859487429321,0.017312609283513265,0,1.1158255528288306,8.558114577227143e-05,0.0,0
4,1.448915436832481,0.00011503955079186328,8.341360792926801e-05,3.715479885281736,4.039655915236369,0.05518071997388638,0.024463822566960083,0,1.1081063680141316,0.0005387692127826435,0.0,0
2,1.6209580332542601,2.5479483594191077e-05,2.199849093427345e-05,14.83783048504409,14.83783048504409,0.03062971659454331,0.022478740787863334,0,1.5803028591371167,0.0001464884229986069,0.0,1
3,1.7889393861727703,8.105076801701427e-06,5.28803059671792e-06,3.0937516087061274,3.106611664214914,0.04508322208264681,0.02622178317159654,1,1.0597585903913094,0.0003334340269630845,0.0,0
2,1.0067714472792706,6.276411554055034e-05,4.700041996263723e-05,3.659870651787906,3.659870651787906,0.20434647159898575,0.19616563442438983,1,1.163460454849461,0.01861950263076609,0.0,0
3,0.6015320673517563,0.00017135135266648104,0.00016200885393004505,5.459974572492189,6.268516453678966,0.23573211420926982,0.1464012136624547,1,1.167844185344287,0.0038329043583287944,0.0,0
2,0.4927195700164736,9.060204577733385e-05,8.897807785247268e-05,13.372708155065432,13.372708155065432,0.04234972613884026,0.022438917700883982,0,1.8850204076074455,0.0008841363467778998,0.0,1
5,1.7712413871360042,0.0007923495426687501,0.000539931858485958,7.268858059446247,8.25878005050488,0.08071740863854018,0.02866943144042038,0,1.2434833045287281,0.0004185004345444592,0.0,1
4,0.4718011985193239,0.0001835949235211371,8.328847206872404e-05,2.949729592590103,3.1219672932083093,0.030394633184828643,0.026808355653425223,0,1.1484974690426868,0.0003612679226117364,0.0,0
4,0.49284883502835375,0.000349637636660811,0.00033033276489183403,7.94384030405211,8.958315357275078,0.03486665420813394,0.021323138104319846,0,1.3026402897458322,0.00033764373843964205,0.0,1
5,1.2371750284582381,0.0008089927042608091,0.0007160113163588314,2.392666822446338,2.8683006685156354,0.4599953145323333,0.36571310543687596,1,1.106712189312146,0.050217132096832574,0.0,0
2,0.5399598334321315,4.269522766432784e-05,4.0361114493452664e-05,7.565598544710253,7.565598544710253,0.18462396444577328,0.1770294191481569,1,1.3175681287393193,0.017027876396345207,0.0,0
4,1.5645231027739626,3.205901048433704e-05,1.595061289473701e-05,5.176141847140714,5.628305011235615,0.494391406478943,0.4144371845986902,1,1.1068632643193081,0.08497644337147604,0.0,0
4,1.7026959354368978,7.859183856675097e-05,3.201453236899315e-05,3.3237394216432183,3.36411163040772,0.046873265591748384,0.019392859684370073,0,1.1193672966936714,0.0003355870305424897,0.0,0
4,1.3402969671261928,2.370199363228474e-05,1.8673915670866156e-05,2.0217438900856775,2.1181807635338674,0.2443385098893595,0.15437874587638314,1,1.0268162047017535,0.025804491703181026,0.0,0
4,0.9912877598536516,0.0012327970044462232,0.0011760409869686975,1.4620227868637201,1.6185206725223402,0.0320562737796594,0.024770213874944016,1,1.0558450114024724,0.0002852268562454728,0.0,0
4,0.9050185441666192,3.8539180229052926e-05,2.4387440404074864e-05,16.272239485706574,17.949946034619774,0.2414688798361725,0.19888348854203103,1,1.6111546229466756,0.01728932191720007,0.0,0
4,1.0369335006907545,0.00010293075957179121,5.408526608815803e-05,19.639555552605135,20.92346308064388,0.19084929834952952,0.1412135581490947,0,1.7834197516081765,0.010092203132088558,0.0,1
4,0.7212620953902982,3.4488811549241714e-05,3.0225845446729938e-05,13.46988777734147,17.258221359371635,0.48639815071121784,0.4792318029372572,1,1.1932189773108344,0.12257957124345885,0.0,0
5,1.3286398714160468,4.6055701963187005e-05,3.418433977202554e-05,3.8988153121396425,4.653445749964093,0.23401227230203447,0.17890570907614564,1,1.063264997692725,0.017080781464971894,0.0,0
3,0.6857306586267538,0.0010894071518267078,0.0008870466154492639,2.2388753288443652,2.2449010472467066,0.02429662782733796,0.01871868447022408,0,1.252903492499266,0.00012581159408205705,0.0,0
4,1.470860409973623,0.0005867976319879035,0.0005718690628133191,2.358066206342829,2.7967603110524233,0.5476368935333931,0.5011278242324715,1,1.0423468863728702,0.10176995781559983,0.0,0
4,0.627208983928994,0.0020075871345111,0.0014075384117491158,7.034636819176341,7.897170820240141,0.24594333513687383,0.19658895628301515,1,1.362203852104203,0.027528303688355203,0.0,0
5,1.4425117635537061,2.6517064897792937e-05,2.1302602691656294e-05,3.0061216364434844,3.3199295940554885,0.03246058734373261,0.0141009530342868,0,1.0433053819772014,0.0001157315090503807,0.0,0
4,1.1750190943076455,0.0007390871791353363,0.0007334948219398424,19.718273186571928,20.702199081618932,0.5443930791491209,0.481513367606698,1,1.409947977551958,0.059364460761755784,0.0,0
5,0.9092993326869333,0.00214601498208456,0.0012885728130189093,2.0430177666234735,2.2392628884739905,0.5024401577427262,0.3964609712909231,1,1.135318897130009,0.11411721708497896,0.0,0
4,1.6029536121452477,4.153477468988364e-05,2.1937293244752425e-05,8.812427467527964,10.234926759856865,0.4928501733268683,0.352367878688461,1,1.277858712589152,0.09837977847999138,0.0,0
3,0.6223297255277289,6.015700387038426e-05,4.2687688916338635e-05,3.1313886843600973,3.6690723183303557,0.5468940542815115,0.4004617790340694,1,1.135358077754092,0.13975416161821985,0.0,0
4,1.1321651728831368,0.000963431918876313,0.0009346360495549463,1.8950699392485069,2.0766088458398344,0.015895267463470857,0.010099088112903507,0,1.0422307509547448,6.266038931399336e-05,0.0,0
2,1.2473582885917138,1.9504847027915243e-06,1.1087412027300658e-06,2.9007041154447366,2.9007041154447366,0.10251625762046569,0.09467565543996934,1,1.0384151497735623,0.0046204586264568,0.0,0
2,1.7974029701202685,2.2769357874572287e-05,2.2172885273850537e-05,7.96163638686613,7.96163638686613,0.2820860959768824,0.2681070362270394,1,1.265130581527684,0.04042205562233564,0.0,0
3,0.6888668255947851,7.246460588143632e-05,6.255294488635824e-05,2.9889092686166183,3.457360745586028,0.04739466022902064,0.03757661404856077,0,1.137444240427329,0.0010458746142603754,0.0,0
4,1.0844789186775698,0.0007132555833761086,0.0006913624876199396,2.095304538267536,2.3071898138585047,0.02058279643511811,0.013012949620909259,0,1.0644440092152063,8.323968478253544e-05,0.0,0
3,0.7140420304915331,5.240805547888546e-05,4.395584883075395e-05,1.9997329202706502,2.1136443946876238,0.5301928769305919,0.40534983653892315,1,1.0483274743273143,0.04986089867209187,0.0,0
4,1.40973973661041,0.0006228682078212618,0.0005280970807731708,3.9530379831239197,4.1074990293918985,0.2158290909018607,0.16537816123423904,1,1.200260228377571,0.014444893826755975,0.0,0
3,1.1396589100712475,1.8277727906466833e-05,1.0743478263728448e-05,2.2118440699712965,2.450603279702893,0.4509508844656721,0.4384875680829066,1,1.0461333577943852,0.0981989762795926,0.0,0
4,1.7449155825540514,5.407616691893704e-06,2.700616257572129e-06,3.499317161081557,3.8308026298604347,0.02480138607613424,0.016784252269933686,1,1.0397681503103675,0.00018978842043016562,0.0,0
2,1.4340615101281222,0.00017924113692687334,0.00016869030406950838,1.6779854211166227,1.6779854211166227,0.5473946748981123,0.46006806463080085,1,1.1034404734768817,0.07759288244801828,0.0,0
5,1.3002269165521616,0.001197888585136693,0.0011609769877245998,2.040396347871484,2.22448719937037,0.5162404820265116,0.40097882718099065,1,1.045326868866216,0.08452592121815686,0.0,0
2,1.2059447153563643,1.2804782143302148e-05,1.0436736832746301e-05,1.9411644385364435,1.9411644385364435,0.025082398267798976,0.021570024532677323,1,1.0483693956896674,0.0001907234433550217,0.0,1
2,0.6197358289950146,9.674934792497675e-06,7.261496671012163e-06,4.672847253421813,4.672847253421813,0.03213618161433754,0.03182459582772733,0,1.109155276428004,0.0005014807575925159,0.0,1
4,1.2779827926995242,7.84356680713001e-05,6.692574403275095e-05,12.463705050596797,12.645020929496063,0.035897958017014814,0.022411526232285463,0,1.1776408373093223,5.816099762418003e-05,0.0,1
4,1.3992112307026703,0.00021534707738599077,0.00016275818796175683,2.0608984499588443,2.37717366820961,0.047346272817497634,0.02668052944658928,1,1.0752301944205365,0.0005475077643348109,0.0,0
2,1.6246146396842862,0.00020964967902337573,0.0002091829521267681,16.186838017895393,16.186838017895393,0.2188397392853132,0.20997803251587288,0,2.8287514632062347,0.024233188919031777,0.0,1
3,0.4739643776799455,0.0007163927308543062,0.0006536238462877815,2.948210134570041,3.0669315259630707,0.029414463881363616,0.01798790185022534,0,1.3061787200869406,0.00013744835770356726,0.0,0
5,0.6496340830745249,0.0010930834872482987,0.0009615681063701736,12.708775568300785,15.524316895040206,0.056005995528071784,0.03860900842462367,0,1.290901557771337,0.0003730630823007189,0.0,1
2,1.460581931762973,3.9190876392025766e-05,2.6543032605599193e-05,6.754147762111539,6.754147762111539,0.20226831931964895,0.19254817545359879,1,1.270120764972233,0.018153582987517604,0.0,0
4,1.7837640679975713,0.00027154837805597724,0.00024368448288375087,5.504139014455063,6.54431764081001,0.024140273505924882,0.018239747063732267,0,1.182312029438666,0.00028850223668972614,0.0,1
5,1.056424142841521,5.1790905549953406e-05,2.7338580969714138e-05,1.859769619558001,2.0541632819489095,0.04300359188665477,0.028076842890124208,1,1.0585157237865679,0.0005637038085037284,0.0,0
2,1.4214395587043647,1.888420446588144e-05,1.7837266374689174e-05,7.98664795998207,7.98664795998207,0.001,0.001,0,1.2480725169664992,5.000001249699794e-07,0.0,1
3,1.714035831381521,0.0006881706274361962,0.000672961546379132,19.909723519836216,21.898930753345102,0.24356584813953025,0.20202640468150904,0,8.226417012430195,0.018157630433560293,0.0,1
3,1.063098480536238,1.7791331115732576e-05,1.593510331293731e-05,3.2729545309170263,3.491987780322949,0.017505169473415214,0.010469348281085063,0,1.0427247206453165,3.176156629682188e-05,0.0,0
3,0.6220300110354506,0.001846602236808716,0.0017213137827392848,10.309084865146126,11.31150636881971,0.04662160853488982,0.019374239113355386,0,3.951044482596404,0.001044040795141713,0.0,1
4,0.6193408153693862,0.00010023935608466496,8.982330505533173e-05,17.87729084222385,19.029434882089163,0.03628372754117322,0.017257247830637538,0,1.4422213833473951,0.00014841831127389272,0.0,1
2,1.107302871963264,0.00017185146678046003,0.00016700768830139534,4.080046475159388,4.080046475159388,0.4995260090318112,0.4446154091216093,1,1.2666927679019755,0.08072270836034519,0.0,0
4,0.48614211338124336,0.0008112245565842876,0.00036219822323561054,11.692034078998201,12.448240528125249,0.042428991828391036,0.03266162572599132,0,2.1589516902900616,0.0006397266369444313,0.0,1
2,1.1366959799306842,9.586600586240375e-06,8.329588149201958e-06,2.1103312601998683,2.1103312601998683,0.06089873485686556,0.04359377992139149,1,1.047733440215863,0.0016606582388937027,0.0,0
2,1.5967389438201522,0.00029439595605593947,0.0002840366425806668,2.6397095073881047,2.6397095073881047,0.1739334697458791,0.16157852204465828,1,1.2006477868097805,0.011347507684624513,0.0,0
2,1.6096222231854775,4.6430554671472064e-05,3.2954992461092194e-05,3.2233672968078917,3.2233672968078917,0.017228869354744675,0.011643947973096947,0,1.1281260409088796,5.503928956660569e-05,0.0,1
5,0.7421401706617724,0.004055705438197975,0.001878440614520706,6.006682336860615,7.102695964327111,0.5112524789406987,0.3991754743530177,1,2.204258788718478,0.05883530466608546,0.0,0
5,0.7238893118188008,0.0002676952350893767,0.0001347303195244478,2.0852047001339047,2.318775289256375,0.23991351311664805,0.14856149666428992,1,1.0717161280025418,0.020654512130107293,0.0,0
4,0.4297558940144316,0.0027881032446028923,0.0017155272041992577,18.46736756287759,19.214382522446666,0.4954516914589,0.41385640924875305,0,5.630788405984689,0.10942407044317887,0.0,0
5,1.4678306612236596,0.00038143802071348746,0.00021156965246011712,3.1047612027998563,3.2937547758048074,0.5451759633224282,0.47140119781604667,1,1.1282369372378562,0.1275632307617623,0.0,0
4,0.5621599952797602,3.3646597998148744e-05,1.1838473029413512e-05,8.982087522717329,9.693400802524872,0.19797441909513777,0.15930190371530858,1,1.2476921872402198,0.013404780511976055,0.0,0
2,1.2479548823174804,0.00032586247465613444,0.0003241596364666474,9.337158656806462,9.337158656806462,0.05627630117556365,0.037540298323022636,0,1.9731892295331406,0.00018603232880586167,0.0,1
5,0.9639970932804508,0.00021976114416010832,0.00014716040264481055,7.768360884047696,8.088413464455188,0.4001315151617044,0.3221926210819112,1,1.271267538451943,0.06499331368293183,0.0,0
3,0.8334306120669406,0.001224023095274735,0.0011170238212480988,15.384151512578459,16.519012779048175,0.017005575602472695,0.014352308015593543,0,6.887429286671463,0.00014057699418272055,0.0,1
5,1.2963352588176975,0.00034003221704426655,0.00024939097535782835,5.21130678230951,6.175695910524089,0.2467592340588513,0.2330745572834898,1,1.2385018720742114,0.027153972092701116,0.0,0
2,1.6421958068684939,0.00023387551472671937,0.00023345953814636077,19.323443948781236,19.323443948781236,0.17256507191817622,0.13874457869238765,0,3.731182168478448,0.014975747823127286,0.0,1
2,1.325286054405972,2.9880170730200243e-06,2.366252037299484e-06,9.073778318630298,9.073778318630298,0.015869156603084182,0.010774311093731712,0,1.1457029076032952,0.00010224506551874654,0.0,1
3,0.6040045833072617,0.0015077948401592918,0.0013807579923494381,5.252151065461589,5.431765950245932,0.5196981706631827,0.4525532280624341,1,1.31701673779231,0.13804871039740121,0.0,0
3,1.5655419464626281,0.00016936744876319042,0.00015057065738202728,1.904985380141325,1.9282205687480976,0.21843333776311036,0.1682688471692161,1,1.1141767463779337,0.0194761287340978,0.0,0
2,0.8687773745729384,9.283220120416546e-06,6.942933968696299e-06,3.7436283766310336,3.7436283766310336,0.012991653432974714,0.00991944883814489,0,1.0852927673341886,3.912433396818669e-05,0.0,0
3,1.608057894418777,0.000321752683145321,0.0003152270571422839,4.021337405433939,4.145305996061901,0.06469954371285493,0.04393818576597095,1,1.086537311269874,0.00045793048215999254,0.0,0
5,1.6396097212703729,0.00046180296074854185,0.00045315666005278264,1.8483751579927379,2.095920738359722,0.03202685718071122,0.02047951895903191,1,1.0233240935220846,0.0005085575806544673,0.0,0
4,1.7121383651027973,0.00020166855074207267,0.00012194636000954282,18.29257799071803,20.185888098410455,0.04537658834012519,0.03597060759470015,0,1.736478109736178,0.00043069230128114954,0.0,1
5,0.8448583139873951,6.803720044587873e-05,4.755279225310621e-05,11.656268697897705,13.529293764180178,0.08419236551068132,0.035635958899126005,0,1.2316300383820684,0.000996686754479097,0.0,1
2,0.7501763102769896,0.0010187907273448637,0.0009725479211238821,7.792054825715433,7.792054825715433,0.03437312594923563,0.019522015392042798,0,2.308214178700797,3.105222680404113e-05,0.0,1
3,1.6294540769473125,6.768787596315704e-05,5.497399373081203e-05,6.929667109728163,7.477006492913982,0.03881100291894832,0.024882862114080834,0,1.335571188038747,0.00016916697243684245,0.0,1
3,1.587306500385854,0.0001492122178793739,0.00013502913753861266,7.712067180389012,7.845029058322588,0.029029839220115733,0.018187463373331988,0,1.2228070438733394,6.831058661005453e-05,0.0,1
2,1.069649752826662,0.000123130048467372,0.00010614176231419735,3.6250585130626263,3.6250585130626263,0.017880209028968867,0.014877914768428488,0,1.2066052886065834,8.352521219249442e-05,0.0,0
3,1.576952924127254,0.00012563757210782675,0.00011626636343744966,14.07291011612001,15.153295079200758,0.013941205598769508,0.009884776335563731,0,1.4299557172852078,9.397758078342238e-05,0.0,1
3,0.643900620206107,3.530190752416383e-05,2.7332154674594603e-05,2.5691515995434266,2.739532519049633,0.23167001527666764,0.14044518897869435,1,1.0623255737985051,0.02209156726174738,0.0,0
4,0.4529033913554359,0.0016923358987797656,0.0013442240998962022,16.722558637068865,18.69045609981418,0.17410194752378555,0.12463994447528715,0,2.412370986779282,0.011957171466399267,0.0,1
5,1.2764921856222253,0.00014026647106066706,8.872363705440852e-05,9.711910750182971,11.400792592046216,0.2022994833195897,0.18021194008315633,1,1.2272607462983112,0.014705908108931225,0.0,0
5,1.1587674931428125,0.000976594052420623,0.0007558864074690894,3.2294001146735707,3.573944673459851,0.5103362560876249,0.45428606878967226,1,1.225576811675571,0.0812084052392616,0.0,0
5,0.864627703725229,0.0004395686521778481,0.00023434530353110312,4.88019008969062,5.346215713176747,0.17792904417176789,0.14468472954811204,1,1.1125044795206236,0.01284537621951371,0.0,0
3,1.612922018103868,0.0002529077482594537,0.00024330206970698165,12.55043354777742,12.63655321867658,0.5335073165819437,0.40119994984938495,1,1.3208390009253816,0.04928368342438297,0.0,0
3,1.7560791910113478,0.00012466215438351207,0.0001059612171415506,4.393189004655044,4.439512273449516,0.05675904618923133,0.028198035413473325,0,1.1290143725232835,0.0014062404680114558,0.0,0
4,1.0854849556573405,0.00045668962556032715,0.0003434630770953801,2.869930137774021,3.273804405829193,0.23747416571905844,0.1652117327167017,1,1.0916736628877686,0.02431697232065538,0.0,0
4,0.4656457698256294,0.00023397567650947356,0.0002217429108790126,1.78313662769374,1.9937753601812818,0.5037626235573502,0.4063303494311754,1,1.0506659276058024,0.1326312660929252,0.0,0
4,0.9967501135636687,0.0016360111003865488,0.0008850107621694777,2.535597988576897,2.748541224805628,0.050187913367293696,0.022714867318523915,0,1.2709068637553853,0.00031202351180801614,0.0,0
5,0.5842881564860845,0.002983017095756824,0.0025542258675940155,14.345890854193856,15.978690712703942,0.22664075619347596,0.16586245688145973,0,1.56177603047384,0.007028144958792165,0.0,1
4,1.1142917087092954,0.0008242238998848098,0.0008038463434071208,4.80163701395845,4.939647616944406,0.044540044859026476,0.025481216024851924,0,1.1257527102376432,0.0004391868643780323,0.0,1
4,0.4600249068313865,0.002347363967928401,0.0021784551665800763,17.235924389296454,17.909519480093838,0.04714832885567524,0.024737107184661156,0,2.4766860826661,0.00013029331950682762,0.0,1
4,0.5405171334555243,0.0013033175513813462,0.001120406470426459,16.169026582091757,16.640799939077954,0.04815554571436141,0.03505504344383874,0,1.7889902934888775,0.0011485779197800963,0.0,1
3,1.7787059622574435,0.0003851028276309661,0.00036275143016855477,8.970869351765705,10.366135734614794,0.012206108097095884,0.006836951176889796,0,1.3014676043585178,6.680549795230171e-06,0.0,1
2,1.2736950019720623,2.179848609348692e-06,1.4828058186216245e-06,3.558621669916792,3.558621669916792,0.03149320445968844,0.016850244451437922,1,1.0491633791192467,0.00033991047656889363,0.0,1
2,1.1261538206684094,5.2290204274601895e-06,4.05608476956551e-06,4.436734333966019,4.436734333966019,0.039450439270479504,0.03354176217614081,1,1.0834070735023442,0.0004690009550145661,0.0,0
2,1.1997063451930345,0.00047260726454469084,0.0004679374827994156,8.645559721203785,8.645559721203785,0.17339359363716214,0.16005891988710147,0,2.041235155944492,0.015113632911301756,0.0,1
5,0.654313509207999,3.8321579362006755e-05,2.1110154229493166e-05,8.113011795064475,9.519370147354488,0.037015036320698,0.026850901138133276,0,1.1492783292103326,0.00045037051904690345,0.0,1
2,0.8577365869294549,9.219377352477906e-06,7.771521402789302e-06,6.843766767021761,6.843766767021761,0.2320686805384442,0.17330519335814723,1,1.1611059291088546,0.02390786766626949,0.0,0
4,1.178321791556288,2.7809935148345514e-05,1.316128001915498e-05,2.592434648675399,2.8045189846814664,0.041316277506726715,0.018136513099069967,1,1.0427368522526514,0.0001263555538505895,0.0,0
5,1.5871214196448022,0.0009344828959816839,0.000859131096277449,6.98469505774162,8.528639520140151,0.04952921033950221,0.024956676859766814,0,1.1243876240257027,0.0001524508500592356,0.0,1
2,1.4165530443800196,2.4952897034286625e-05,2.0173487852193123e-05,9.92137856292674,9.92137856292674,0.17671662244590292,0.17136111978940222,1,1.3533068347254422,0.01426203606995908,0.0,0
3,0.8890380900877433,0.0013726432940962025,0.0013624234745496472,22.09922447831905,22.292514044171682,0.5433969541686108,0.3535764655338443,1,1.669344639506281,0.037563219732068165,0.0,0
5,0.7308022759226153,0.0033402813636219946,0.001784315744280349,8.012832028362368,9.45610595863048,0.19113829946172,0.14143091429332177,1,1.3754561938665375,0.016302165911034328,0.0,0
3,1.4288909712130826,0.000998412656118464,0.0009577585479698174,6.108852550636969,6.494239196025138,0.20439842295500527,0.1369341091839201,1,1.2796433116148709,0.020300725549521063,0.0,0
5,1.6134232443682868,9.582419395360137e-05,4.934870834398855e-05,3.922581109528714,4.445962275661907,0.06557672662308661,0.03122754218143501,1,1.056586202638844,0.0005199384087179205,0.0,0
3,0.811057113115768,0.0011787881474397204,0.0011656584998449614,9.530934522334189,10.485821857777712,0.05450124139051642,0.025156186142469464,0,1.3251578231563885,4.1405513157982396e-05,0.0,1
4,0.5968557021819099,0.00018168543703520515,0.00016277395056968192,21.707172770890182,23.085688659883072,0.5292102252273667,0.42876950596017055,1,1.7625609358093182,0.11150103474299575,0.0,0
4,1.1964181217155145,6.996070853055579e-05,6.159785245149729e-05,2.3170845253523664,2.532035909109196,0.06697038347293294,0.0367754199314692,1,1.0436024422100323,0.00042344065834601575,0.0,0
5,0.4359037667303096,0.0038212753068380596,0.003807218742546407,6.79125922853765,7.24108988339675,0.23319040006545738,0.1886774296772744,1,1.1201236604538085,0.024652434406964335,0.0,0
2,1.3582281715007767,0.00010107599362123163,0.00010031469475353293,8.203318525755263,8.203318525755263,0.0445293676013503,0.02349122455893833,0,1.4914903168966525,1.1509882520149296e-05,0.0,1
4,0.9159925385748205,0.000353315325112257,0.00018731281385993943,8.806766845764603,10.553951485584383,0.029354019006531826,0.02012210352880222,0,1.6471480891527235,0.0003268579503123634,0.0,1
5,0.6901072326101629,0.0009324040408947695,0.0008147091558660632,4.170399268493204,5.2862159546886165,0.025548674324040038,0.01750226270821345,0,1.1727723114933024,0.00029011357980857815,0.0,0
3,1.046724630874915,0.00122752191002007,0.0009090149442282456,2.3123528798293416,2.3548717513315474,0.03906267015626386,0.023133921862275614,0,1.1858535570333748,0.00020749366437662265,0.0,0
5,1.0255477621873599,0.0013548424821522857,0.0008963912533020902,19.05228933628481,22.650986779087766,0.04993583529384506,0.03159042841371225,0,1.5077532827183935,0.0007768304612186446,0.0,0
2,0.42657284025042125,1.5000341098544535e-05,9.040356462921195e-06,8.698302382129254,8.698302382129254,0.005173732025536205,0.004762852083011549,0,1.2504740409554314,1.1758395353557214e-05,0.0,1
4,0.5740527874194171,0.0003084724373004708,0.00021825635475589898,7.022146444535101,7.609025989166521,0.1835043667652616,0.13750918889354044,1,1.348432114818056,0.009252887378082005,0.0,0
4,0.4530569324714296,0.0019074931407683275,0.001882680486026563,5.467498374367817,6.098197812653985,0.2424268481651548,0.16984598101766363,1,1.177473907657243,0.027729468123813408,0.0,0
2,1.078937594602384,0.0007329930366406388,0.0007313476380286188,5.7482277134415485,5.7482277134415485,0.18046576113380958,0.15480688050485214,0,1.7245260386519625,0.00838973374134344,0.0,0
2,1.1958475491162948,0.0011424802501143422,0.0011419459477311213,3.3161712310487017,3.3161712310487017,0.1594356407125796,0.12195391120428187,1,1.4366377737452114,0.012787854689810562,0.0,0
3,1.1217997464913019,4.0328384645089404e-05,2.116629373644341e-05,4.0530970543230405,4.323371076666987,0.46054509896991924,0.3654882309365888,1,1.1194704131601623,0.06407012216227988,0.0,0
5,1.2612932711853642,0.00029542860820032054,0.00024134103889695058,9.018513429763217,9.680822181290898,0.05526488365294226,0.03383113189123087,0,1.1465863710861988,0.0008237100820599774,0.0,1
4,1.7759984017647432,7.363525123757543e-05,6.972147018673714e-05,17.564862869610057,19.699212420456206,0.04304480799341321,0.01919747801266529,0,1.3945947838200512,0.00011854808230650317,0.0,1
4,1.3440766479372903,0.000633077856214785,0.0004184329229150345,15.152552437103905,15.894285379954928,0.21438004519815956,0.17616737171397817,0,1.9034539002642357,0.014074794117666949,0.0,1
2,0.896454061552953,1.4744939833948462e-05,1.2765729887628914e-05,15.004699757291137,15.004699757291137,0.21243521689080985,0.17631122800135327,1,1.469272224088089,0.02127071682845034,0.0,0
5,1.0443352953601424,0.000651164452672927,0.0006053209632481325,2.3274247062991185,2.5733736067554567,0.0639757429007756,0.04442950101075455,1,1.0534880117213794,0.0015266614797737061,0.0,0
5,1.5557277268353298,0.0011422313619105604,0.0010517704485613118,7.680870721495453,8.90900699655962,0.2216135054884828,0.11693284719646804,1,1.2101980700795554,0.005496280560487193,0.0,0
2,1.7981951129553821,0.00039138271698943203,0.00038230024195043725,9.625511669301247,9.625511669301247,0.4644204320178468,0.3734042856544574,1,2.1114249797344873,0.1122057648958603,0.0,0
5,0.6986813132848928,0.00010076767072586219,6.26978826019599e-05,10.897238183834984,11.239520705892355,0.03284999127644141,0.020081925689370145,0,1.200261514026772,0.00042041141818003014,0.0,1
5,0.48845143063414614,0.00023179320954339045,0.00012397107407739297,2.3448427257519597,2.6317687558580443,0.03758676695803803,0.021925872188850924,0,1.0677906223930043,0.00029468378119420336,0.0,0
5,0.658591156354274,0.0010474640139789637,0.000540077587603155,12.09169859866655,13.830529491870035,0.04706281928363244,0.029856889995246983,0,2.687079333985011,0.0005387782199940664,0.0,1
5,0.48202331053276265,0.0002454838634876423,0.00011633796740039687,15.186685952535354,16.860383683021375,0.1819139539412255,0.1475038645967957,0,1.726380724047745,0.012872601800615866,0.0,1
2,0.4107496624351472,2.0296459421030634e-05,1.4849137413070685e-05,4.807023324620603,4.807023324620603,0.009718954425336344,0.009019168495187418,0,1.146219070801403,3.788309265189904e-05,0.0,1
5,1.4997239862698424,0.001004207296957089,0.0009813531658457583,4.456331781818224,5.033305151699077,0.048303489761559223,0.02160737930051202,1,1.0647625774016158,0.00017713097564808842,0.0,1
4,1.4951227718393616,0.0006440447819332113,0.0005703976606274197,2.7384054579093906,3.080406319690908,0.12999909543080232,0.11468095319759514,1,1.0850825861949542,0.005834701178391871,0.0,0
5,1.7485905577752825,0.0006218026576924288,0.00035094519402853675,2.634432037509058,2.8730532168958267,0.24650290519941281,0.15490707773469656,1,1.0573969579344782,0.015762934464333037,0.0,0
5,1.0644194604779325,0.0014476687286301786,0.0013806125036990408,2.060819874215186,2.144295017957721,0.03160900572434449,0.026368052486180737,1,1.0436801330867083,0.00020486226318871005,0.0,0
4,1.6382971217498965,0.00032084939021330503,0.00030207039886452836,1.991874633246754,2.1622658870819653,0.22937049182539448,0.18605111569760155,1,1.0555248229242016,0.010542912175870733,0.0,0
4,1.45339003482407,7.542417742609212e-06,2.696352256782425e-06,9.120255859303509,10.919715470705283,0.05261308178616948,0.024694938671543404,0,1.1607362824773613,0.0005584893139017501,0.0,1
2,1.3550409355470459,0.00016038983773559372,0.00015229511650534025,6.523612831506648,6.523612831506648,0.03478408207123432,0.034172012458048406,0,1.44847104759747,0.0006027749336644902,0.0,1
3,1.1544543439992498,0.00021012847241402515,0.0001517188573166389,20.459085267503827,22.916704889368223,0.2490360927937958,0.16926727633658598,0,2.333652276384237,0.017134737371186832,0.0,1
4,1.7704051995378893,0.0007066974268731173,0.0006907006466099372,20.205157062686045,21.292218286607426,0.055299327441798496,0.033385473845833305,0,1.3038429341422824,0.00030581782864848317,0.0,1
3,0.8834765298996716,2.1797970424305168e-05,1.2719272860004766e-05,21.182182741073785,22.051114363822904,0.21332729707598747,0.1560335089423879,0,1.5891962852193509,0.010494946644501546,0.0,1
4,1.2985017758662742,0.0007347898734655507,0.0007086204205691488,5.499382539938338,6.13519635950841,0.5479623011915769,0.4044422898654547,1,1.1236975361603032,0.06358438093275137,0.0,0
3,1.2102852417849643,3.815730064409507e-05,1.9509092304511937e-05,23.261560521785004,25.107598515723637,0.11463496522142784,0.10895472919116406,0,1.971811421114634,0.00632233581624597,0.0,1
3,1.1794458859277999,0.0015243761802561941,0.001522154794494011,6.392785380726467,6.932542176476258,0.5450216304639037,0.4567067781458995,1,1.0906531668643598,0.08577209486996616,0.0,0
2,1.1205575145320241,2.0030491301348577e-06,1.3525303188877914e-06,1.840407117721741,1.840407117721741,0.04242030772214352,0.02201798091542355,1,1.0244223832242814,0.0002948042637778566,0.0,0
5,1.0458327830400966,0.00032956748745039186,0.0002956806231522839,2.366097104453313,2.6912023173485684,0.23785454999122913,0.1757090560119543,1,1.0396022003310597,0.027364609569968328,0.0,0
5,0.46631055251237974,0.0020582748697266728,0.0017188095491097182,3.594210674449452,4.043496418514961,0.04891473890236553,0.022885193684247792,0,1.0839863156597767,0.0003444086161151737,0.0,0
2,0.930865167174852,9.316524104640978e-05,6.059611279393373e-05,4.7101415377790845,4.7101415377790845,0.36789621319504057,0.36459337496969557,1,1.2491752915543952,0.06918487740274877,0.0,0
2,1.6145052263226987,0.0009796528874394955,0.0009499973636539557,5.646199862668677,5.646199862668677,0.5248923590588896,0.427775863964752,1,1.8053182703790023,0.14544119567104993,0.0,0
2,1.2660592649668998,0.00019715377121737383,0.00018322654642896228,4.953155840801858,4.953155840801858,0.18571111342976682,0.18109034107951774,1,1.3509786973746225,0.01728613310893244,0.0,0
5,0.6230278577192125,6.958239434500898e-05,2.9384627517270394e-05,1.5751306502254545,1.731254953226486,0.24035556282688547,0.16787774731332888,1,1.0380726590169103,0.018776781918193944,0.0,0
4,0.5857814699728646,0.0006493988186123071,0.0005559490467901623,23.445000711701933,25.56634581323993,0.24515762211939152,0.16334240008432233,0,2.8273668596938184,0.009677451506973364,0.0,1
4,1.0813210579729482,9.293202490975393e-05,6.28302155188352e-05,5.875090514522013,6.137488338807434,0.03689771285119314,0.02633492986588259,0,1.1350427292608205,0.0005128380313080458,0.0,0
5,1.2226888276951564,0.0021150316506241807,0.0015255180811595491,7.756157180684928,9.132360707951639,0.04614640863622842,0.02619095542959942,0,1.228111311492067,0.0004296136363729709,0.0,1
3,1.28496557145579,0.0003698503584361216,0.00020122854186848052,13.585910191614271,13.629466491250817,0.21388306884169395,0.18408336810517623,0,2.3427062812386548,0.01652347571461947,0.0,1
2,0.4070796123279264,8.268672653645117e-05,7.971045589684626e-05,2.4118644605460293,2.4118644605460293,0.5324792540087411,0.4021128255763424,1,1.115530938062801,0.04195289825937697,0.0,0
4,1.1591429061731278,0.0005061429773551377,0.00043635475506456574,2.050968941917764,2.278255673837814,0.20708036049916617,0.14517537219716742,1,1.101384025717954,0.012657023598922727,0.0,0
5,0.9078182422993918,6.267911012071393e-05,4.343833919769921e-05,9.484652116670999,10.325384557197752,0.02410370838259513,0.012640547731823057,0,1.1540564336829602,2.303142743730953e-05,0.0,1
3,1.2303373096694505,0.00021029840659345344,0.00017744149647746368,22.64946829219494,23.84369535288986,0.025849212594519715,0.021542343534301272,0,2.3551217875396855,0.0002732145545707943,0.0,1
2,1.662375143756846,0.00033127327713386917,0.0003305670177764872,6.268592265003497,6.268592265003497,0.5144945951931288,0.4142476604370308,1,1.5754760803108752,0.14233789472432537,0.0,0
4,1.5069350244084063,4.213876716745079e-05,1.8793189680801086e-05,4.050724609824848,4.3941193641626874,0.5489367617324835,0.4991335289300163,1,1.088692439789779,0.1514861161674023,0.0,0
3,1.1660274552188485,0.000627785892392084,0.0004167680397665764,1.6013634615802355,1.637677071564585,0.026323730112302414,0.01918241742813619,0,1.135751109404029,0.00022500178526062363,0.0,0
4,0.9041485177619747,0.00047784714749575454,0.00046975870664508264,10.417391253567509,11.005803914186052,0.23121214657803674,0.15108703683713243,1,1.2073523488098241,0.004824478389565157,0.0,0
5,0.5401638854129582,0.001210847936459745,0.0010870410313011268,5.467792868803124,6.480164080004551,0.029358486826495535,0.019926637328066387,0,1.221347450474814,0.0004142615129673794,0.0,1
4,1.5114407514045904,5.7791901953835644e-05,4.2123141077301726e-05,5.545230800778678,5.901501812394002,0.1877318076148737,0.1455763106019451,1,1.164894332196495,0.017001169355979884,0.0,0
5,0.7955273692410905,0.0007733419762442057,0.0007169141322104783,6.750399135018849,8.150957695642338,0.0608404067269042,0.035860249784696194,0,1.174081761391787,0.000613516363111511,0.0,1
4,0.5659244835690102,0.0021890589476072308,0.0021384964874710264,7.988463887513133,9.364623068913296,0.2431735403293771,0.20626285092662205,1,1.3324519142487876,0.026748356923513267,0.0,0
4,0.741083375163552,7.612150964474814e-05,6.739351439302767e-05,3.2521318395120393,3.5590886011706395,0.05460322082798422,0.027389208272702643,1,1.0494717409450907,0.00134838356579383,0.0,0
5,1.6536140690616539,0.0007763385876510058,0.000688961095427746,2.5182951556738864,2.7899802695332605,0.04326241460584615,0.033528727716818786,1,1.0935337055388838,0.0006899405096379567,0.0,0
5,0.5820110384999329,0.00047296257068971624,0.00025410969217144503,8.145968962139177,9.634190384033934,0.05398138426980513,0.021687852316831072,0,1.295718070994372,0.0005211141934123489,0.0,1
5,1.157419408694656,9.933382369959216e-05,5.695544594306888e-05,21.651518495828764,23.616454627339312,0.5082111258493395,0.42101242943832784,1,2.270232433942682,0.09075152093923365,0.0,0
5,1.2310353732071253,0.0002696716553542724,0.0001810780963147597,1.9726263099353263,2.452376615726382,0.502556117241314,0.414107522604591,1,1.048682891296086,0.12689707238946682,0.0,0
3,0.4085668806232926,0.0018620956277856653,0.0016874709581745633,20.23204157706197,20.399183811678434,0.1966872272061344,0.17552150941485323,0,43.313243206172366,0.0156853132519111,0.0,0
5,1.4819235768682537,6.915338688551925e-05,4.5446078302403195e-05,3.820917992141252,4.443315654598885,0.21741029217013652,0.16673548092857154,1,1.0887826632545365,0.01130104130799619,0.0,0
5,1.7196467773348276,0.00021522710718778552,8.704735026120342e-05,3.1814646103846487,3.321622874380212,0.03612163072324702,0.01676323473218725,1,1.0375942005586534,5.748471695814506e-05,0.0,0
3,0.6959915222495733,0.001709745542587735,0.0010750788316562518,8.075093947385781,8.1654123541523,0.24637484005555738,0.1786170039079978,0,2.1240589196088675,0.01752708184696309,0.0,0
3,0.7877975099678818,8.402136945597744e-05,3.509404302335939e-05,2.9794473721563826,3.4851498884250454,0.03504750074948913,0.028788074832510738,0,1.1200693691372758,0.0004667325699457144,0.0,0
4,0.46584876604394004,0.00021128458071965184,9.542217761472307e-05,6.308772766299554,7.141727235184391,0.24841361881566448,0.18262579977526971,1,1.3660093246262992,0.014644020540112814,0.0,0
2,1.5381365475066215,6.118931383825814e-05,5.5616966196230856e-05,14.064741618965552,14.064741618965552,0.2231649659135293,0.17399448799439296,0,1.7926189402038493,0.023893683151972166,0.0,1
4,1.438623670918473,1.915801686314816e-05,1.3881354787795759e-05,2.9966641348828267,3.3754268374909913,0.5172774211479263,0.43658027114654346,1,1.0627930784159607,0.10915663999554759,0.0,0
3,1.380596692499531,1.6293715019430503e-05,1.2228371259142338e-05,3.3451845125392596,3.351393449074238,0.4554573431003903,0.39780814855818414,1,1.0573221383485825,0.061901052196849604,0.0,0
5,0.7146076216889473,0.0003795063538330388,0.0002754767325014414,4.042537411532827,4.260900830669349,0.1944960428455617,0.15219575679180258,1,1.105961224222637,0.007406008689248658,0.0,0
2,1.6407980809878087,0.00030973062836356526,0.00028240454589451984,19.142898996409073,19.142898996409073,0.05437607252149168,0.030240629698399305,0,4.264884197219624,0.0013972168607843257,0.0,1
5,0.5184895449967757,0.006849082072145777,0.0035138746030341813,2.732628441734626,2.9363364578507873,0.5045018464366968,0.40188199176688555,1,1.0568913226166954,0.13533215131846896,0.0,0
4,0.9679349052845327,0.0002663049076522522,0.00020720906847160824,8.265824688656332,8.528232898867696,0.5401163017152157,0.43135846286069923,1,1.3150421072377658,0.07923063136166449,0.0,0
5,1.011220591656911,0.0008797449659477894,0.000823825652982721,1.3307200326576663,1.6184602143579372,0.23978233726381815,0.1768038938576429,1,1.061085576704287,0.013938911953388576,0.0,0
4,0.5996335257018738,0.00022058360634925555,0.0001313579306116827,3.2867200157581933,3.6719907477809017,0.5493088744603795,0.4665950178333953,1,1.1333941970584778,0.10945652907314242,0.0,0
3,1.216929695558389,0.00010364789371986297,8.588712811385014e-05,14.832935350407356,15.54936413507091,0.05460482870296754,0.041748433481134495,0,1.4992138113568083,0.0004043908554152071,0.0,1
2,1.3038632240948218,2.9287716868764466e-05,2.710355449514529e-05,3.5701498367649616,3.5701498367649616,0.4170944160540059,0.38129755493693396,1,1.1213238203485456,0.06370902184182939,0.0,0
4,0.6927613668728422,0.0004962077177520734,0.00043044024230406665,2.424250014697575,2.4672204278384453,0.2061352181394434,0.17289786512707794,1,1.0748561961146736,0.02083173037511073,0.0,0
5,0.6066230663030605,0.00238431350191161,0.002369679988769724,4.931644064626424,5.536792348777892,0.5452250556177578,0.4171511542187451,1,1.0874570211416632,0.14932838756385863,0.0,0
3,1.077382908753073,2.742475833801903e-05,2.2590898601547114e-05,5.586072474972345,5.811795642727345,0.21704090756686706,0.1605650219230564,1,1.1822272715032647,0.012562153145023994,0.0,0
5,1.3717788660644175,0.00046351545750521943,0.000317553418872112,3.417929382119705,3.8772812947299733,0.5179753941144204,0.39115684155874375,1,1.0855010127905051,0.05531032171251895,0.0,0
5,0.6365663410059124,0.00029299063377978546,0.0001694570289407345,1.5972253047989242,1.7370105862349465,0.041151884585044124,0.018733047281946708,1,1.0605847676502653,0.0002329101929045306,0.0,0
5,0.9447259459643661,4.5226802284541966e-05,2.654779502026176e-05,20.408531411804777,23.899098596584594,0.053474757740335305,0.02351589325054332,0,1.3945413682514605,0.0005593059258280693,0.0,1
4,0.766993718950341,0.0001742388904682805,0.00010056684427099338,4.288336416305382,4.580193780994356,0.24951350723337135,0.1915910110222352,1,1.213254025236812,0.02407351384391226,0.0,0
3,1.6012900712847216,0.00019709459091799786,0.0001321848887611813,4.078019453931292,4.356876066922547,0.032500280328852806,0.017357072206369548,0,1.1860592555366911,0.00010503100879677088,0.0,1
5,0.7391404372927737,0.00010666570142082096,3.4161731768687434e-05,2.70452280602008,2.8998066685918866,0.4824305066139254,0.381450200013051,1,1.088148082827268,0.06804492517813934,0.0,0
5,0.8015532980081311,0.0014622088351171146,0.0010936598477659246,15.29635466368359,17.56036724202994,0.23866868714980255,0.16972771100332254,1,1.6249618764201834,0.013971226110827625,0.0,1
5,0.5278535768890735,2.887905828229734e-05,9.155862663719602e-06,1.3684196620105311,1.6326441752409402,0.06448704057630661,0.02141019542087934,1,1.0323796911708167,0.0004801001539411284,0.0,0
5,0.9649471390832987,0.00010138826205177027,8.018018846630477e-05,6.117392618034464,7.91673979299935,0.23911479529262203,0.18706250739961328,1,1.132106085768072,0.02699700792899063,0.0,0
4,1.7169864660751166,0.00024346606756415348,0.0002333407605251089,1.9334229578847673,2.062665162264611,0.04061712868620902,0.03183004457712255,1,1.0343020718997176,0.00034044640575645627,0.0,0
5,0.7959036036450898,0.0007135330738097654,0.00037239722404369056,2.638161477818214,2.877214186214969,0.03629800866570605,0.020493678613630353,1,1.0382723335299588,0.00011943100480158445,0.0,0
2,0.8628762174117323,1.5603717311109914e-05,1.4784939384154886e-05,23.309999264538398,23.309999264538398,0.2436906291466096,0.1993625659957223,0,1.8482722006542396,0.02899794186739399,0.0,1
4,0.553873941569214,5.560519609622562e-05,2.5137795656316908e-05,1.8044581856164186,1.8819849396225485,0.5248495419126458,0.4753252714751961,1,1.0619761925901081,0.12383470492271179,0.0,0
4,1.1834275586656808,0.0019431677345138033,0.0012936578981674015,2.378094535664056,2.4226233332643443,0.0387784188834852,0.02392873103704761,1,1.037259276378026,5.232546147280457e-05,0.0,0
4,1.2504453371423576,0.000978095513815221,0.0009635201233518635,4.1962190425572095,4.616487616643216,0.2480156192768761,0.21045554896256868,1,1.1287866982728398,0.02886385881952301,0.0,0
4,1.146450043466414,0.0007425817282167716,0.0006833622569489184,14.524723581541071,15.715295838550533,0.0507080637302026,0.0169861255498271,0,1.556502674800875,8.565446752593264e-05,0.0,1
3,0.5846763611048527,4.711022267035637e-05,4.191601280025028e-05,9.915199374190097,9.977899611895836,0.5123924822116752,0.42600628331819973,1,1.4388054615853791,0.05061296000552889,0.0,0
5,0.685656224395144,0.0003620388895855316,0.00029381348026847226,8.39332894349725,9.628662489104977,0.1982797027053947,0.13355783864548337,1,1.2123964394845737,0.016100192787302105,0.0,0
4,1.7083683502588842,0.0004473421396930843,0.00042697770625489066,2.045619641817581,2.1242496542558196,0.036623295160707975,0.01391877286438828,0,1.0630295705400439,3.566112910515388e-05,0.0,0
5,1.3447160357340782,0.0003397706834020588,0.0001442992226469296,4.895290691752222,5.147999814330073,0.041824723488265415,0.025718912263068987,0,1.171897908556563,0.0003190367043048495,0.0,0
4,0.6172320583442841,0.0011745217225251749,0.001134728310924115,16.932680200546844,19.246958322024202,0.14821635326381677,0.1184956503994621,0,1.3649402402106323,0.01101312199417397,0.0,1
3,1.7881091144005206,1.0685025572198039e-05,8.316376399198415e-06,3.9170249787403724,4.245865920135923,0.4827717173361513,0.41403134724221036,1,1.0654876528835915,0.11348640391628852,0.0,0
4,1.2535415191497328,9.843113318104754e-05,7.183494973016974e-05,2.8196246918694015,3.3291034418489236,0.06433639000604206,0.03425668820951418,1,1.0502675580120384,0.0003462662047041782,0.0,0
5,1.1562572674036558,0.0034464568254737623,0.0016352957406513702,2.5466189117825873,2.7744837463709757,0.24293504303150137,0.20044627102163512,1,1.351809084127697,0.022451335338386457,0.0,0
5,1.2904872295810084,0.0014617629778330458,0.0011166297713679227,10.429833476341,11.657487069482702,0.042408681296874355,0.025052024133449553,0,1.2894240673296073,0.0008493768859402879,0.0,1
5,1.3633296287099939,0.0005432633619248268,0.0005041253067589568,8.702347822275378,9.985162736429412,0.23609624427755949,0.1685653656020621,1,1.1290167367527144,0.011172630040029802,0.0,0
2,1.2598670398443583,1.8079719000141794e-05,1.7522808678571165e-05,4.706692114190797,4.706692114190797,0.047278845677185904,0.031181565101596434,0,1.137186412584269,0.001086017130310737,0.0,1
3,1.372222898132678,0.0009698936939348185,0.0009462876576748486,17.672034404680915,18.8172281755053,0.05909798768669959,0.03672562002927599,0,1.8286765539188112,0.0016666049751221667,0.0,1
4,0.6466065952750879,0.0012391605876254184,0.0011246788923398028,4.002350110437251,4.420770129287191,0.02791071212900905,0.014516413401707758,0,1.2170716376279522,0.0001893695263704231,0.0,0
4,0.8628310726317836,0.000777438747777168,0.0006865146228306001,3.4569855411950043,3.764334843549554,0.041975893323521876,0.02494579870868327,0,1.174722361843928,0.000520935860098313,0.0,0
5,1.4375132668252688,0.0001614711237700215,0.00011991117275612607,3.33014152483744,3.9761749543520866,0.06425330825933946,0.033504454282953344,1,1.0712364966281096,0.00024116440035475522,0.0,0
3,1.4760469017529325,7.968754276588783e-06,5.169905450833581e-06,7.0695895326257965,7.79796631815425,0.20987074466178124,0.15029442879640256,1,1.1459874045818288,0.017110535386904966,0.0,0
2,1.0040502319319284,1.2319958695646686e-05,6.655485959316386e-06,1.8327674837036667,1.8327674837036667,0.20924813020770738,0.14806210228107963,1,1.0450112810456067,0.012153977732284639,0.0,0
3,0.781655895735735,8.80388273686392e-05,3.166281312048032e-05,13.096576971672064,14.088321542825234,0.5109190600412493,0.4619285404395934,1,1.7102384955247758,0.11540611109128973,0.0,0
5,1.1608158155085064,7.078027078121648e-05,6.143574752966477e-05,7.840985542155229,9.633187748640447,0.031940694579192005,0.013805693345988227,0,1.1666220004839074,5.58701997732236e-05,0.0,1
4,1.2929282349528166,0.0004152666476820393,0.00033060007272500106,3.6970139849677808,4.041398504631684,0.03002699027026506,0.022510772009638306,0,1.183937815375632,0.0001475598228062421,0.0,0
2,0.703741429106688,0.0011725529371375938,0.0011645868195851732,4.861112594482752,4.861112594482752,0.20925973928766484,0.15767093062168996,0,1.7140310444046392,0.02204614955106958,0.0,0
4,1.2233785186199433,5.4758927820988096e-05,4.1868846881224314e-05,6.449515168834369,7.753323065444687,0.03305264445681257,0.02379296088272561,0,1.2063670103031316,0.0004606815815940806,0.0,1
2,0.6639728816014188,6.395324990192533e-06,3.767635265909628e-06,5.9079811907307445,5.9079811907307445,0.4159452178085874,0.3572484321303859,1,1.1208743784199546,0.07170360627702735,0.0,0
3,0.9851017890828235,1.3547255376035337e-05,8.828966048352652e-06,5.716105864853257,5.736673898655114,0.5478830327604758,0.4571833254941935,1,1.1048928977613133,0.1313585749884943,0.0,0
5,1.2531793016950754,0.001616129145932421,0.001097681478912205,17.37345239271869,18.73900448673383,0.541944249140588,0.4135963315783224,1,3.319614542566987,0.122599388383487,0.0,0
3,0.6815751184530294,0.0010937234479585529,0.0010323762319754955,7.19629404275451,7.640792685801339,0.050199609418480166,0.03307232529872502,0,2.1915272651492295,0.0011914711405999216,0.0,1
5,1.3804441170968023,0.0002582087486236677,0.0002504674044969225,3.1244236302544874,3.4704501318950545,0.0404716040245527,0.020757196433627608,0,1.052926606516631,0.0008028611970623466,0.0,0
3,1.5945203151295884,0.0006306269686255054,0.0006166401423089861,2.5486301238722016,2.8474279411737866,0.028125725339600775,0.01835223855064394,0,1.0659589500891418,0.0003895344473788017,0.0,0
2,1.6178286529739399,5.822268762779269e-06,4.396771135375406e-06,12.340309561541849,12.340309561541849,0.031274030253216456,0.018698344113717326,0,1.2602988262206147,0.00038055397125561185,0.0,1
4,1.469594787225669,4.903857354630641e-05,3.07956704678368e-05,3.0602428414659415,3.5008872740604815,0.024395117319298578,0.009621104558619569,0,1.0904556530680005,4.106459167033896e-05,0.0,0
4,1.1828099555724907,0.0008398532011429985,0.0007724409782373062,8.153508188830825,8.476636082068822,0.4829217201119957,0.38483113063635854,1,1.4496245630417366,0.07385390501790083,0.0,0
4,0.7713095382304643,0.0001091489565442154,5.2917488128965716e-05,2.2297630009794127,2.670486408048068,0.23329440675977703,0.15372618500986251,1,1.0914081813839782,0.013563080784382444,0.0,0
4,1.5669893499741532,0.00029156458882708856,0.000250932556067909,6.1653663980228774,6.682904449114116,0.5452743989202985,0.4136035091223177,1,1.1654485330304687,0.05001025747193603,0.0,0
3,0.7311873616307707,8.674004471758029e-06,4.146097965686456e-06,6.341053634595573,7.461265721594346,0.23489727969915386,0.16332024086812683,1,1.1191656008430964,0.01767880580710102,0.0,0
5,1.7304417945475201,0.0001644522140186393,0.00013509527270781418,6.262263248164107,6.953130833423998,0.23105445181539996,0.15528690291571703,1,1.162343971552472,0.012358721971682305,0.0,0
3,0.5720253412920804,0.0004358341209897951,0.0003545065043722152,2.4714981725681353,2.7046063714197883,0.03811586572852392,0.027499088009381306,0,1.1178624789603686,0.0006697887497423755,0.0,0
3,1.5023564092022645,0.00030701167389569775,0.00030122150706640114,3.7216903078004844,4.06725030885509,0.047736547553773497,0.028893483181527402,1,1.0859268697899915,9.512495120281749e-05,0.0,0
5,1.323869122660557,0.00012797939698355818,0.00011002246110721092,17.24866785427306,19.379527983840326,0.0449725000250495,0.03354582279923976,0,1.261354226143162,0.0006992769802215441,0.0,1
3,0.4046540278004948,0.0009144037899173772,0.0006702031019333031,17.74677672585526,18.329554837831047,0.02347730777996175,0.009673230206205068,0,3.692024606642767,3.658461953869179e-05,0.0,1
3,1.1638089300998222,2.3347167889023236e-05,1.1620392087122647e-05,3.4178761591267017,3.960580797617577,0.03765930050987788,0.02697549730522061,1,1.088921862782774,0.0004131951004785096,0.0,0
2,1.028077345290662,2.6445457124352265e-05,2.4197652821038393e-05,2.636798865246124,2.636798865246124,0.022629339817308445,0.022246829170735408,0,1.08515680981584,0.00024053622271090486,0.0,0
3,0.8992708122829209,0.002128450280588627,0.0011865462052214112,3.4692088291551366,3.6395536491466585,0.058705257367479405,0.02823156477587181,0,1.4266622406253393,0.0010854798422070136,0.0,0
2,1.244248401257726,5.8191663639942695e-06,4.9877026845697225e-06,2.0090459412238064,2.0090459412238064,0.18953265718071277,0.15513623237212323,1,1.0383004705227072,0.008877010650046261,0.0,0
3,1.6858218360038513,3.9913983300319365e-05,3.631651379518344e-05,12.789845466994844,14.184606844531599,0.3804384801923211,0.3313359507781912,1,1.2825421791053988,0.03940908727469517,0.0,0
5,0.6541549859279244,0.0001982094275921047,8.748456288562422e-05,2.9658073984860107,3.1621285509847823,0.07363605002829827,0.026004032732235928,0,1.1152801814928632,0.0006403602860814957,0.0,0
5,0.7142774514396504,8.572420821431239e-05,4.4178191797897954e-05,1.396735124274353,1.5781527004993696,0.49979809507233736,0.3722189884103659,1,1.033740755915758,0.07668065547770057,0.0,0
4,1.2322313664364684,0.001214452715532488,0.0010676432883600941,7.498479985630513,7.759638385163452,0.5169498819640539,0.4564217745167386,1,1.296984829749357,0.1104199811320677,0.0,0
3,0.8879412699932396,0.0012049294277700561,0.0011949865369362562,19.873265505426176,20.0454103319686,0.49600050554646324,0.4159689321026256,1,1.56478215490518,0.1305640014778129,0.0,0
5,1.2950168509171176,0.00040884725828754635,0.00025818204965114423,6.6629991071670265,8.02439715460667,0.02480878849617144,0.013787981270367008,0,1.2324431450295514,0.00022557468663017416,0.0,1
2,1.0081843956447376,0.001029350386371605,0.001020787862355187,3.989894322913653,3.989894322913653,0.034133404766457695,0.021826742186004087,0,1.5246165944811154,4.9205239045424955e-05,0.0,1
3,1.2640731880021665,0.0011423963601651277,0.0011355714639272455,4.562034595720141,5.282968326670884,0.47525739376396137,0.4068531515476421,1,1.1258142218670952,0.11987926903850776,0.0,0
5,1.4563618332943116,7.640323499711796e-05,4.385822880557498e-05,3.4350794904897834,3.7423410953916907,0.45702533393603295,0.38701331055636184,1,1.095597715336397,0.09535697617983427,0.0,0
2,0.8593261402613854,9.75036521004169e-05,6.48330412123381e-05,3.1984771526020817,3.1984771526020817,0.045757300973694376,0.024331692400113243,0,1.1656073260841462,0.00036573589553527734,0.0,0
5,1.5018249149866507,7.771959323941294e-05,5.305986783201659e-05,1.4868540596422006,1.6378152496559792,0.4496977394364259,0.3560033690942879,1,1.0342956326335069,0.04336156056534903,0.0,0
5,0.8680371523282218,9.328267683412384e-05,7.963223277187126e-05,2.71666384501436,3.0263548271772143,0.2353991406589268,0.1644744425123581,1,1.0604666752937602,0.01077086443645274,0.0,0
2,0.8129793722027902,0.00026833450836891436,0.00026733902111989626,2.2282577688972958,2.2282577688972958,0.04692349294808375,0.028974298366905408,0,1.161370922277192,6.44521495441931e-05,0.0,0
4,0.6866327946533779,0.00021491385419392464,7.958678061905707e-05,1.9190250665937656,2.0488481697682874,0.1949934755712747,0.1593019590425273,1,1.0933759346546752,0.012567643805506566,0.0,0
3,1.1404159654451083,0.0012788877397801447,0.0012677941470214137,4.2291239034559505,4.26962329141039,0.19764941987676332,0.12926314379437115,1,1.1031091002043545,0.01956897295685608,0.0,0
4,1.1079188387931396,0.0007508366730594296,0.000692051084887936,3.16672399976888,3.661091291574209,0.04705773735370039,0.02766064368508562,0,1.1227713609156478,0.0010379107475091901,0.0,0
2,1.1839309199092316,0.0015853209468018334,0.0008849354906162763,8.72301632009035,8.72301632009035,0.019407529121514118,0.01186277639683522,0,3.020082626262796,0.00010484576277122633,0.0,1
5,0.4910080754023788,0.0002596276755808379,0.0002136180170970745,1.3019311800841553,1.6319068699414314,0.18827565087727532,0.14868298859787904,1,1.037937147318412,0.005541440312909083,0.0,0
3,0.8881531459861272,0.0013547481126572768,0.0012849625644697305,2.94694255518305,3.1532328824356837,0.02391933384091518,0.018995348741014953,0,1.3974890546106116,0.0002814407690213511,0.0,0
4,1.2281911937476093,0.00010729040049452136,9.389854817365298e-05,3.7013612303280468,4.197360082829104,0.4690569350169123,0.36005465157805305,1,1.0972350992318642,0.10742050577126142,0.0,0
4,0.9456844268452302,7.0325187137092745e-06,2.3393848571600837e-06,3.651809942209298,3.983286480385883,0.026951827314693616,0.016707268723753013,0,1.0577632824522356,0.00018720946103043695,0.0,0
5,1.0042696203209718,6.7902167773279e-05,3.5549452414079474e-05,3.5371231457440686,3.840411092121182,0.4314745589636009,0.35158932323106756,1,1.1036944188168094,0.05860789611955103,0.0,0
3,0.5340915671952512,0.0007548263786792489,0.0007094627244988653,3.3094663598301555,3.6572367311615306,0.05511741779248243,0.04129410351912515,1,1.1306867294479879,0.0007315561803201248,0.0,0
5,1.1929202784430908,0.0015615882065082034,0.0007391831958786641,9.166856904278845,10.911064955713373,0.07224687644407209,0.040056737119302896,0,1.176644486502796,0.0007513625758751695,0.0,1
3,0.8103900656071302,2.5568905345825943e-05,1.258957071617721e-05,11.9056208779517,12.330485832849053,0.21995978277797396,0.17699773817789813,1,1.3667850044456076,0.0187256379927605,0.0,0
5,1.5169708235531905,1.2028748354096076e-05,6.832310250991623e-06,5.260629807993618,6.0258823384213125,0.03582645025644174,0.013923946689634675,0,1.0878079561887757,0.00039363348111423597,0.0,0
2,0.5839785318678332,0.00012495999144414353,6.696812283388555e-05,3.9178930951560735,3.9178930951560735,0.020767225084368388,0.012192317683400523,0,1.2263360541429655,0.00011506878443698996,0.0,1
5,1.2493104288225414,0.00027474631487018627,0.00025284237935666466,2.071911835604666,2.3351889314369525,0.021624932042111286,0.011064580300027566,1,1.0335922033952294,4.604912993261006e-05,0.0,0
2,0.8210857500214646,0.0019514841768624276,0.0009837288359409724,12.267136616821265,12.267136616821265,0.11355468439699648,0.10764523392630701,0,5.909047472726796,0.00601729122288567,0.0,1
3,0.8564495010041175,5.067640508852344e-05,4.4772951273076415e-05,6.323419629359864,6.469800902378851,0.02747987167180563,0.018149556905823233,0,1.27380765208492,0.00034862130718271586,0.0,1
3,1.797019501277056,4.725593393196621e-05,2.6634182983312743e-05,1.7900393908282362,1.8079073456948582,0.2014339345618402,0.15109824394258464,1,1.053457404251138,0.014948067208527597,0.0,0
3,0.9646285715312648,1.944385903486279e-05,1.7892540135540736e-05,2.2099673941267106,2.5096266316786124,0.4724147564793578,0.3901445208230818,1,1.0627105734589224,0.09219284316420118,0.0,0
3,0.6131753649455306,0.00074940095372207,0.0006624894283845644,18.58783257837093,19.436795208682156,0.24812863568402593,0.19459409880856113,0,6.96999309244452,0.01075969378511422,0.0,1
5,1.7313368284335784,0.0010168441920293553,0.0009888531254922898,3.3152741953538163,3.9476024870747346,0.03133323948652676,0.012570554617554991,0,1.0962981932666502,4.724659542835888e-05,0.0,0
4,1.747993853142844,0.00039736998391386397,0.0003152370452836338,6.120005428913772,6.464235762195856,0.032351063999596745,0.016032441893256387,0,1.343511253805043,0.0003968535758331795,0.0,1
2,1.4025596519942276,0.0006914099438997856,0.00067122477563384,5.779144592960272,5.779144592960272,0.23651058721111246,0.213727845777739,1,1.7111317588025163,0.01864384746414282,0.0,0
4,1.1186744974958427,3.478601284685039e-05,2.6375568185317325e-05,1.9597929601350141,2.2880550612999078,0.03351511311242522,0.026291768990417814,1,1.02965030203095,0.0005011766155056469,0.0,0
3,0.8125229397570036,0.0004781774642431726,0.0004610991179742008,4.14175764941852,4.55100240021787,0.01989985445815619,0.012768080879837737,0,1.1421807283512542,0.0001908285379184763,0.0,1
5,1.612788594135314,1.0816393326012659e-05,4.335009141905268e-06,3.1108501530880504,3.6369692396521196,0.23728914325397416,0.16443052853980653,1,1.032247359733546,0.014983953528945321,0.0,0
4,0.7702887440108168,0.0014297667449874227,0.0009115396001043492,4.890531395975627,5.15965996060316,0.440203926637424,0.37409180382160606,1,1.4799388805790665,0.0910643483183721,0.0,0
2,1.752950024867166,9.193818324950901e-06,8.841576208286103e-06,5.806705309917705,5.806705309917705,0.03178008239618933,0.03023187575979397,0,1.1349529794220174,0.0005016690609476198,0.0,0
5,1.181667975675639,0.0007767888944610351,0.00047227848792149576,2.602674910696807,2.966256768216693,0.24195960250459064,0.1849878323279083,1,1.0740118481531842,0.013036746626112133,0.0,0
5,1.6310494796835013,4.1443912145742736e-05,1.5560855504513812e-05,3.6924801052095573,4.1750101296491895,0.04401322401516149,0.025208562885999476,0,1.0868285776280413,0.0005568785987437814,0.0,0
5,0.9869865956171392,0.0006482931662008592,0.0004473616603483869,2.2829654633907515,2.765511326545184,0.03602633726648363,0.015139057801526037,0,1.1193836404649586,0.00012282165832028122,0.0,0
3,0.5124309937929733,6.183228376356606e-05,3.6896669757889706e-05,9.02021186434719,9.150457907638355,0.2162330275875466,0.17154151704172882,1,1.3268769621880707,0.013146181699360802,0.0,0
5,1.7903013927281832,0.0002098261458322967,0.00010432630148825446,2.9822165531854217,3.3000536228305473,0.2416805130224059,0.1677450411212214,1,1.031702525091715,0.01673477752758437,0.0,0
5,1.3989419610945366,0.00012891057162363304,7.152196039688223e-05,7.644391608019531,9.43935714516714,0.05024344960534742,0.02745217725844317,0,1.2868530235418634,0.00019627373507613381,0.0,1
2,0.46382205257523057,0.0027630398253496733,0.00266579269635502,4.258588461843524,4.258588461843524,0.46652756223230085,0.39701935791132853,1,1.8788014074552721,0.11289418440946493,0.0,0
4,1.2145681851150083,2.4561153006604122e-05,1.7946913611591566e-05,2.518139027633522,3.137042871229283,0.2223105658994533,0.16666455689748266,1,1.0396331640118703,0.017317733397112043,0.0,0
5,0.5926425493593921,8.984913712829735e-05,3.898659821592473e-05,2.0550998699870386,2.2260801943482638,0.02385806383504111,0.01504084152109208,0,1.0493043212315882,0.00019836041653265195,0.0,0
5,0.4564457329092336,0.000235989403099849,9.156974547761634e-05,1.8165793531733343,2.07322322757308,0.030004787286124088,0.019236644970721826,1,1.0816370092731202,0.0001290763198711389,0.0,0
5,0.9382324832934941,0.0007653496875509764,0.0006264435934738562,18.901900992075753,22.16320477197898,0.04938037977557087,0.017788067386336953,0,1.4373002594506323,0.0001704893545988271,0.0,0
2,0.9437532670928498,4.0473066685684336e-05,3.896563738854249e-05,14.828345230944567,14.828345230944567,0.12795178133436205,0.12198580180752891,0,1.7076240973982237,0.006799078904263853,0.0,1
2,1.4472806421873972,0.0002939488406822291,0.0002764871523508977,4.3965692641166685,4.3965692641166685,0.4715770619178259,0.4508915836749099,1,1.3567352277694555,0.11680900810422191,0.0,0
2,1.5332853891285652,1.2784990278899609e-06,7.446791894734062e-07,6.766352283956709,6.766352283956709,0.1459829080008611,0.13770959402410754,1,1.0793890712561864,0.009738014041197719,0.0,0
3,1.3980811902274421,0.0003296028850653824,0.00032750566217950975,2.1009632761638297,2.155935965785098,0.021363472428271427,0.015383869472887982,1,1.0298715421963522,0.00022707152293182552,0.0,0
2,1.5021331965497193,0.0009220437734416554,0.0009203014706072577,2.6189345812431832,2.6189345812431832,0.01872916116385559,0.017489249443797296,0,1.3044784305182506,0.00013210423174867537,0.0,0
4,0.5875809708825819,0.0024720831288910774,0.0016139771644171404,4.717838993380695,5.313548088840455,0.041056819127420166,0.025254947050308497,0,1.086135247111322,0.00042597333967222504,0.0,0
3,1.0476063762306373,2.6178125952246478e-06,9.776100845798086e-07,5.667364168667998,5.7961971307046944,0.19297851013282102,0.13415412597719747,1,1.073264173972135,0.00929426464979104,0.0,0
4,0.5367836764555154,0.001975397222671077,0.001961856882693601,4.330997689718102,4.858948955444699,0.2468150794884197,0.1988840882604866,1,1.0979798987241325,0.030866714167498813,0.0,0
4,0.6603110892847235,0.0009623436583606678,0.0008932389597056928,16.833427960029265,19.418844508930075,0.4574885662012469,0.37382735724238436,1,1.7106439678888041,0.06334232023368197,0.0,0
5,1.650363079761113,0.00048370638953732577,0.00027029552940173506,3.218009830404162,3.5976469387640675,0.023125439772169958,0.01163113880301661,0,1.0849431280364223,0.00012360937217102184,0.0,0
2,1.2087947069508438,2.2296213664284004e-05,2.076772230306717e-05,2.245015613543513,2.245015613543513,0.03005209234694505,0.0205716429164041,0,1.0679361413873363,8.88069575184989e-05,0.0,0
5,1.1002682762856053,0.0003530013880651493,0.0003014806315511684,2.2603044506511547,2.601752126464145,0.04698189314800883,0.03469682413420736,1,1.04374285957579,0.0008529138074398829,0.0,0
5,1.3117483574286855,1.7176601771040282e-05,6.786640735867141e-06,5.200140014820953,6.035613437724643,0.05948997257487067,0.024228705744352007,1,1.0935361342278034,0.000616304009260276,0.0,0
2,1.4456283046192833,8.911891472867148e-05,8.77762645851407e-05,9.956105673510708,9.956105673510708,0.515061422184987,0.45011725353257237,1,1.593985593669977,0.07830882532523122,0.0,0
3,1.4632624970902315,0.0004418090994935927,0.00040615069067991027,11.48525003464426,11.518901131893182,0.525046102582655,0.3977095269494059,1,1.488527387217903,0.06920482444720831,0.0,0
2,0.713427461638571,0.00033904655576239885,0.0003291760163710588,3.1969143626019463,3.1969143626019463,0.36930956040970697,0.3145314773518574,1,1.2615111284208438,0.06971154587786124,0.0,0
4,1.7014792759354034,0.00030925971462998473,0.00027041633561704527,3.552375465312388,3.799177646962036,0.032004370345490606,0.019921659311721684,0,1.0911444047231802,0.0003543781671010135,0.0,0
5,0.4668612004656434,0.0020276034523187105,0.0014390050476728554,5.85020213995193,6.84871394437617,0.49481935874251104,0.40168954437952353,1,1.1940576567702657,0.07525824809373087,0.0,0
2,0.9778965904197285,0.00040153587536791055,0.00039028933283603216,9.396959724264404,9.396959724264404,0.03701756256448337,0.03303137238178552,0,2.0863226838449163,0.00042771118410665565,0.0,1
4,1.5553914094142245,0.00011668974352015634,0.00011049987254689364,1.7538334513227842,1.8943041336223267,0.03590095792092638,0.021340540193255236,1,1.0320193898762897,1.6926486006467076e-05,0.0,0
2,1.7627956173057213,0.0010445538541212977,0.0010334821656673657,5.178094422171074,5.178094422171074,0.21823709468726277,0.21784411281157226,1,1.7377506475816344,0.024101990726306453,0.0,0
3,0.7987718699365827,0.0003654997974068489,0.00017638207970230603,4.1042591995624,4.853134230799503,0.2499696075146542,0.19167478917044178,1,1.2938483131621414,0.024755470649673043,0.0,0
4,0.5768558484637335,0.0012168640721351234,0.0007857897696854182,7.438304470606701,7.994715398844286,0.028524266825411853,0.01632677916580651,0,1.398097582667332,0.00031571068917514645,0.0,1
5,1.6689802186253846,0.00033246771022725773,0.0002469947962409184,4.172271439919607,4.697321647154508,0.5059141118273793,0.40035048946648616,1,1.1068367049836834,0.09736559297111914,0.0,0
3,0.9363331939581024,0.0002700532285184711,0.00024396925935681635,3.3538188410137884,3.539100414990622,0.4615451613945396,0.36666845182567426,1,1.1090317509690604,0.0576476850653072,0.0,0
3,0.4879124380302878,4.922842803291239e-05,2.8633687829452197e-05,2.263986713792789,2.4027392066001445,0.039302506765799425,0.027528210520811478,0,1.0869051385590813,0.00028953067148620575,0.0,0
4,1.7633546574234198,0.00019073972571241704,0.00017140273728718622,5.828112132394544,6.601104332683285,0.04251533235185632,0.026407870094219882,0,1.2464866351602584,0.00027573964054573613,0.0,1
3,0.935085342536276,0.0008784399111045203,0.0008295502067237488,19.452010390229546,20.731335023602103,0.15365946961000046,0.12422590670517764,0,2.362821847939683,0.008762507326392409,0.0,1
4,1.127671458325989,0.00013048006736998997,6.940432323706441e-05,7.869723542226954,8.63344757876826,0.2126237079381954,0.14248652782975008,1,1.3740070340703785,0.016733582577159154,0.0,0
4,1.6248542640092594,1.3349387386854801e-05,1.0029040459354625e-05,21.366139094941563,23.995521675438354,0.025999722685454658,0.01807216274629614,0,1.297305129087169,0.00015059040777957162,0.0,1
2,1.3045667128100793,5.124419042445066e-05,5.030891462944831e-05,4.232308316131632,4.232308316131632,0.021161579164392635,0.0175029327884849,0,1.1778127532004412,9.805264868366961e-05,0.0,0
5,0.6383373123710259,0.0020982859356012944,0.0019930856542242446,1.3973424402801857,1.7093093270319075,0.20971263925831518,0.1441011461554774,1,1.0472648804355358,0.021768150654414405,0.0,0
2,1.570895493396763,2.4998541783829707e-06,2.0317561051039954e-06,19.127476561522368,19.127476561522368,0.03966271955659228,0.02033135977829614,0,1.3109104507447595,0.0001588544625170338,0.0,1
5,0.9603265878204716,0.00031320682737502646,0.0002092496670667208,1.9783054644948381,2.4409673547923383,0.22744893573693958,0.13759455409681856,1,1.1051374598149835,0.02037233287231815,0.0,0
4,1.7115992345630366,8.506898371775415e-05,8.026655518549391e-05,10.27851877693837,11.776599488938094,0.23615969075149906,0.1585002432638613,1,1.1706105551319588,0.004289910953852924,0.0,0
3,1.6021142823216699,0.0011924221600492636,0.0006067051139208486,7.023171686751463,7.733971384912685,0.05311989267344207,0.03927785420091922,0,1.8731881698834516,0.0010630708289258513,0.0,1
3,1.267611580056653,7.570404194528772e-06,5.486677871012584e-06,3.279460423445179,3.3512856211321314,0.031680146331895004,0.025434615122248733,1,1.0641409451759423,0.0004647005474250845,0.0,0
2,1.0280893668411792,0.0007994002113819477,0.0007978376873746128,11.110253605268523,11.110253605268523,0.015334389316337838,0.009324822901639709,0,3.0708440345203067,5.813631850342114e-06,0.0,1
4,1.1220047742681414,0.00047587903053939975,0.00042552750065299647,1.6485042957410903,1.890115062189338,0.22198894147332116,0.17034218911587945,1,1.0712437008146392,0.022684496665663047,0.0,0
5,0.5087136057510252,0.00027960128921641013,0.00024559137816128964,9.52105946963172,10.967146571852783,0.050896531738573864,0.03219089054343689,0,1.318309884901013,0.001056661028433239,0.0,1
5,1.4570257077170616,0.001198705467335581,0.0011418837776896603,2.3262829719326263,2.8439249296997704,0.22239674795833902,0.17875383518080096,1,1.0405507922567838,0.009932435063443133,0.0,0
3,0.8060783130437895,0.0005904404325161379,0.00030336259521596435,14.198270470898976,14.91937468303006,0.029278095854869624,0.020513747330713986,0,2.806788351887703,0.00030179926947282296,0.0,1
2,1.5080418500507595,2.922160904127178e-05,1.9324777273251862e-05,6.420666397747966,6.420666397747966,0.043830759051578905,0.022415379525789453,0,1.2287611558688336,0.000650321098970064,0.0,1
5,1.1113193475146579,3.9211179055594375e-05,2.0045976347634673e-05,5.894508597487378,7.621768214983034,0.5044481583429291,0.4759182454551366,1,1.0861626676662595,0.11831298912777703,0.0,0
3,1.1994023829197173,0.0006708023268996152,0.0006643406766392246,5.107881380770686,5.929921743497999,0.026554717027625394,0.023909468697837475,0,1.1398301128947925,0.0003518616795007947,0.0,1
3,0.4976193946831434,0.003416296540167147,0.0025990365418515817,16.851086313336022,17.026913891734424,0.17120632341640502,0.12625383080812652,0,6.606020903273083,0.00854138700694683,0.0,1
4,0.6154858379524304,0.0036795634627822425,0.0023103507507017573,1.9039264496588488,2.0914290881679256,0.24532094486301403,0.20391581750167398,1,1.2924156405477725,0.018177338545681848,0.0,0
3,0.5219372521668711,0.0001224713198436195,8.712989940861787e-05,5.164067590059953,5.588366758702419,0.018828139607850954,0.010366939996030389,0,1.228185205998629,7.382827026328602e-05,0.0,1
3,0.7618489652479276,3.4898691495579164e-05,2.342660245235298e-05,2.1261137010740265,2.1994052398652104,0.17159212327733506,0.16040835058273425,1,1.0674673228805998,0.014062954473260933,0.0,0
2,1.1027971148792306,1.9512614143401003e-05,1.0542266042986987e-05,3.5077550069343375,3.5077550069343375,0.23349850503052438,0.16115268112754857,1,1.1032405378310526,0.014650246751224668,0.0,0
4,0.931459141602277,4.8985411117353715e-05,2.650298936809672e-05,2.8265915460094053,3.2312480941649535,0.04763287370355372,0.0260664495919692,1,1.0586678388330866,0.00024354456952823718,0.0,0
2,0.4440236577735389,2.1915946950498785e-05,1.3636941169703653e-05,3.727655125537014,3.727655125537014,0.025467255318927212,0.019206926789257818,0,1.114651241144292,0.00023142472810056718,0.0,1
2,0.44226700607477654,0.0036067309966347576,0.003582437583583361,3.579372914737486,3.579372914737486,0.018845752604997594,0.01664613632977513,0,1.7823780339314395,0.00017718961133383708,0.0,1
2,1.7118829088603769,0.0001263810346530571,0.00011479936387420501,5.117568072501459,5.117568072501459,0.22291422629986946,0.17186627123161927,1,1.3070986257181707,0.023389913094479183,0.0,0
2,0.5680656421095525,0.003286133351588193,0.0032661350375065307,11.518228093505966,11.518228093505966,0.44528822120401357,0.4048668892839117,0,7.76739302476249,0.06920466141474706,0.0,1
4,1.2986950334482972,0.0012120539902398014,0.0011293149847776266,1.8141414046967652,2.083859072154679,0.2395939517574437,0.15148749966231234,1,1.0773450109267653,0.010220903305057717,0.0,0
4,0.41253691059124054,0.00046268881502598615,0.00028975180480098864,2.270302405483289,2.668683834956705,0.044485069211793266,0.01679617090244727,0,1.1569715979458006,0.00011349471734853361,0.0,0
5,0.5108228667071255,0.002846238103683869,0.002555735971879321,15.376710269139782,17.423481472730828,0.035148164755428105,0.031820317239791104,0,1.6386052783247835,0.0006006539761557927,0.0,0
5,0.9336232823470607,0.0024067197715119805,0.0018026081729595623,3.2526670314715327,3.6428533609289397,0.5399495157309732,0.39645829524440684,1,1.0521286893004294,0.09498738323372932,0.0,0
5,1.728078814625611,0.0012452665282295247,0.0007833111279364801,5.176830592237895,5.767344200329374,0.23578197078979102,0.17175033632847161,1,1.2047306928982005,0.01144419326255165,0.0,0
3,0.8215510276703929,0.0001556731777408193,0.00014632663227092413,3.5927346181615745,3.7366503114526157,0.10630884206650526,0.09647051531046648,1,1.2218624735514718,0.005152344533843012,0.0,0
2,0.4061866391861941,0.00019310332793819615,0.0001068491271373698,3.636789966517523,3.636789966517523,0.02865905370333751,0.020191064214062096,0,1.2448472527814,0.00025178297036291603,0.0,1
2,1.3258689695414931,0.00028753498859949517,0.0002867769277220198,3.869340510616869,3.869340510616869,0.003502026332293899,0.002326810590422954,0,1.3051416433877523,6.116359782118225e-06,0.0,1
5,0.5853533643963994,0.0016621622767444674,0.0008882457342681593,1.8792518897462807,2.0178079423876647,0.0367912380084006,0.013060697539957162,0,1.1134019016316785,0.00040174172558396655,0.0,0
2,1.6815231763777856,0.0001249816126856897,0.00012461844979604097,6.350862776277939,6.350862776277939,0.008703081671850181,0.0066871712687209,0,1.3931755253980256,3.778506145821011e-05,0.0,1
5,1.7110262150814322,0.0009197545224001444,0.0008108013022959914,4.147394649116359,4.319821227833066,0.1643541087458479,0.13865864222733698,1,1.1572809341630896,0.011099889921158995,0.0,0
2,1.2993090215130265,5.873904037157499e-05,4.605442514285523e-05,9.479439989768194,9.479439989768194,0.22166541774378967,0.21409063073930368,1,1.4701285411026062,0.024085321907292317,0.0,0
2,1.2173601063837731,2.2767876545094537e-06,1.1471066346981162e-06,23.147388243620888,23.147388243620888,0.029377732944877066,0.01787279151607938,0,1.374229838240808,0.00023526327108020872,0.0,1
4,1.2525072038182583,0.00018838822995074662,0.00012138610417424824,3.310400318537889,3.820803436076742,0.04229181149168351,0.021139063723644578,0,1.1371651619291177,0.0003243608142948674,0.0,0
4,1.493748278654989,6.053413168551641e-05,2.8143079548846834e-05,3.1451522536643766,3.5935292732616464,0.026247100971710208,0.016110524990872104,0,1.0697378602304002,0.00019331030276525084,0.0,0
4,1.5692349391627936,0.00015013753418243806,0.00012875408931141871,2.4628744665903155,2.6195578623401263,0.24740104714873246,0.17158663886002518,1,1.057372749155836,0.011326475278309898,0.0,0
3,1.7922454391836768,0.00021058768614546662,0.00019847291741597136,8.597652108518114,8.64083613576944,0.024278521333483186,0.014664991395519083,0,1.2283737252453766,2.5223028608541248e-05,0.0,1
5,1.1615834308904118,0.0005049160625391629,0.00046630703676262274,12.620539633672637,13.701239584824688,0.04484417457800846,0.018660812132006786,0,1.1941551533694847,0.000337263462710263,0.0,1
2,0.4289310328989667,0.0007635922028211569,0.000668392808098128,7.3413708312532835,7.3413708312532835,0.05144318018773682,0.03726367863790497,0,2.0358139208005412,0.0004281957904413889,0.0,1
2,1.2392792819366463,0.0006016123400464094,0.0004930010838481364,1.9618517113072567,1.9618517113072567,0.4932270617555029,0.4283993782364476,1,1.188198561228924,0.11843263867668363,0.0,0
4,0.5347479139968757,0.00022441533244959763,0.0002162763548264256,16.52984208361764,18.573782813258124,0.04490511576122912,0.023134564781276595,0,1.2861888530835983,0.0009790730805822882,0.0,1
4,0.9087018519314779,0.004117709934185332,0.0017902536701756369,3.4059927614433474,3.8716516181802683,0.21475426862095287,0.18708599500236006,1,1.507706218996667,0.01986807793375036,0.0,0
5,1.5254690940862914,0.0004427088455078309,0.0002607074478224534,1.7326792952939247,1.8884493237231637,0.030416145870281526,0.018483287017518647,0,1.0738828804339344,0.00018425543078004873,0.0,0
5,0.4581419390046393,0.0005111730833020314,0.0004075222134977847,1.8080520441690437,2.0075610473548444,0.038743737216924964,0.02943588027095746,1,1.0660349480465823,0.0006640795327901503,0.0,0
4,1.7198608416624013,0.0012203700963010163,0.0009835490197536508,4.5400610057400534,5.038964918863017,0.530333427254727,0.40953811709383087,1,1.3994574125304302,0.0635721616284618,0.0,0
3,1.2822302909698349,0.00010013625282659319,8.50841136992687e-05,2.6994963485717096,3.005922255286923,0.18697258233701036,0.16771618372359431,1,1.0888059797240637,0.014652831485228208,0.0,0
4,0.7967509436670022,0.0005515572995717463,0.0005391060185809783,2.2225401991769416,2.6918382414526127,0.5021069365878548,0.4015491638643307,1,1.0563531012908565,0.06143618836048154,0.0,0
3,0.814865766677809,0.0004891853234861209,0.00026078943314704437,1.8987121589442009,1.991417424627564,0.051931181104253085,0.03569280543408209,0,1.128370023713597,0.0009004297765522455,0.0,0
5,1.73157877122039,7.109426658573621e-06,2.3726704171494538e-06,5.320417404048989,6.022281477467481,0.05017836291629815,0.030190154625082604,1,1.067499029603117,0.0005231921445607239,0.0,1
2,0.5723515391479232,0.0008769851972640135,0.0008699718248541048,14.27968004646774,14.27968004646774,0.15304648277250388,0.14953241838736947,0,4.688392870708523,0.011766858779685287,0.0,1
3,0.5722774801792245,4.6062969616550205e-05,1.9681191656093465e-05,2.9168701257734275,3.0084740260268013,0.03073957810242013,0.017662215117040924,0,1.103947523428193,0.0002303259827554717,0.0,0
2,1.0636669212714165,7.212077602589426e-06,6.6337648183679375e-06,3.201327755888937,3.201327755888937,0.05426233279306984,0.043957027688387704,1,1.0664528193651812,0.0014019855309268861,0.0,0
5,1.3662845253128968,0.00015860772371767504,0.00015483277073664498,7.659998343784906,8.69225900332973,0.03666838236028938,0.017344138328716122,0,1.1110643304599768,0.0006584784181254644,0.0,1
3,0.8734068491487785,7.289565298849232e-05,6.93114983699672e-05,5.4729124776486,5.765190226811473,0.044413681192017586,0.03488769252182475,1,1.1012508241445185,0.0006561997238958161,0.0,0
3,1.3237800724718194,2.850351353058979e-05,1.8071754639814932e-05,4.771984124968724,5.27104357948862,0.0319013614657686,0.016812933803445465,0,1.1145942917973235,7.663230007239591e-05,0.0,0
2,1.743157621544541,0.00011732067983019928,0.0001163128303896656,5.758099559699073,5.758099559699073,0.46741190279815187,0.381288127257705,1,1.341931501713515,0.11528433345429338,0.0,0
5,0.579593380465123,0.000240150101822598,9.114399175176443e-05,7.38270181286184,8.139640158449499,0.18712966456191887,0.1375318559811349,1,1.2582052019449594,0.009029028110302522,0.0,0
5,1.5537282172786515,0.00011380421282096925,8.291455732256203e-05,5.297658339739291,6.293393406810074,0.49145507628103346,0.3984393039445252,1,1.1390341084725835,0.08441907782026783,0.0,0
5,1.5857293226674525,0.0010920765216039419,0.0009789528719391003,18.721196836969433,19.14003738061957,0.0642399729153512,0.03349330031247928,0,1.4566235481131773,0.000428122717132954,0.0,1
2,1.108520539091148,2.61184705281385e-05,2.3973837446030452e-05,7.129981517252563,7.129981517252563,0.482523265195772,0.43173942324034,1,1.2465904563705033,0.0791447567371962,0.0,0
3,0.7030695421888126,0.0001855568807383664,0.00017467292613737475,7.02670554169583,8.19421623503349,0.43477535461258143,0.3782632124056269,1,1.1759943358650942,0.04420058508530752,0.0,0
4,0.8752079331812992,0.0013902131858490106,0.001369559980125951,6.289472508487573,7.373627206135094,0.5287431865266896,0.3962159637955792,1,1.2453905169845365,0.07053265494590978,0.0,0
5,1.1056220067628963,5.764658120918764e-05,3.6971258340848275e-05,8.288282829319833,9.612014425749956,0.24652211321698314,0.1733553697729085,1,1.2035789651451578,0.017773647209049864,0.0,0
4,1.2392417501738087,0.0001677962550432462,0.00012698711347662557,8.609339612310643,9.530483770243768,0.02214657169791962,0.013566665816451402,0,1.312272463405058,0.00018902333015596056,0.0,1
2,0.5969924240116267,5.322361655329772e-05,5.167602459879436e-05,17.961645359788058,17.961645359788058,0.025732737432987225,0.022972365988274138,0,2.0461977406337684,0.0002072067867010638,0.0,1
4,1.725830708131463,0.0007576582752012488,0.0007280443023709004,6.4769970296769515,6.946663621749939,0.36478435550533284,0.3101924207853135,1,1.1147625414173332,0.057578194410845114,0.0,0
2,0.7574955959255587,0.0015252263766729383,0.0015022688898189073,6.034297594736507,6.034297594736507,0.027756040073806706,0.018399037201261223,0,2.089426103157798,0.0003786737069539358,0.0,1
5,1.140997135409342,0.0023445480985864434,0.0010184605846747438,11.13788714925738,12.737240771572983,0.18394879881367354,0.13296623089375753,0,1.9820702557802687,0.009144255543253396,0.0,1
4,1.2521986580461464,4.436707645649708e-05,1.757569620457866e-05,20.464469380782212,21.620368011322626,0.03922866067006023,0.03155852685119317,0,1.8838412190042602,0.0004513310632286733,0.0,1
2,0.7784225205874254,0.00036031478838193686,0.0003379516249021093,18.85635638785264,18.85635638785264,0.3465604219546885,0.30040431999188166,0,4.534336840899218,0.03573470148595989,0.0,1
3,1.2963077373416843,3.05874102179643e-05,2.2522421851517686e-05,8.09229574740933,8.88629671353311,0.04732680520033182,0.03083668792788843,0,1.1840722123301743,0.000830932375267774,0.0,1
3,0.8952839275888101,2.8925596212702003e-05,2.6580150471133088e-05,3.6440548641810113,3.7800826800389795,0.24246347674180002,0.19478433135897863,1,1.0516495343855239,0.0133483489277252,0.0,0
4,0.5591503032954664,0.0025666004732458306,0.001289977041664954,3.1641037725901566,3.3790419370524947,0.23938515847174174,0.1526137212496062,1,1.2155906879074883,0.016446004319501162,0.0,0
3,1.4730343141235136,0.0005397352669577499,0.0005250317509294165,2.7451957367168607,2.9809501401202763,0.03265018972294536,0.0217234440691856,1,1.0724641535777015,1.4606601050469965e-05,0.0,0
5,1.3797113940379244,0.0021633392948555226,0.0010354674943403234,5.625743590734695,5.719976169442873,0.23870591216884135,0.20445596733426422,1,1.8373817447130834,0.02340328744611464,0.0,0
5,0.7297931908586961,0.0002350288788282588,0.0001510798685317769,3.772809848370715,4.206662099226741,0.21768636732714342,0.1857031519202186,1,1.1127299155287849,0.01653050401821202,0.0,0
4,1.7782030271387053,0.0006966044146799121,0.0006811942468673254,5.9614510059641805,6.496592897031995,0.1639991256030633,0.12121373610733216,1,1.1314948300342462,0.004151852524542968,0.0,0
4,1.21344323920831,2.1985312951297452e-05,1.1137375507228724e-05,1.3380037524610802,1.4630970192853494,0.040127933726445214,0.02888793073704439,1,1.0275064616283267,0.0003569155416437003,0.0,0
2,1.2842352829940005,0.0002785808725734698,0.00027789447873465526,3.5331803364476246,3.5331803364476246,0.19146275507884813,0.16862353472914668,1,1.2718950466298689,0.01848234179022334,0.0,0
3,1.467385120225012,0.0007602290737300846,0.0007426077461963537,6.910873141158362,7.768436094010714,0.035690212451012934,0.022272611947285765,0,1.2059660643647556,0.0006309297636527158,0.0,1
3,1.6508518019568537,0.0006636699365331031,0.0003313643039893004,2.9739307634783345,3.2800591151524543,0.039961826640716,0.018716640294942688,0,1.2956134271136355,0.0004067790014768636,0.0,0
3,1.496116832058489,2.5360740707940402e-05,1.3284276831400626e-05,22.08543767740952,22.96487276473581,0.044848138784978536,0.019016393858999985,0,1.7781892294898032,0.0004893993838164951,0.0,1
2,1.0159696083260088,1.718797968990153e-05,1.1328719858975372e-05,17.552919244462437,17.552919244462437,0.038397246916801714,0.024718252982040827,0,1.6081148690887226,0.0005302590354399319,0.0,1
3,1.1127411600377624,0.0014338870347819972,0.0014215822698364102,21.746512355816563,21.77416823230279,0.41072624547141834,0.3678175840563382,0,43.313243206172366,0.08790430755901436,0.0,1
5,0.8540190866507537,0.0011220712595307366,0.0005115937423349349,5.263357446947216,5.645798199722884,0.05344416043451031,0.029216556251897972,0,1.2199667373893759,0.00024334702570348368,0.0,1
5,0.7246635433075121,0.0006622155233956269,0.0006288125265595359,3.168048545604776,3.3700811722954644,0.17512524799692586,0.13589627417020106,1,1.0708922261261478,0.005118319209079544,0.0,0
2,1.4402548588196056,0.00012116119105705975,0.00011206021153680928,2.288870580824858,2.288870580824858,0.03846722817452246,0.026227920098020826,0,1.1250815477238505,0.0001478734678074791,0.0,0
4,1.789731320969337,4.2657945243153743e-05,2.9051313220353415e-05,2.3363141726836143,2.462240235055205,0.018855611007937038,0.011175409207387481,0,1.0661758562255583,5.858242876486388e-05,0.0,0
5,1.6902093595114063,0.0008655024519896922,0.0008633919797404724,4.243515077927901,4.890730967890979,0.23119106382099924,0.19854508108978988,1,1.0436775595259578,0.025036362938225004,0.0,0
3,0.7572037573472992,0.0017734217989288847,0.001491011472844425,5.150198925831272,5.580648717731882,0.05348349669269456,0.024551746437783736,0,1.5109760119011377,0.00020510899557542772,0.0,1
2,0.8870332282553774,8.608167896508917e-05,8.244953795551341e-05,14.547800790650367,14.547800790650367,0.037826402414981926,0.028199532904706393,0,1.972789143093492,0.00019091874460536274,0.0,1
2,0.9794081152208917,0.000895987700680943,0.0007606994534824928,18.92786527347256,18.92786527347256,0.454014811736975,0.37120829652911563,0,9.367410613586069,0.06062768986327168,0.0,1
4,1.770387675674649,0.000758599040211514,0.00038891660417724816,3.75225577514961,4.197618787678206,0.05457217432035841,0.03376239430717715,0,1.324165290965817,0.0005646593753717636,0.0,0
3,1.263493959828365,7.25834024751542e-05,4.7457213057093245e-05,3.2938380268658185,3.812229699937677,0.03144146092405556,0.02055622005615684,0,1.1055850293851308,0.0003854576143267313,0.0,0
4,0.7054593972346046,0.0007635824068429451,0.0007113937574875466,10.36643069589843,11.407070245018025,0.5406238663035918,0.43285342263244764,1,1.4944476097594845,0.09164602639980594,0.0,0
4,0.6504608783135677,0.004043684352729327,0.002694129188448104,5.1094590668663,5.136184999802623,0.06166739406292292,0.03792951766688659,0,1.2127996876605855,0.00032790752440702844,0.0,1
2,0.7863906586852577,1.3291125692306457e-05,9.64857095311461e-06,3.66959413241236,3.66959413241236,0.22006291414691936,0.18968877805061002,1,1.0946468046079727,0.01606108985907434,0.0,0
3,0.6991187668512666,9.162028573332686e-06,5.759779297785653e-06,2.2865437251029506,2.3294771221396315,0.2029247322562392,0.15473056941503432,1,1.0364163646799593,0.01533998428146306,0.0,0
2,1.7510408858991582,6.974159577183774e-05,6.832580383262211e-05,5.96906763251813,5.96906763251813,0.027155047898237476,0.014543976240348125,0,1.2919571207049803,8.718094517727277e-06,0.0,1
5,1.1679046758164668,0.00022291915774506167,0.00018225290700454335,2.467034048619343,2.89992161513209,0.051217166490052535,0.033405194838572884,1,1.0566756559213868,0.0007205960061014656,0.0,0
5,0.6590272794851115,0.0009977874758988346,0.000922394227479991,2.279630628976975,2.4549994937868274,0.22618576763797704,0.14022406115449676,1,1.0502173069810108,0.00659584113494911,0.0,0
3,1.588326365025818,0.0003455847066670508,0.00026063828308232494,1.789649807103707,1.881548803913839,0.05180290560274925,0.029372485958354743,1,1.0944498244220318,0.00012875198967366155,0.0,0
2,1.4605116729803376,9.34317731331214e-06,5.096447335456495e-06,3.2179854515659283,3.2179854515659283,0.24241066593964228,0.1711285491317845,1,1.0730487400064266,0.016138147865627245,0.0,0
3,0.7005481438461945,3.8831520014516434e-05,3.263903509055972e-05,5.9972483056253,6.210810890695682,0.03564175139344691,0.019085648492339433,0,1.1214201614629216,0.0005428042658471842,0.0,1
2,0.774671763505151,9.314733915566596e-06,5.63303852233046e-06,8.243403120695483,8.243403120695483,0.01840427271388706,0.012555275008839316,0,1.197946216857873,7.844477977408018e-05,0.0,1
3,1.2751211680824492,0.00022797523426027855,0.00013867391502929847,15.00590566465858,15.707576082509213,0.023233674925124494,0.01575887444448004,0,2.0351818695883117,0.00013165484757221276,0.0,1
4,1.7446176530479522,0.0002888602337893953,0.00017920205089177346,3.4650206882869705,4.100920962316606,0.24132527862515402,0.20691613656261099,1,1.0547080154904442,0.02583609434800614,0.0,0
4,1.3336926946539829,8.100940805218492e-05,5.704310394479627e-05,2.5851370625968455,2.7230219679934415,0.027010676301183378,0.014837886938818077,0,1.0753115612429087,7.21021387881004e-05,0.0,0
5,1.297335087066391,0.0003950443757171228,0.0002753211116282046,3.5046314174162343,3.6906376131295864,0.21384572239023752,0.18170660054661464,1,1.0955706810031995,0.01839491157965671,0.0,0
3,0.5346541098973041,0.0006044482849156438,0.000594245082423594,1.6242898751691932,1.7281660957014988,0.022144465536333237,0.017051714298286766,0,1.1535046266914086,0.0002442360862654055,0.0,0
5,0.5335863380388733,0.0025582726080946054,0.002491958763528775,15.985063400586041,16.9745187682099,0.040676706330561314,0.026143792055085,0,1.3564458847903063,0.0002001760095367191,0.0,1
4,1.579427170630871,0.00030743027736157926,0.00026358354349414873,8.723850452483731,9.055511841431034,0.24889089482665677,0.1840340564950758,1,1.2881804803626968,0.020487229983767747,0.0,0
4,0.9365747884366467,6.849046712503428e-05,5.5845124048158706e-05,1.6368169735071476,1.8354102797528398,0.2119320121566251,0.1538730624376342,1,1.0455820113319312,0.019973843862276623,0.0,0
2,1.4239342497225227,2.5159131494673344e-06,1.3826813214983756e-06,8.357947669155347,8.357947669155347,0.19656069387881037,0.15571541938635336,1,1.125568226754486,0.013828408165925454,0.0,0
2,1.1468707405954022,0.00031043058153906776,0.0003096606461664532,1.7321714664966301,1.7321714664966301,0.2489758374741503,0.1676921836109571,1,1.1298100450846715,0.0038118882898665416,0.0,0
2,1.672193602935712,5.977150456308931e-06,4.7415432470739215e-06,6.533440793003684,6.533440793003684,0.029559304551879953,0.021259013982454812,0,1.1313220222491334,0.00015458920033998677,0.0,1
3,1.6765920836784953,0.0012598090145278982,0.0011271545961702649,8.205202364235188,9.306951281466882,0.047849457804550424,0.04062756289871256,0,1.7479913015971338,0.00042251529900194895,0.0,1
4,1.4398052044834864,3.3924988552640804e-05,3.0875005065252334e-05,3.346644901344672,4.173792646815222,0.050849576133087396,0.04388862110838809,1,1.0465033741492897,0.0010310567494860525,0.0,0
5,0.5209745623693016,0.0038396523127132887,0.0018529038701960894,3.607557967729382,4.06668853292307,0.5301659867849955,0.44506101018279265,1,1.2970484639686477,0.07744110545590237,0.0,0
3,0.5051160863164802,3.210704628041981e-05,1.6752892465712404e-05,3.2005665068908646,3.809034878197904,0.03811252081720244,0.02146930052694553,0,1.086276098083111,0.00030039100020281346,0.0,0
2,1.7802227968762154,5.046003019918598e-05,4.989355954502975e-05,1.8476058831250814,1.8476058831250814,0.03541988364235066,0.02311652798656478,0,1.0736044184719147,6.500318307928673e-05,0.0,1
5,0.9753504994179065,0.0013937120030761056,0.0013119618654212615,2.8111693990229973,3.297742207350573,0.23553324516616547,0.18217606275255468,1,1.0949810179901105,0.010334620637671708,0.0,0
4,0.9465974319451498,0.0007360066858853103,0.0004550483722907908,7.688425858016347,8.638175467165611,0.23070715863078511,0.18882692048792105,1,1.460313912516507,0.022100624636876162,0.0,0
3,0.5209908309426802,2.2535910198571173e-05,2.005659567465208e-05,1.563342138806915,1.791108319019051,0.5460485960954691,0.38205425416107297,1,1.0288272270572651,0.04815104901971072,0.0,0
5,0.9293022879432261,0.00194471977808643,0.00189756119580368,2.3333237796170074,2.514388588918826,0.04012387742221055,0.020889557534808933,0,1.0755825812345432,5.564272234467071e-05,0.0,0
3,0.5960097873294045,6.644564188757138e-05,4.4501863912813635e-05,6.245210988588494,6.257263218119984,0.025583945726127464,0.015385004703470132,0,1.2005416477698496,0.00025521023581469006,0.0,1
4,1.4518330438132785,0.0001402235938983871,7.599205487391357e-05,12.457561554983405,13.452317399580352,0.04744979930539987,0.029946454754241864,0,1.4167825939258616,0.0003118577603587891,0.0,1
5,1.5081639327203726,0.00031916919886194883,0.0002865704478496189,8.556099236430144,9.741626987067013,0.046149526213817224,0.02393539708295032,0,1.2001759812984827,0.00035520524091597894,0.0,1
4,0.5338497020435994,0.00010254033685279483,5.362685479037166e-05,5.862053919635548,6.3362980305504015,0.548616032065476,0.42174536111480154,1,1.1730331638237566,0.11106011531512379,0.0,0
2,1.050522811574009,5.086056186729521e-05,2.988920241804105e-05,9.939506818105716,9.939506818105716,0.42271268445344445,0.3967309612147534,1,1.469777341501386,0.08516170096665818,0.0,0
4,0.8465110938254718,0.0021578986423654045,0.0016365221275829042,7.529114160781496,8.095909024182363,0.19720997646947458,0.15691308473639792,1,1.2490695730289452,0.0164310990590637,0.0,0
2,1.1605106309116715,0.00017310045822496945,0.00017162105999920371,5.523959758408157,5.523959758408157,0.013737950849886615,0.012378343281160702,0,1.3790694247618738,9.405018374089351e-05,0.0,1
3,0.9801242912599949,7.236201044695653e-05,6.0264950685709014e-05,5.521554356072973,5.629247929490132,0.026605519060374717,0.012734467732009402,0,1.2677951257436744,2.2755717625657823e-05,0.0,1
5,0.7770945505932835,0.00021584833828310103,0.00011633446579886148,1.3052513762482605,1.456771495930373,0.24019046268185928,0.15905729910071634,1,1.0479051022980637,0.015152836376131691,0.0,0
4,0.8414554003026352,7.047499512205261e-05,5.9771066824036716e-05,3.919455897106778,4.3955519016187035,0.05524124901551236,0.01814300231820309,0,1.0816252285200691,0.001303240912936553,0.0,0
3,0.8510219178799561,9.758862855939065e-05,9.362279414307321e-05,14.918116014364593,15.14463613773949,0.04582423690317235,0.02662430282604709,0,2.063112224160261,9.261565577903281e-05,0.0,1
5,0.5218180147571806,0.0026728852350337935,0.0025607371892884946,1.588943701928115,1.8301458694044965,0.21962501429699066,0.1619852400121115,1,1.0363445876576471,0.01335231236088091,0.0,0
5,0.6117132593923551,9.714267971671085e-06,2.8427950542466037e-06,3.153063190777187,3.4611330287951683,0.0177529725127534,0.013934849591437875,1,1.0466236293165327,9.31582712782475e-05,0.0,0
4,1.435946726172065,0.00010549331937412811,7.647454245943459e-05,19.6272804396041,22.29801612900172,0.23572833413565747,0.16477540871332325,1,1.6881822230284085,0.01326672909214098,0.0,0
4,0.8640967199771273,7.644478698019794e-05,4.3302143334034725e-05,4.10090545324703,4.59044384935412,0.46344952380957705,0.4041185521338979,1,1.1221412843481477,0.07338262155945725,0.0,0
5,1.3073436651741195,0.0003983734086815907,0.0003640276557092311,2.1776163660733925,2.3525961695979962,0.04448648162505297,0.018784761013139605,1,1.0583394026225719,0.000229098107580106,0.0,0
2,1.3575374937118008,1.6469328601288894e-05,1.5865491775911183e-05,5.721840445363009,5.721840445363009,0.03144709677025422,0.02927833990482366,0,1.1636195970401986,0.0003719690498594555,0.0,1
3,0.8004938005218233,0.0011728721848832263,0.0010254268243111051,3.799136504019639,3.8925690477742036,0.4609117031781929,0.3419389815361229,1,1.2325451667224145,0.04323882153670768,0.0,0
5,1.0122952571690935,0.00040683058733317554,0.0003379846951351337,3.6934187541515673,4.388909350825998,0.19905598851110745,0.15272248490711182,1,1.1143716298877557,0.005585272709867925,0.0,0
3,0.9500870779899654,0.001764191417156831,0.0012669620150280742,12.613952930558357,14.188663141459578,0.5003268242599772,0.449607291600008,1,4.01701790181626,0.09805223749094107,0.0,0
5,0.8396215118653567,0.0018367921266480747,0.001208542762673867,2.2146391052377283,2.3870496259108904,0.21913198355040348,0.15217881436286204,1,1.0373812796019954,0.018507317962137025,0.0,0
5,0.4759312675365449,0.005202793666671634,0.0025198196097607627,4.7905374757295425,4.991899212888309,0.23180652874620783,0.13480207868264385,0,1.769677892795127,0.0074263335482329905,0.0,0
2,1.0460567129414184,2.9391471441599115e-05,2.4445274772605833e-05,1.9188069711675546,1.9188069711675546,0.08882972484843753,0.08647418738393647,1,1.0635322511606728,0.003611903070468216,0.0,0
3,0.7222495385231232,0.002501784462503054,0.0024830843510983943,6.4071019059981795,6.553920493139095,0.2020205153288686,0.1784630977947729,0,2.538224133723238,0.009063467687520999,0.0,1
5,0.9525905168319695,0.0003733192384499265,0.00033966735876324604,17.581774457561316,21.140503263778953,0.5254317572752129,0.41978678685305393,1,1.5483667472499858,0.0469769599892912,0.0,0
3,1.4825287606609279,0.00017030841076214387,0.00015246854860658665,4.189191745217479,4.3007604720837005,0.1985430170235316,0.1772762614767559,1,1.1206390131597017,0.017367316289787754,0.0,0
4,1.5925498490765349,5.7748430980616805e-05,4.880274455401717e-05,9.283829428599198,9.625761892408937,0.5291585368256622,0.4778271860342902,1,1.2139344631313242,0.14648661823600936,0.0,0
2,1.7567727494686731,8.092642988457395e-05,7.938346653891336e-05,21.93159164055785,21.93159164055785,0.1719518724770975,0.13012287931914282,0,2.786249274562896,0.014602092047969951,0.0,1
2,1.7323220754674948,1.449378001826648e-06,9.971509784679203e-07,2.67548006435383,2.67548006435383,0.024061937752874234,0.019825301820196373,1,1.0319927821700516,0.0002374836041212525,0.0,1
2,1.1314169577362208,6.74777935628999e-06,4.274425822332309e-06,1.7840668345379402,1.7840668345379402,0.03743814757901906,0.027726537650678687,1,1.035686595740671,0.0005021057663633021,0.0,1
5,0.9340064465594673,0.0012684587906628439,0.0009370307957444871,6.693051376100232,7.5341909855065845,0.046427244925444686,0.025305062385014836,0,1.3130585514924278,0.0009470524616378539,0.0,1
2,0.9913531866517054,3.060054500795934e-05,2.2984134841999297e-05,4.712047287426926,4.712047287426926,0.020858979803394018,0.017543113751840932,0,1.16581448889821,0.0001313007909075923,0.0,1
2,0.8491866082755664,0.00012369808806035067,0.00012034051617830575,6.855119110377748,6.855119110377748,0.035540250734922826,0.03341909492779972,0,1.4289116483206823,0.0004942224995664119,0.0,1
3,0.9106444473013091,0.00010793539295249121,9.532577168401936e-05,2.88220831876627,3.0451694178062922,0.2184452686869084,0.1486330033417371,1,1.1489225788970938,0.009458791269681433,0.0,0
5,1.700642757083858,0.0005556198799204044,0.0004888587924126256,12.557656808178898,14.351032899556166,0.056896902622658424,0.020069569617671555,0,1.3823369753013333,7.543613617982307e-05,0.0,1
3,0.5490934800773347,0.0027352561621830597,0.00260695811454125,2.943129417489201,3.252698164385242,0.4645073812707017,0.39375117172283775,1,1.1670973415759056,0.048489206980778306,0.0,0
5,1.0772923269175096,0.0015358703034196342,0.0014637831453190031,3.154326257398027,3.303740711795939,0.4648983959649865,0.39114661982675136,1,1.0846306364222384,0.11259580060444642,0.0,0
2,1.6438271652827758,1.751899482615136e-05,1.4941968458286018e-05,8.82649992059265,8.82649992059265,0.23889484778383835,0.23622716375841,1,1.2698816685568064,0.02786160945022191,0.0,0
5,1.3489980072637893,0.0001776208158965284,0.0001578876424145149,1.9508815072743153,2.1965911718205366,0.5459240630443339,0.4818114600216313,1,1.0481332854863201,0.15632801357510626,0.0,0
5,0.6747873283361184,0.000927136563214367,0.0005964441231143961,4.564130230940415,5.139713176739315,0.03494845807765884,0.021636642143454985,0,1.1761775488830828,0.00046507058621004816,0.0,1
3,0.496939921049413,0.0011435903318293833,0.001128193408862446,22.63407364791769,23.044716200384173,0.40228002853779576,0.35295526907598457,1,1.809853495388284,0.08439278261220545,0.0,0
4,1.3992220021026014,4.8696956989358305e-05,2.987375795806693e-05,7.875016576547257,8.752361993189366,0.5327233753984747,0.39890038545368045,1,1.1737404956327055,0.11697128684129357,0.0,0
3,1.7295919559359343,4.963212578594127e-05,4.6434801871059654e-05,15.11923947026654,16.947440297393257,0.12931670248839505,0.10061978629592272,0,1.7844898197544414,0.0038937657431247757,0.0,1
3,1.6328116225338904,0.00010470446041056237,9.464097518801982e-05,6.165738127740129,6.3367597709609615,0.03452461634754435,0.013900361967742934,0,1.1574782019511696,4.4514391031045666e-06,0.0,1
3,1.6307515464942943,1.3598596585419582e-05,1.0332652916150203e-05,16.993791361431,17.115206782771352,0.18118207082204169,0.17694787852095697,1,1.305615018741996,0.016391194407470396,0.0,0
5,0.7287145919528089,0.001548228873676657,0.0012891937266900461,2.5829603453365593,3.2278180621058876,0.15539185763088642,0.12762329669399852,1,1.1352122607827733,0.004972309369880767,0.0,0
5,0.7394181048753872,0.00011103329674423818,6.006035438913289e-05,11.9946648332269,13.058633385387878,0.053590875940689287,0.028892202317003977,0,1.3015440827855664,0.0005488434946369086,0.0,1
2,1.7970115313201225,2.9551069724954487e-05,2.0995426264752433e-05,3.3089547374317014,3.3089547374317014,0.027618615430306432,0.015019116112066943,0,1.1123139282062313,0.0001153054491871007,0.0,1
2,1.770224776829119,0.0004236229623563681,0.00042147640742189803,4.798171368195782,4.798171368195782,0.05176819103602126,0.038788308453292134,0,1.4575499888597436,0.0013350858218723444,0.0,1
5,0.9677504654020985,0.000603053910910601,0.0005558631825276045,6.961203548311203,8.352315660606468,0.18877964986450263,0.15743461376889167,1,1.1679112804854506,0.011520697486454014,0.0,0
5,1.0051575571967204,3.077938968333513e-05,2.126754288106002e-05,6.042621654848333,7.443345229342075,0.21743199358924092,0.1624888373124578,1,1.1120600493628578,0.011460371618170748,0.0,0
3,1.0723811525910678,0.002244591173978145,0.0012784236002663636,3.012535822346943,3.01582180126408,0.035267616015095024,0.023048638643581282,0,1.3645845653542508,0.00040073925829311406,0.0,0
5,1.6487182701089558,0.0002460577364582207,0.0002067638854426479,6.096243091228844,7.08161594849779,0.2115575287298096,0.15609049646004675,1,1.2322604326972149,0.01593423739571161,0.0,0
5,1.29403570334111,0.0001468586527833321,0.00013334937757975696,2.775558830298257,3.1923847691895353,0.036656022381844726,0.02113630348471044,1,1.036662148334401,0.0006169782529989743,0.0,0
3,0.8824813694427074,0.0002473548484567315,0.00024256122064994222,9.600973302131273,10.145098900761605,0.03175691356153573,0.030391991431812,0,1.1835791529174111,0.00045644934243944084,0.0,1
3,1.3948199197118305,0.00030546793232689626,0.0001799125978653914,3.8608004657865758,4.072331359704384,0.03744052851779858,0.01826183326605547,0,1.2504604810770066,0.00040348016464971016,0.0,0
4,0.9474395671818546,6.456282052571361e-05,3.364024491058123e-05,2.3853151590858452,2.5512172584327097,0.24578113139568314,0.20550248590215145,1,1.0654503070882029,0.024609739003350572,0.0,0
3,1.6984698461264203,0.0007234914068093242,0.0003204135790548439,19.11002622253025,20.201555806255413,0.5435912200621599,0.4526596712472566,0,6.131987637757364,0.130861177453451,0.0,1
4,1.5618185462027714,0.00011970605183972035,8.894913962845197e-05,3.938415935234745,4.222380524802919,0.22811547961695078,0.18836062046380453,1,1.0885161488715365,0.021622155959564713,0.0,0
4,1.795543587475182,0.0004205320404194395,0.00023813388969917237,5.1564341186200835,5.855955471944814,0.07151533940740128,0.0350971577856707,0,1.2787062079211853,0.00046762142253783007,0.0,1
5,0.4639497665742051,0.0020374605052294894,0.001197468091271004,3.864551025841418,4.47830669921291,0.08249858598800192,0.044147440524724954,0,1.237823568905971,0.00044970553388943223,0.0,0
4,1.1872577662162376,0.0008835761851859663,0.0005031833983169965,14.875603206899875,17.13857497231847,0.2339600981555653,0.14837894754647155,0,3.7642469876643556,0.006767382941165294,0.0,1
3,0.44086949217825905,0.00046368123023095086,0.00043831329980646797,2.8752212774951666,2.9147911414123917,0.03289468352027453,0.025640445214729007,0,1.0945146082689703,0.0005261821854882919,0.0,0
4,1.400877324846803,5.519474193106275e-05,4.5763854366373e-05,1.7036868412969604,1.8835950645332213,0.45956128768157356,0.42880772582854587,1,1.0290350281280667,0.11104402277715485,0.0,0
5,1.6933288206965944,6.560960126352477e-05,4.71522338064299e-05,9.490659551073803,9.585165342708935,0.06009768838683119,0.04097157819356116,0,1.1509971551541154,0.00046511080034293263,0.0,1
5,1.3170038135268212,0.0003763526742459837,0.0003268598696124205,12.567384438491253,14.529296356728512,0.2360065007921392,0.18476306307207113,1,1.2366845749905766,0.018958515929801887,0.0,0
5,1.4130049466064736,0.002001220478621515,0.0011058415028169964,3.5146713850963813,4.120880050812904,0.5077063039232534,0.36678901733245406,1,1.2218799474497497,0.09696928964780314,0.0,0
2,1.4112925077420844,4.292416244567015e-06,2.224973102211918e-06,2.8127848216221336,2.8127848216221336,0.05696246575321158,0.032483229477233325,1,1.0486956266709573,0.0007923534760808513,0.0,1
3,1.2801951003243408,0.00015839314909971982,0.00014667338315263586,8.342355693310642,9.528337207255628,0.042842291515243366,0.020753713728723228,0,1.2181895106241611,0.00014788612716892062,0.0,1
2,0.5661832686475301,4.115586456787465e-05,2.103579218172825e-05,5.746383334510295,5.746383334510295,0.5229105907348868,0.507789973373874,1,1.2295756731687917,0.13880661131450794,0.0,0
3,0.6990812554964895,0.0005495709059086001,0.00041281476942091333,9.426080063576338,10.384387190644384,0.04843530954704599,0.019221680051597908,0,1.6651910955100988,0.00019476897886447592,0.0,1
5,1.0092092639894759,3.769514124100302e-05,1.4411811017485633e-05,1.734368330689929,2.044884078872909,0.030636006529425233,0.01720772534345884,1,1.0357927041035149,0.00011717188152972111,0.0,0
2,1.092114154822619,0.0001371024288771115,0.00013640356692816023,6.560371873099228,6.560371873099228,0.05465433107147921,0.03866458737530109,0,1.4239748972998594,0.0002641998700930417,0.0,1
3,0.7810808599882748,3.574448455025341e-05,1.8186731122155945e-05,2.2952357897201368,2.5387257351133066,0.49903135124473397,0.4441542505131261,1,1.077031445379411,0.09529781137455222,0.0,0
4,0.5003393401790815,2.579402493886127e-05,1.31057745904988e-05,1.843678103583389,2.0386326962481234,0.22985225340637827,0.1990101542078877,1,1.0433602750386115,0.021434789254550907,0.0,0
3,1.2920448599420822,2.394125279968246e-05,9.977381099265824e-06,19.137902722601485,19.634200999520587,0.2000932427649469,0.18102859516109895,1,1.6636183243916896,0.015484503794607517,0.0,1
2,0.6578621481704875,0.0012861458265327676,0.001283342113659405,21.511037894171185,21.511037894171185,0.03893099426906595,0.028330448927912026,0,29.661025652592112,0.0007576747087300322,0.0,1
4,1.5119878697292384,0.0002837409577937843,0.0002708226768637568,5.860101224843231,6.295022288041555,0.14621250197186647,0.12396839739102478,1,1.1809112942470572,0.005178972343908033,0.0,0
2,0.9989005409026355,2.8310069127650705e-05,1.6332714643133237e-05,5.426294775535082,5.426294775535082,0.009734119062459433,0.0061445471380293225,0,1.1879050007360907,2.9329274211209284e-05,0.0,1
5,0.5882608148385533,0.0006631953583108239,0.0005592973454785717,17.035907049138522,19.90429836308392,0.24344051340001882,0.20489494501425526,1,1.5392347378998847,0.023096978350756865,0.0,0
3,1.6400448973012605,1.080564326833454e-05,7.156622161935157e-06,16.311463593205612,18.073873286594683,0.03376081775286727,0.026263450190543075,0,1.4081412146286802,0.0004949485311019528,0.0,1
3,1.4319707512117734,0.00017243815605458686,0.00013897954943556964,5.491815694202313,6.081695464993238,0.027569796493101654,0.01509511267757257,0,1.3729791279659274,0.0003036702008773308,0.0,1
4,0.404185875055414,0.0010741323158001445,0.0009855346737741354,4.611133611660236,4.781346377399887,0.03673241886267192,0.017708205326989673,0,1.1640011661166159,0.00035532379494651915,0.0,0
2,0.7122758834974718,0.0001184592462818052,0.00011407910125126034,2.723817547928129,2.723817547928129,0.1277301881579192,0.1144116564829997,1,1.149387446186781,0.0052315128272497746,0.0,0
2,0.6696113633259472,0.00032233747935377495,0.0003108500147173521,3.673692967946217,3.673692967946217,0.006824391808045789,0.004914301000027916,0,1.300361657930306,5.127462738607859e-06,0.0,1
4,1.418050477869031,5.849940376902693e-05,4.968728047275973e-05,2.6283249409789664,2.7065916401312666,0.01805180651219035,0.01307397279572995,0,1.0545736877691751,0.00014494433590962419,0.0,0
2,1.7166801366801572,2.8569136992057923e-05,2.303028829523759e-05,5.634023010405104,5.634023010405104,0.31003487816994757,0.2941351961313786,1,1.1964315411327142,0.041294932338009134,0.0,0
4,1.2349287543102925,0.0001844374373317492,0.00017743304140548625,4.776758937534765,5.025749658587018,0.18029616363500015,0.17128790516458095,1,1.0942138870165936,0.015970292061208376,0.0,0
3,1.7692417124425126,0.0001732745147270882,0.00016949878262562443,3.072876269571402,3.2182268469137414,0.4573159348841085,0.37331791513988644,1,1.1940685242096933,0.0731694294060248,0.0,0
2,1.5726099933602486,0.00011220600662938929,0.00010187407213475311,3.9791079785513985,3.9791079785513985,0.0073155314543285055,0.00564624752428982,0,1.2212831973230363,2.4915179645069343e-05,0.0,1
4,1.4496291146739941,0.00010590910764261955,7.78794974160997e-05,9.776704681184178,10.668149337850869,0.23483192872082165,0.19619818974477907,1,1.3678363405639318,0.023816908119916155,0.0,0
4,0.5481779516721033,0.0029684115776116593,0.0028613739526579954,2.6110343264668985,2.9875807389054034,0.5474373128612277,0.4105948637999664,1,1.1237718154900642,0.03705429425196511,0.0,0
5,1.3746989038497208,9.295958271390393e-05,8.751913807059799e-05,4.145022830885436,4.368901155647782,0.19247231216725075,0.1726495875237306,1,1.0632019795838656,0.012067917343973727,0.0,0
5,1.503563898883855,8.774936899472024e-05,6.332542365869178e-05,6.541728689830764,7.421407977160722,0.0220911952108086,0.015133224018329589,0,1.1157297942389317,0.00012374152915098339,0.0,1
4,1.3196072482832375,9.906053966873416e-05,7.007753990243565e-05,6.65101484634153,8.080736864321375,0.20469833969993173,0.15316688859420954,1,1.2342300487559321,0.008705500363288364,0.0,0
2,0.4201824347064075,0.00010484983423490908,0.00010023415592092387,13.586540009275073,13.586540009275073,0.12751680017702743,0.11713246308051889,0,1.9691699855795786,0.008076780001649094,0.0,1
4,1.531913776483369,3.6473389644635535e-05,1.9580344124721312e-05,13.552358328277183,14.75888421663916,0.020411287933887065,0.012055738626740847,0,1.4719675192836335,7.25031529285098e-05,0.0,1
5,1.6561568190867348,4.8044321273860674e-05,1.9327408040935936e-05,6.792111600739831,7.618881933751204,0.04530644859394252,0.02344341847397278,0,1.1473526053362701,0.0005975842292660052,0.0,1
5,0.6442993293598793,0.0003791821904954311,0.0003515627059259583,1.5538327867736406,1.8399257261975472,0.4879148615088209,0.41760422363743344,1,1.0270438628976513,0.12395984275090811,0.0,0
2,0.608314798859347,1.5193672089374632e-05,9.26862905529622e-06,2.4413078829715085,2.4413078829715085,0.2418862361496843,0.18281823089703497,1,1.064916325179723,0.021002647765715407,0.0,0
2,1.0616957539267675,0.0002971035871766201,0.00018264435040665617,3.1370380954428683,3.1370380954428683,0.3247268096971327,0.31372258515477613,1,1.243700013816839,0.049847763642221356,0.0,0
5,1.1868279967250903,0.000367174903111388,0.000309311701756537,7.751549952779941,8.318938070737783,0.49200058036515226,0.3997241832118285,1,1.2960301127839524,0.08181750220870639,0.0,0
5,1.24706880616452,0.00022992546146081836,0.0002158918102701804,6.293251525186428,7.058740715451917,0.05158166027050111,0.014209838790294083,0,1.1254936435902148,0.00124812621776119,0.0,1
4,1.029963429455906,0.001503014717829022,0.0010789592706316093,1.8968832747745117,2.0349378322425267,0.24173762702707585,0.19586999452586398,1,1.159779326070999,0.01183634219916153,0.0,0
2,1.7234612869265917,3.114736926528346e-06,1.6685914105209443e-06,5.16874688335958,5.16874688335958,0.028910895840246684,0.023362285297165334,0,1.0816906158993858,0.00028077117508106756,0.0,1
4,1.0879526997138629,0.0023614855539353225,0.001638363901175088,5.391872760611358,6.3780476657072285,0.22566826239421672,0.14874780707497604,1,1.5131706579345507,0.02149717923591067,0.0,0
3,1.2072598063005726,0.0018303350858156827,0.0010907586635603775,6.758200038838197,6.901669004981811,0.5376897961645406,0.43848749159250994,1,2.16192038686828,0.09679970060039775,0.0,0
4,1.5822782395934634,0.0008776927315624141,0.0007130981708344149,17.011157907659403,17.611936832892123,0.021125867337978593,0.011873727352543908,0,2.721864472758092,0.00014190354708832882,0.0,1
2,1.1830027432400088,1.6585884318128525e-05,1.1824807049069921e-05,4.258524969949284,4.258524969949284,0.001456449578940141,0.0012282247894700705,0,1.1196367328678372,9.039799571365102e-07,0.0,1
3,0.8668489390439006,0.0008791737177728497,0.0007458396437768222,5.611792101334569,6.528533205518464,0.029953924015463106,0.019582765010233923,0,1.4887055922045869,0.0004058053925347505,0.0,1
5,1.7234962692262545,0.00040075709536021724,0.0003900919528862485,4.5513419574724745,4.87666984119624,0.5206529074485984,0.378462573270279,1,1.0641558869297685,0.04292381800581296,0.0,0
4,0.7919166059266161,0.0001352407996479547,0.00011371650561300718,8.443777803573946,8.943472394890948,0.037397553742439596,0.025144552786341277,0,1.1969107286559832,0.0004140791388398181,0.0,1
3,1.357793672394723,0.0004983827612794848,0.00048456680373157887,24.379357908382822,24.75833535374405,0.17478735075000199,0.16497176847946096,0,1.8902750688613843,0.013181573951294868,0.0,1
4,0.793949573002987,4.340799112551353e-05,3.344338526579271e-05,2.422230401516271,2.7422762304458304,0.22468798665121004,0.17901366025540283,1,1.0478937471748275,0.020368928922219764,0.0,0
5,1.4338647637284994,0.0006428899325462033,0.0006337006507093603,3.676178179423222,4.409709153839179,0.5373933718431425,0.4413569791288081,1,1.0732056810565431,0.03409753151648153,0.0,0
2,0.7643197585119387,3.401334785882943e-06,2.2951503543090363e-06,4.656988828589591,4.656988828589591,0.43000211199246696,0.35167055066835057,1,1.0755742964635278,0.07826843031731298,0.0,0
5,1.4715365576520247,9.931480495419693e-05,4.453062471030006e-05,13.175137141153682,15.308763701294492,0.19371802806861838,0.16141631996811387,1,1.5388238730706336,0.0151339622280405,0.0,0
5,1.3112579107426043,0.0005181666764208971,0.0005001998669948861,1.8315092376401296,1.9951567872514147,0.03605497387879454,0.019232408403235503,1,1.0385620096723018,0.0003729472882835206,0.0,0
3,1.1490418895428138,2.741204992058962e-05,2.4046191114465107e-05,2.1795208317830066,2.4845143492823203,0.20591042052997843,0.15280086585078123,1,1.070155708321998,0.01314632268526666,0.0,0
4,0.875417873522069,0.0020010898310803722,0.001147029812743457,7.654809905517791,8.412203524341118,0.547633657042876,0.47325871964987604,1,1.151146591497454,0.13329213797882006,0.0,0
5,1.6031621170699757,0.0010710434611214262,0.0008760074073690242,2.171925656931398,2.443709775133559,0.06463512234303954,0.02328680026015975,0,1.057972506272483,5.42285749718095e-05,0.0,0
2,0.6349025485759455,1.8458402819363835e-05,1.4212376998703138e-05,17.612552465257767,17.612552465257767,0.24548920387712087,0.24066186887008512,1,1.6296608359899871,0.02869147062225691,0.0,0
5,1.7595758437897469,0.0006885293546168511,0.0005962181191418975,2.6048283882568555,3.2912155512611796,0.248767930294076,0.17049715200448157,1,1.0904944966947347,0.029374155547120633,0.0,0
3,0.7627619965224666,0.0006859072979692464,0.0005175975656992108,9.984969192345218,10.60356952255406,0.03381282542252377,0.020391805054112748,0,2.376328048689784,0.0002907483908563667,0.0,1
4,1.7862047293932621,0.00010717057854433217,8.686428019519729e-05,1.4169538231863505,1.5779286016570717,0.021158281090787216,0.013216333227327248,1,1.0318968177683352,8.143851675024953e-05,0.0,0
4,0.9701739348827866,0.000720801061605072,0.0006659338496651129,2.6746747208500383,3.22599493730284,0.018779674546916852,0.011993694420581784,0,1.1081982885830586,8.395481779625186e-05,0.0,0
2,0.9837664621286125,0.0009773432465079595,0.0009345924670549215,23.11867447779391,23.11867447779391,0.03144866898510893,0.024330894252584664,0,25.99045571635626,0.0004532877007556661,0.0,1
3,1.6532401610557552,1.9059601065185493e-05,1.2005756139427885e-05,3.5216399911261305,3.6112828051404824,0.4451150479514091,0.3933520777436505,1,1.0727828475515513,0.07747468355382515,0.0,0
5,1.265596482126959,6.932720886761272e-05,5.1697939944341805e-05,7.364732582285063,8.2165412781492,0.189716035517837,0.11699795743408237,1,1.1844769596499929,0.0073077585965948865,0.0,0
4,1.0486236145944638,1.7376492021850357e-05,1.4240292445376224e-05,3.863685819325478,4.464004930012454,0.5289243015961793,0.4501888721034984,1,1.0544403611611122,0.12364959920137393,0.0,0
5,1.7268152216256543,8.915949597983921e-05,7.240990861246397e-05,7.555992372742973,8.317698155907486,0.04609658721842703,0.023897973054914756,0,1.1610212807231575,0.00011504986471097126,0.0,1
5,0.8626748234772103,0.00046983618822555044,0.00027041151372075113,7.347772087044668,8.258209999899057,0.1920303232448315,0.14127757500768007,1,1.249845676604271,0.014184665516688887,0.0,0
3,1.6390687145178737,1.1277147883736724e-05,8.793287208349307e-06,16.292247779327802,16.521215740281576,0.04472068752524051,0.0189670798440674,0,1.431076928889585,5.300154269893823e-05,0.0,1
4,0.42334685243845205,0.0016381812698311948,0.0009769968611527964,4.789339072379134,5.287859577336493,0.017573903201581132,0.012880390615163611,0,1.4448703756962258,0.00010973298263827805,0.0,1
3,0.5794041349374648,0.002809513830621686,0.002794646362132042,10.685556167158156,11.168591790369522,0.40512036026420917,0.37834482716596335,1,1.3152551368626244,0.055223237807615816,0.0,0
5,1.5405694922618962,9.674363655036359e-05,5.5473705112403716e-05,16.257009971742164,19.069526213226858,0.04074642306339364,0.023956027823506067,0,1.5095556264545729,0.000240238335152215,0.0,1
4,1.1492489652223163,0.0003023401360272119,0.0002472449614330943,4.45814580574697,4.687121009216116,0.03154196915808,0.022176573493605262,0,1.1683711839570474,0.0003552278672046548,0.0,0
4,1.0686062712321287,0.001973639682931504,0.0015609142665454166,3.239303478734491,3.529811332995774,0.2470692374397262,0.17960411570240747,1,1.066338398617584,0.023572519173963448,0.0,0
2,1.574642651136731,3.6670161944035946e-06,2.4366183098275973e-06,6.665222164092334,6.665222164092334,0.009114138781216988,0.007864940535009846,0,1.112871172837339,3.478423911560777e-05,0.0,1
5,0.5562292997235675,0.002602128893618754,0.002477297061140928,4.346200890498893,5.073886207743361,0.17204653035565948,0.12766123521946873,1,1.2242886690493395,0.008243585754989036,0.0,0
4,1.4431505672704659,2.441704332223069e-05,1.1864559414053126e-05,18.582716605194555,21.92787268284137,0.22254590932456014,0.13695257463730157,0,1.4655895550400941,0.012664937908440399,0.0,1
3,0.8671014459330869,0.0001069506769253031,8.062339977627498e-05,1.8884008386439761,2.0652891226577843,0.03647372500922025,0.023899383253846575,1,1.0718490136229537,0.00012859780473910743,0.0,0
5,1.5981088874805933,0.0003205077315942271,0.00029681310047405686,2.9725478849348432,3.388888437434421,0.027427729509303857,0.017946647092013428,0,1.0841786542303073,0.00028203979839373696,0.0,0
4,1.6337373907040966,0.0006919538977676109,0.0006669482918250608,14.093663075715721,14.438262365456524,0.03800411980692886,0.019564078503635864,0,1.5017473061646986,0.0006806845092888903,0.0,1
5,0.8039999086241693,0.0013682959925325963,0.0007717911345341052,2.555969506195186,2.798789660807136,0.05264619788348274,0.023084456605105916,1,1.074645902198022,0.0005693114254034585,0.0,0
3,1.1580967295838906,1.567356073865335e-05,9.407928394804395e-06,3.903340182114158,3.9973382953157524,0.026888702168377125,0.010010828741416887,0,1.077730008576645,0.00021374298223525494,0.0,0
4,1.3917084477420563,0.0009022380432471435,0.0006534083821673083,2.677365346890025,3.29946379821576,0.03410984811500664,0.021964370654574353,0,1.2620645159581103,0.000532752063944594,0.0,0
5,0.9039188119116374,0.0015442213241002695,0.0008869072392488029,7.09623399713801,8.114068981422234,0.4001444555895771,0.35899251954862504,1,1.3891839656172031,0.05149110425713624,0.0,0
5,1.307420906074087,1.0492789325846272e-05,3.5450249591697017e-06,7.689640524917076,8.61787548193668,0.23775422800533075,0.15560519684545718,1,1.1252178299598696,0.013965535743356114,0.0,0
4,0.46203583193970865,0.0018873040569963616,0.0018719328608963358,2.6195494924861102,3.097436811758182,0.049501737406612775,0.021848584093984033,0,1.051672212097786,0.0012165348508969282,0.0,0
3,1.0847957000770416,1.748601478396516e-05,1.2494218021881157e-05,5.478060601695286,5.815600514938248,0.04704142158501304,0.029459582607537088,0,1.1156296288283025,0.0002963287240169514,0.0,1
2,1.0441642693214748,0.00145645665041098,0.0014555486762347397,7.2794249060464296,7.2794249060464296,0.022548835299581998,0.016244262280287067,0,2.4176931677806763,4.949510062594378e-05,0.0,1
4,0.649337168945543,0.00011481923439282263,4.813733106643918e-05,16.257859155091378,17.167971963971187,0.05658065872027099,0.03127137891594047,0,1.8156683151268513,0.0008942506440694755,0.0,1
5,0.8984641759434592,0.0018754187144593383,0.0018679665883761085,1.941607650987604,2.2430551176315157,0.24584871466802583,0.16516552168552673,1,1.029120910683344,0.011162996782586447,0.0,0
5,1.0716976970223668,0.0012589548006944795,0.0011847397055558147,7.2700333617398885,7.94268848252804,0.5049402326554919,0.3472242159859656,1,1.2578595637793966,0.13390386452446357,0.0,0
5,1.7883276457871782,0.0009612202056893275,0.0005257822541012105,3.3797444335667746,4.090415869270304,0.042076952646424484,0.02491372991568885,0,1.1152491505909952,0.0004940648734815885,0.0,0
5,1.692582061525342,0.0004764006313990329,0.00046036768217010566,5.450197183864211,5.9869708020310854,0.04814933539816482,0.0300547486611255,1,1.0839278511705834,0.00078184322746781,0.0,0
4,1.6671192539840654,9.551470541654493e-06,6.123086759562696e-06,6.712357819392219,7.789332555663681,0.2326275200211101,0.2107786663086194,1,1.0873876301634484,0.02484957797693107,0.0,0
4,1.7147394754914913,8.18382921636135e-06,6.323739709006176e-06,1.8336979599914704,1.902510947758082,0.02100628948343691,0.014485821289261527,1,1.0240248519430197,0.0001949936837722678,0.0,0
2,1.6711126988833134,4.679957231154605e-06,2.410096377926715e-06,12.12416557597594,12.12416557597594,0.030176628796522734,0.024516370909102195,0,1.2352433861046834,0.0003075694473674734,0.0,1
5,0.9894948178223367,0.0005209375898678063,0.00030239509479686985,7.043330413498759,7.6517452825497205,0.48875358194248164,0.3960879726351768,1,1.5484377009445731,0.10052104038165802,0.0,0
2,1.224351264968694,0.0003926217285124313,0.0003668290784158711,3.4378192592885197,3.4378192592885197,0.17597515845510422,0.13080875998876101,1,1.3001520331149015,0.014883272288357619,0.0,0
5,1.3935171876174535,0.0016775911464949596,0.0013501254183564126,4.670250841964067,4.854328710508328,0.033091758698726756,0.022591144837640322,0,1.1438343429483535,0.00023306600580813022,0.0,0
5,1.2377055596452617,0.0001905140806223534,0.00013504411103074283,6.898034732199236,8.066872058748082,0.04508745779640054,0.02731468647298857,0,1.200837768146318,0.0007463758830292519,0.0,1
2,1.2942896821778718,2.2944908080198916e-05,2.227494250558779e-05,3.9831371176806862,3.9831371176806862,0.055736401670766295,0.03449518467323813,0,1.1249934416421346,0.0015099944179271685,0.0,0
3,0.4363976212331246,0.00026579922682762807,0.00018992956269612925,6.2616186703840295,6.687790817205034,0.020860012819097256,0.008532844739738879,0,1.4599328130720037,0.00016277152005359205,0.0,1
5,0.8744246790650232,8.021558916802845e-05,7.348506263920764e-05,3.8232012872587267,4.190919275267693,0.47822985045893285,0.40837669035861757,1,1.0498006772849673,0.11865472644166493,0.0,0
2,1.1820617941201825,4.174478167574877e-05,2.2373797784435174e-05,4.483548545665191,4.483548545665191,0.06430531846996997,0.033369508255555985,0,1.175763709831952,0.0011383616876673908,0.0,1
5,1.5799082294119056,0.0005231547331392136,0.00047472611898588025,13.943364564763497,16.86171591577743,0.5190715116262345,0.394910087260202,1,1.5242195520971893,0.13546032249298262,0.0,0
5,1.2213081346814243,2.4134842184012544e-05,1.4850418810147104e-05,7.988169965332615,8.907951973107174,0.5360089473275009,0.3746865618366802,1,1.1573272910413133,0.07747929379780634,0.0,0
4,1.633557965080477,0.00019504996379987976,0.00013608103351331143,2.706782635908437,2.816420406264932,0.19649779472230633,0.16841623825848662,1,1.112613956765005,0.01744795231488285,0.0,0
5,0.8884247276060295,0.0008165695906140814,0.0005873737425614521,16.422693756982238,17.559583223548167,0.035984453677587264,0.01654354449446354,0,2.3812239550633874,0.00010249723552910408,0.0,1
5,0.926747924923521,0.001204752540158871,0.0008423826539643534,5.55316959973353,6.516377239213847,0.21197368771668956,0.15011467717687835,0,1.4624560763680654,0.017550750922912025,0.0,0
3,0.47264004277371563,3.298175225808308e-05,2.8117637125718874e-05,4.0795999011329505,4.36889553633878,0.462315384804977,0.38900750096330244,1,1.085571480427842,0.04312364849293575,0.0,0
3,1.2567608928777707,2.4149584094421374e-05,2.2401100820520235e-05,2.4190942346276456,2.8684066313783205,0.0342367508364545,0.018636907679805814,1,1.030775436559856,5.0504091126215375e-05,0.0,0
4,1.6400937494578898,0.0005535265052545561,0.0005200244387464574,2.630726782515501,2.8979167518163678,0.041669717233281306,0.021532808623507958,1,1.070731919843206,1.6595607190970202e-05,0.0,0
4,0.5848170676173935,0.0006901450648841078,0.0006189074184340592,3.1651354978324053,3.561846967782038,0.0639312646107409,0.04025970749475097,1,1.1079327520498232,0.0003648239085789925,0.0,0
5,1.6649937738212937,0.0014786399955618473,0.0009516302508399641,3.2169358004846016,3.9277263780283955,0.21896380513330582,0.16581054653775756,1,1.0834822493567413,0.01109465233227715,0.0,0
5,0.8205838826358121,0.00012069131039872062,0.00011208847134533233,3.667497841965202,4.140936337421264,0.03438538569413124,0.016856473527268653,1,1.0522227338073218,0.0004799567781606484,0.0,0
2,1.2673195748961321,0.00017112853462703358,0.0001674892988923895,3.8025507357302173,3.8025507357302173,0.03464779941940145,0.021853434548958224,0,1.2460270233943809,0.0005876351017576723,0.0,1
3,0.7540073021209605,0.000212244194363184,0.00018535312264300892,7.045641398322817,7.334337972949286,0.5206260589612447,0.44031867409647524,1,1.2687424226285038,0.13957800569318948,0.0,0
3,1.3643122760768756,3.998957319246408e-05,3.626096462360632e-05,4.563980030006924,4.90190949914129,0.17035924805835578,0.1441135516846487,1,1.0763979755223396,0.013777334414856537,0.0,0
2,1.2879749450417217,7.431830786570196e-06,6.689273861835182e-06,13.566637056729043,13.566637056729043,0.17714773805602108,0.1583576614213461,1,1.3180181426452537,0.015261504467499963,0.0,0
3,0.4647082371027863,0.00021687894523558424,0.00016313690726544843,18.733002663714302,19.04873560225235,0.18087626617113872,0.14811623990659137,0,2.1180922403491484,0.010556933990388918,0.0,1
4,1.1497367333660504,0.0008876045149446048,0.0007949233745089224,15.299888251616885,16.49866565563161,0.030415073415005916,0.015464504905842561,0,1.8031310304126278,0.0003034771219359348,0.0,1
3,1.054841598551096,1.8246263500820513e-05,1.1784521650252207e-05,4.017286191509195,4.027322423219887,0.5272012806961628,0.438725595068202,1,1.080948678149295,0.11997809108609157,0.0,0
5,1.007940573927701,0.0001583274008378098,0.00012211973592284254,13.377886797156615,14.166935441152688,0.051612498454790656,0.02259197102992728,0,1.2677423699026449,0.0006655635795619317,0.0,1
2,1.2587366721190907,3.54619505367317e-05,2.7609282827928042e-05,3.3136823320807722,3.3136823320807722,0.4662984960895165,0.45212188036785705,1,1.1199461615633066,0.10427593247604978,0.0,0
2,1.1946738153838563,5.448610786580424e-06,3.084878267436889e-06,1.9584640344620636,1.9584640344620636,0.19795817346616978,0.15074487426527075,1,1.0364940751825158,0.011585422730492225,0.0,0
3,0.9123543006656964,7.229380596392583e-05,4.331398797293918e-05,14.847616475999036,14.989073708534704,0.0219896221521156,0.014815228889654466,0,1.6133845709935868,8.648432135213573e-05,0.0,1
3,0.6580853443401244,0.0004585630625995217,0.00024240406945633765,15.360695669857327,16.711330871950295,0.24641154263982956,0.1827074872770129,0,2.938688312335206,0.02263611788381751,0.0,1
4,1.7790733667593184,0.000703568349374259,0.0004426580328714053,8.450059484792355,8.95046562783056,0.48689317889990824,0.3850099605413213,1,1.109559796648815,0.09064259458446175,0.0,0
3,1.4768072298011634,6.733859376349032e-05,5.4636575709705626e-05,7.367857310680463,7.457270019947936,0.03120998272306272,0.015507237865247376,0,1.2012468952120885,1.87035084999702e-05,0.0,1
4,1.610531386561658,0.00042855831954352754,0.00039783470350884874,1.9702205827160746,2.145664805805248,0.24156198197473888,0.17587245583299368,1,1.0638642514875722,0.0127415725585264,0.0,0
3,0.7746952513197436,4.4628730432329354e-05,3.239315477519136e-05,20.495212214610333,20.755047477707784,0.19796524664620646,0.15577696529512072,0,1.662715352843128,0.018019133589676845,0.0,1
3,0.868123442227714,0.0006251449877409435,0.000360190758034538,2.9850780954983174,3.388130253784644,0.037101090847420685,0.028578903805576334,0,1.2210323944880335,0.00037034164421099845,0.0,0
4,1.461414172246414,0.00020223391554171453,0.00017646262616483418,4.648048834294152,5.2718233752139545,0.060994497253299196,0.029900395827303996,0,1.1815408442134465,0.0016045541717820628,0.0,1
4,0.47579458151430293,3.503487918501145e-05,2.141342129443109e-05,2.810671544663835,3.0513490683838635,0.05536827773066923,0.035363786954742495,1,1.0637763169382242,0.00047273085655871825,0.0,0
2,0.5055148021946516,0.00402682087169422,0.002626297983940924,4.002641919143027,4.002641919143027,0.06494000316689448,0.03629080960523945,0,1.960855415375093,0.001488912741887537,0.0,1
5,1.7637490980009307,0.0003151883631529552,0.0002767304815503175,2.133644951252981,2.4210139819104044,0.040378868778029264,0.018379792498340337,1,1.0593104099344584,1.0930572133835067e-05,0.0,0
5,1.648488228975825,2.292233897170152e-05,1.6638864771111384e-05,17.030341997001685,18.474249727703345,0.23519366375100736,0.1914670209347405,1,1.3061235732961314,0.018744088433347454,0.0,0
2,1.2300049368524464,0.0006496239852035746,0.0006488823498336283,1.8960599143296548,1.8960599143296548,0.41718043855912207,0.4122569694358853,1,1.186458348543985,0.0867258988983881,0.0,0
3,1.1531257840354407,0.0011275290170641077,0.0011195958552186796,7.235339102865163,7.26871938778959,0.027661956027431933,0.011422035160149597,0,1.163688272431094,0.0003790959712357248,0.0,1
2,1.7902156300151666,0.0002175894529704059,0.00019177288285825077,2.958736618976732,2.958736618976732,0.05007210740135992,0.04148673697016229,0,1.2036032189907506,0.0011742971923834513,0.0,0
2,0.6192301910651534,0.00015879232070964094,0.00011624429663706317,7.1487605698451535,7.1487605698451535,0.015426211339765065,0.01274876085491232,0,1.4993924862224481,7.087459126218301e-05,0.0,1
2,0.7125865803510878,7.849481922725913e-05,5.4217608872430264e-05,7.4608278261992975,7.4608278261992975,0.12340155146222936,0.11047619371860419,1,1.3959958987466023,0.006821165952900018,0.0,0
3,1.7677194744175508,0.00018299330813177785,0.00010875863345292165,5.9909634609680715,6.585632054150823,0.04193474062229115,0.024405713070820904,0,1.3002240129957903,0.000432383264295379,0.0,1
4,0.9949812026772703,0.0004378819621625714,0.00030608517079978745,14.863397659390943,17.42939523878933,0.050781359799802084,0.024394233011725778,0,1.475545499558133,0.000488855569243296,0.0,1
3,1.507410048689688,0.00019768650295018728,0.0001865323508857056,5.4265183764563245,5.4795977913223695,0.04239330500980812,0.03330003969566464,0,1.1372879576420227,0.00016593197488090945,0.0,1
2,0.6010082436179344,3.683778063468955e-05,3.57314109943472e-05,2.6319685116788003,2.6319685116788003,0.052160638444661456,0.05202134050290057,1,1.0953887546731746,0.001360843771410752,0.0,1
3,1.3321311741249213,1.3649062372943273e-05,7.1145280015243766e-06,4.932577964837509,4.955049060494758,0.04929540969434999,0.031210859214413734,1,1.100695774694076,0.0004101380976774042,0.0,0
2,0.4384958538552532,2.3825201048918724e-05,2.0151610000326883e-05,3.8238813829418716,3.8238813829418716,0.045819166998593334,0.032226761130963226,0,1.1213045817439113,0.0009106640227199093,0.0,1
4,1.3013451917312087,9.66578190265869e-06,4.042257316373417e-06,1.6739368837313195,2.0061757175049233,0.03310081044189475,0.0234262644666409,1,1.0257521664858682,0.0002992904768278925,0.0,0
5,0.9211924548084907,0.0029309916614617313,0.0017329413450350966,3.271751521050646,3.7764686828568266,0.04378605056090711,0.021646325986092382,1,1.0721727087799435,3.637317008613716e-05,0.0,0
5,1.4798537610886637,0.0009241399320129806,0.0007519759258318255,1.983960840177805,2.39812377544287,0.027134805382655624,0.02003715483286247,0,1.0822653194404028,0.00033322423783133445,0.0,0
3,1.6156288791156204,0.0014977655200718375,0.0008525229687486008,2.107740179245098,2.1259941342120934,0.5260260051419666,0.4812355735505562,1,1.2128511601547955,0.10947676226233197,0.0,0
5,0.7479509468179241,0.004268341344108127,0.0013584565119979539,7.364541675397638,8.077154011503449,0.4831187968211287,0.4152536980764376,1,2.5581474947080385,0.08477454424776448,0.0,0
3,1.7563513462496778,0.001077985403270245,0.0010766371256822247,3.9665813476582943,4.871091360421962,0.45922227361173495,0.37437263019131467,1,1.0466332019452576,0.061225416793991155,0.0,0
2,0.5621818499483762,2.264494120033273e-05,1.304752107478643e-05,2.0357710022882474,2.0357710022882474,0.043776402564587744,0.040535474550271,1,1.0617402878970752,0.0008058525231545783,0.0,0
3,1.104659991281329,0.0007201090902652364,0.000716247862394951,3.6822838546890226,3.8274720689764017,0.026658699114011756,0.021717049303769113,0,1.4111885172195127,0.0003544716084226918,0.0,0
5,0.7007123842909336,0.0005580060027000474,0.00047042319721564017,10.891703445286906,12.834800105408043,0.47772326203226617,0.34770950097623565,1,1.3876171248600038,0.056439976497379515,0.0,0
2,0.4915146811600946,0.000464805683008999,0.00041744131846416677,4.571846848376119,4.571846848376119,0.21375692424241888,0.1719808913591363,1,1.4480157023506597,0.01017384059936036,0.0,0
3,0.6320410598141464,0.0003386285170103292,0.0003287546184065665,7.981684945444572,8.391368878197644,0.16820031315431105,0.13909057628313762,1,1.1951844298858143,0.0076372442073714885,0.0,0
2,0.49707093279224573,4.2888062194127676e-05,4.136419048329496e-05,16.411560021021394,16.411560021021394,0.029758848092759946,0.022553145881469006,0,1.8322744125042782,0.00013180298163345834,0.0,1
5,1.606271623899735,0.0010392754165776787,0.0005986683426956096,5.204435289254843,5.643154750433553,0.03848974226467085,0.02515977143574405,0,1.1765328253094895,0.0002493718694372257,0.0,1
5,1.5888914944878616,0.00018009111187660155,0.00010578469592555559,14.891879898620344,16.60650464339466,0.5129302239495527,0.44350482582597356,1,1.2670103529745682,0.10353972969178768,0.0,0
5,0.6521572480992789,0.0001455222472923265,7.123771109880931e-05,2.5461920181838567,2.8944508695709565,0.47387448209178606,0.39265180080346634,1,1.1077467922263011,0.08078202972550794,0.0,0
3,1.600951670567671,0.0002326097482305715,0.0002283930005448586,3.78490803893781,4.052875526559398,0.23207286059907112,0.19248952910904035,1,1.2740627314361097,0.013379878760493234,0.0,0
2,1.0164457880863234,3.3641846037070274e-05,2.683364459213506e-05,13.271208655653632,13.271208655653632,0.2908742465205517,0.28865239627016603,1,1.5665816276315665,0.042998508096882104,0.0,0
3,0.43429666273655043,3.6527956287998784e-05,2.8730863063009465e-05,4.490401422561348,5.122153170125373,0.2285682763102055,0.15023566110887615,1,1.097063531688011,0.022573658537163897,0.0,0
3,1.239019690485941,0.0007301945182100482,0.0005538696563806086,19.383119981793353,20.399023093349008,0.4445341133805225,0.40988520980069837,0,8.086632083593226,0.07701409954479864,0.0,1
2,0.6430884074062272,0.00014018975854863277,0.00011144865563134763,10.886266307696939,10.886266307696939,0.03963778229350132,0.02648815018300609,0,1.8146333089257103,0.0006642523355019336,0.0,1
4,1.0435423513467388,0.0017926730845719409,0.001066014419041344,4.663331144143762,5.104272894394129,0.4996624214342849,0.4680596535586039,1,1.6516257731453055,0.1258411308332371,0.0,0
5,1.6455197653061728,5.16020126704196e-05,2.263509944811755e-05,5.835988955407127,6.273212218783144,0.24852354429775525,0.16892083419300047,1,1.0778831944198857,0.012733386602350669,0.0,0
3,0.42938776593599454,0.00029962463414016867,0.0001734846901286195,6.646837614476443,7.627493640962677,0.02280069532730606,0.013228873775249962,0,1.4980325071799225,0.00011304921246509875,0.0,1
4,1.1094401170684685,0.00022174957997210884,0.00021270456875648375,2.8054707331556474,2.891507048423524,0.23053690210557048,0.1844035804827584,1,1.06538894396553,0.026309070013020488,0.0,0
2,1.0358995562502225,0.00011957384666278455,0.00011141148529999177,6.662422008274111,6.662422008274111,0.5220992362832295,0.43300281591703355,1,1.4089677379871157,0.06753246552261966,0.0,0
4,0.9802640294004562,0.0015261016973462408,0.0009301664201348157,6.994103276300365,8.603383443208296,0.03478404758199676,0.021491069741324753,0,2.187976025320945,0.0003540422711718662,0.0,1
5,0.848664396902174,0.0012595997598643443,0.000992818887384981,7.136639454789498,8.80114823667964,0.04152506505737817,0.020648925525453703,0,1.4721194409456677,0.00010091986005164851,0.0,1
3,0.5627217797744186,0.0003687848117415607,0.0003628657405246163,4.177614993892007,4.4125609407346715,0.2108255197752591,0.1835323607673732,1,1.0817860070128464,0.015771669993111456,0.0,0
3,1.4100774976426518,4.4155903499036125e-05,2.8545584943480814e-05,12.305644063118722,12.85670216406747,0.0217962643162946,0.014352068761114287,0,1.3786155354436873,0.00013827434759329342,0.0,1
5,0.41658924002785375,0.00015027923143873798,9.501656547285512e-05,13.659491346777015,17.093636728868205,0.18837394993726395,0.1403064861172279,0,1.6473717327291764,0.015051724999769192,0.0,1
3,1.052872703317108,0.0003262091891698084,0.0003125032562347918,2.629060520627356,2.9295672913914705,0.10538880274639756,0.09619247715326647,1,1.2052380915667342,0.0033341597924727603,0.0,0
5,0.48967477875989524,0.0001499770407315622,5.955862858001943e-05,5.114315843959383,5.6295512940680394,0.24268915982383094,0.14829463127407236,1,1.2141737341654115,0.014891703673401849,0.0,0
4,0.8250044149465101,3.663612610920171e-05,3.370290430719874e-05,1.8042153088809947,2.0333895622341203,0.048493626000814444,0.031181145224623008,1,1.0224491461392415,0.0011068813386803668,0.0,0
4,1.7940704631779738,0.00011381722756281902,4.469323903498133e-05,5.247678376644962,5.57875095842856,0.01482726321888074,0.009719042704340855,0,1.2145363599375416,4.875281128059352e-05,0.0,1
4,1.6013792783171608,5.050163169889651e-05,3.766673651963056e-05,3.1251298776026943,3.4181906759271707,0.17861816138560355,0.15573951068394287,1,1.0583772223471577,0.01329083442224005,0.0,0
2,1.3706168743814449,1.640749358582463e-05,1.567158987858576e-05,8.456584786473293,8.456584786473293,0.19986345783374754,0.14832254553178972,1,1.2509531356504684,0.00534089560111065,0.0,0
3,1.4063726535586332,0.00046991193944484965,0.0004601133795216188,13.873355837797893,15.326519161240267,0.24729803523067345,0.2085193625213985,1,1.4555560615470309,0.030663674034340224,0.0,0
4,0.7290163061751278,0.001703577281053725,0.0015003896154009728,3.1704070315632364,3.895210578226834,0.5004471969192705,0.4227246468340099,1,1.2029264238689068,0.0655863076572205,0.0,0
3,1.385774069731064,7.452267584509347e-05,3.6958204842986073e-05,16.096489076974738,16.127219463430013,0.20013877249560869,0.16032162646793158,1,1.7674841397118195,0.011066771910250128,0.0,1
2,1.1609960288142636,0.00020724292637793647,0.00012822553533124256,14.144577166148432,14.144577166148432,0.03421387067899651,0.024133464571262277,0,2.4505552720137067,0.0003645965155642654,0.0,1
3,1.4231723599899673,0.00013033304729329228,0.0001226166980524561,9.20179563570685,9.720574556134839,0.17320283672209785,0.1294146703864765,1,1.2346477621871903,0.014571761096667695,0.0,0
5,0.8639015812786686,0.0026873856933007645,0.0019494471586226534,7.028354728729044,8.796081216972027,0.48297629327723246,0.39783831119485835,1,1.4705898285890957,0.10026044415444496,0.0,0
2,0.9263454085968661,5.688390098459113e-06,4.808362653641848e-06,8.35618955150237,8.35618955150237,0.20265804170547289,0.1419267805121983,1,1.1679825757752171,0.01793080043472705,0.0,0
5,1.7837450376820145,0.0008697475320915458,0.00040835038137945935,3.4318972460318835,3.968530981608864,0.5145784516313276,0.44168351266657047,1,1.1103561827294892,0.08429089616666555,0.0,0
3,1.6355207350866583,0.0010236236057713291,0.0010118797216055015,8.70056809666919,8.990311103225793,0.01786899934787275,0.012039437118798665,0,1.245798248843705,1.1413500926159336e-05,0.0,1
2,1.6731147829827893,7.720326610097279e-06,4.577495420132572e-06,8.635125641457467,8.635125641457467,0.4845501354560845,0.4141700082338391,1,1.1944758124078252,0.08620831076069561,0.0,0
4,1.357587451196589,0.00026031106382948694,0.00018530168677911426,7.715671925048537,8.358172627456536,0.5480543290854508,0.4322741169978338,1,1.5170402760533646,0.07377260210493015,0.0,0
3,1.427076215764595,0.0005754202664295103,0.0003484091147547664,19.144691666270436,19.677166552128142,0.24424149694266062,0.2038207896859673,0,3.627045854825227,0.021881703100361402,0.0,1
3,1.0306152500982315,0.00036257319395675597,0.00035316189492867007,9.905745817142487,10.51832473684858,0.45802709805335684,0.36930696208681857,1,2.111238492055653,0.03769115645160048,0.0,0
5,1.3378935570791834,4.713406426744678e-05,2.1061687682668487e-05,1.9032217109549843,2.0624440162386186,0.03852410417877588,0.020768309746992553,1,1.0335063721946824,9.116478964581966e-05,0.0,0
2,0.6622018688462051,0.002213718386040096,0.0022086771766975143,2.6709296523436556,2.6709296523436556,0.13627247473229875,0.11824113412168971,0,1.4388022092680643,0.009317566661822893,0.0,0
3,1.2722965153357866,9.421561033437458e-05,9.248834545061581e-05,7.407636187213192,7.819090781964826,0.15675237788064827,0.14290704776458177,1,1.4202328537678393,0.00966483039558674,0.0,0
3,1.7840827260811798,2.4975235993447658e-05,2.0254750174167014e-05,18.841890411302245,18.842293963401772,0.04138013752360582,0.029837934093248603,0,1.3910629003791095,0.0007739912167415989,0.0,1
2,0.7489941559585941,8.245021669469071e-05,6.698232513777e-05,4.950622970200213,4.950622970200213,0.05320158653636431,0.04806330910814609,0,1.2517191693761036,0.0013289460148956766,0.0,0
3,1.6688925159707244,5.0823023234798786e-06,2.2477483631043696e-06,2.1883743017981714,2.3820440285800593,0.02900372363947079,0.01667331728818273,1,1.0368481922517558,0.00022827994218457901,0.0,0
5,1.000185465881703,0.0005270916070542023,0.0004432734338663287,2.8708243056809324,3.284989489371926,0.0577605972820352,0.02546371790239661,0,1.110839103680321,0.0006665862484672389,0.0,0
5,1.727256230591589,1.3832819191454174e-05,1.0219819319407947e-05,2.782167972074786,3.598599657895943,0.17928316484554394,0.125240496282242,1,1.0398012929189229,0.009319991739204583,0.0,0
5,0.4464304420347074,0.0031695410194251426,0.0030735296362059805,9.490758651211063,10.144177975754282,0.0381360919953031,0.0275392404216544,0,1.3611328499055648,0.0007009359694925361,0.0,1
3,1.6122489055835798,8.186478297538922e-06,6.451707751035179e-06,3.150790274805764,3.181189044382246,0.5300597007839978,0.5113482422078478,1,1.0409532780370319,0.13076354263706072,0.0,0
3,0.4869953092956624,0.003669716761440633,0.0036261387393514274,4.430414540497503,4.718339936366256,0.03843863785284697,0.018227742034158407,0,1.176223005962291,3.889829726703563e-06,0.0,0
3,1.2114258054916676,0.00018606580167573446,0.00018257476494820424,7.088525646017757,7.25891071596906,0.2498850452024416,0.1986046762728931,1,1.524087057157209,0.03159075463715567,0.0,0
5,1.0454447128215913,2.3811203382350664e-05,8.122672690542703e-06,7.014919331897788,8.72280846110009,0.242094282184672,0.14368696795377117,1,1.1465409879691029,0.011216961009306543,0.0,0
3,1.2382346614514528,3.730606954509303e-06,2.525514649510452e-06,3.3761530503008976,3.714925525423358,0.047835987607821054,0.017482398230123573,1,1.0530333837754777,0.0007762151339534086,0.0,0
2,1.512857874347051,0.00014118669132589693,0.00013806410122279975,21.882993498826973,21.882993498826973,0.03441450432900451,0.0215559334805613,0,3.5017118232764837,0.0005739416013534141,0.0,1
3,0.5724949556005314,0.00015997310762001551,0.00013598600241696829,2.209058187778061,2.4970674403501896,0.01354053656111794,0.0056626688105559896,0,1.087149285279058,7.729120601680658e-05,0.0,0
5,1.1786302523881849,0.0004089315372379638,0.00022923461753893932,3.8185908919044342,3.967561708286982,0.4696028510689018,0.4007662720422907,1,1.1162398912938438,0.08736366139032102,0.0,0
5,1.676816651308083,5.081553014828435e-05,2.5384522933415757e-05,2.9587140540885173,3.1836058441734725,0.050055438757371125,0.02441741188797586,1,1.0336835337149772,0.00014243710183411433,0.0,0
3,1.785660142782433,0.00010929968168053155,0.00010208648064737506,7.801212468621484,8.220286092286504,0.4745413310552331,0.42657350836405405,1,1.169890647224071,0.0760499834166422,0.0,0
4,1.031826989706103,0.00019278580102429502,0.00016537846237097795,2.320410563321702,2.5843636257385927,0.05279201182697378,0.028173193539222638,0,1.0657171571849473,0.00040760780961743217,0.0,0
3,1.6572998463624096,0.002319017064391006,0.0010751903971220908,7.286790291421524,7.520681670442024,0.04249877592417177,0.031755837138399017,0,2.30716598536764,0.0005802764210149696,0.0,1
2,0.9274136980918904,2.666768990739821e-05,2.0998734079293992e-05,3.831327705727084,3.831327705727084,0.18461408989883843,0.1655408111988222,1,1.12649645426966,0.012103874166334131,0.0,0
4,1.1127959065912447,2.832029045609021e-05,1.9418622426469872e-05,2.151024987439873,2.2914934523227983,0.03764716749609607,0.02931327941048565,1,1.0390477759259118,0.0005908927959044108,0.0,0
2,1.0179206924981807,2.4774195843684193e-05,1.2648811233726926e-05,2.960888117094055,2.960888117094055,0.15212945083157348,0.15094519547247984,1,1.093953819894525,0.011465117936864631,0.0,0
4,1.1163500342783577,8.267728741798513e-05,5.6494515272756685e-05,10.733325080668143,12.103123490543672,0.4469923038596498,0.3453483966117742,1,1.3964292634996855,0.05170459342224054,0.0,0
5,0.6168085998641814,0.0029578302825911213,0.002349773557492663,3.2665112404357175,3.648847298728691,0.1835045393102129,0.15741197930853162,1,1.1046233818797713,0.01021087306255141,0.0,0
5,1.217424450420359,8.811403789169432e-05,7.59532542792478e-05,2.2764502438957956,2.5103832005108657,0.501677743556777,0.43396571982241416,1,1.0340751106667263,0.08760537488287128,0.0,0
5,1.7904111158733178,0.0017593442279103656,0.0009354425478435304,4.092121085299819,4.743362920713599,0.04393150570371592,0.027294632807403314,0,1.1440356854368996,0.0002715865693810843,0.0,1
3,1.3776118339150965,0.0002633495868490032,0.00023119217981814883,2.338528168809004,2.4221327722272914,0.23080476769718478,0.15680531809152579,1,1.0804310076789858,0.01194520647693801,0.0,0
5,1.7736637346759283,0.0010500093893843284,0.000942925666190661,6.847998949689394,8.172442020757366,0.0560127992348301,0.029710405049655553,0,1.357473674136039,0.00016580149285938477,0.0,1
3,1.744310731778012,0.00042168842179747084,0.000380838996272251,2.780141574485923,3.0293494301818,0.4899402234103173,0.4030483916499022,1,1.1047492041664606,0.11996124259358633,0.0,0
2,0.6935896900374359,0.0005592232123797017,0.0005353853090616264,2.261383550269291,2.261383550269291,0.1858390924073773,0.1583181980082471,1,1.2141451562497552,0.008991224912834243,0.0,0
5,1.1149198939193845,0.0006631271820031227,0.0005241113298435805,18.06928816961782,20.929774048913732,0.5267027408959373,0.4519486156351194,1,2.522686019354729,0.14300657117370305,0.0,0
3,1.4656517821120256,0.002509838660859472,0.0012625084246734445,2.4089976529839934,2.4822136983781173,0.02722190043560247,0.010417108910010806,0,1.3323788479925844,2.6251466876547795e-06,0.0,0
3,1.4270212401188154,0.001113989193755283,0.001082953820041163,2.808540273255073,3.0199026529888027,0.030992852146700077,0.016163871578703404,0,1.3549913442651769,1.7456523660070147e-05,0.0,1
4,1.3287631816336092,0.0002167876595474523,0.00021239673172443254,6.856644356366661,7.914969250674204,0.04805642723401851,0.023352221150168946,0,1.0733048885293293,0.0011385270921870161,0.0,1
4,0.8857422257853459,0.0012646750518801114,0.001237347890109313,9.090716258672957,9.13381602967977,0.24005811103724395,0.17164775670889712,1,1.2695940623236555,0.02251571442961727,0.0,0
3,1.2904397065704436,5.251118024247511e-05,2.650690866541973e-05,3.498339744828187,3.9540595242714867,0.04034965088462075,0.020846370338023838,0,1.1138699309642617,0.00041274327184341483,0.0,1
5,0.7121044082458733,0.0011437450584091584,0.0007308811757791304,12.775303216296468,13.835029796543221,0.5396044625607226,0.41375555752393145,1,1.3449557308800035,0.08456968166592446,0.0,0
4,1.698404966718611,1.886780387773681e-05,9.229482647912204e-06,4.923778259424773,5.759417122792474,0.19515633526849163,0.14477348923031313,1,1.0630277915748247,0.00905190432646848,0.0,0
4,0.8379000381809267,5.8626312465392554e-05,4.447538280630254e-05,3.6217669278229327,3.9862876368220372,0.04213376125408214,0.02449136014392484,0,1.0910932045502968,0.0005890579720525307,0.0,0
3,1.1620224499209515,0.0003563893754022859,0.00030858625770562113,7.752705232165124,7.996713136482224,0.026951142170371742,0.013749012920498736,0,1.7831529207753265,0.00031193169745941823,0.0,1
2,0.9651802572737476,9.981486365945417e-06,5.319902908541845e-06,20.923865745232465,20.923865745232465,0.004638854237146366,0.004242232469071308,0,1.603868725045313,9.098310073167312e-06,0.0,1
4,1.6831263051473533,2.9716993476549838e-05,1.7557096236866283e-05,6.022637673600347,6.263771548459392,0.05160534444499802,0.02955582267618075,0,1.1272129964310662,0.0006534983769274864,0.0,0
4,1.182811080768396,0.0022116997577200747,0.0010957411541505694,15.140645904219257,17.726506526769967,0.18695589788749942,0.1215440964673789,0,6.238540417601725,0.006002214116307744,0.0,0
4,0.8191171822333561,0.0008673420476453024,0.0006729142014139728,4.959333037473355,5.586162779244589,0.03232244983883795,0.018608745789726516,0,1.346815371307834,0.0001960745588205887,0.0,1
2,0.7387613433690668,0.0002505450641004308,0.0001837914260817007,8.378706848015508,8.378706848015508,0.05683025445844571,0.03374096796204746,0,1.7430324362155283,0.0005310361882925516,0.0,1
4,1.5003817128455101,0.0004102684311558876,0.00036096209914720454,3.8414700441333327,4.644610509229492,0.5212712686222716,0.4336497422891049,1,1.152135020785207,0.09984459517689943,0.0,0
5,0.8548844860753524,0.0030498167721095806,0.0020395352397602146,1.5770653047332681,1.8196644275888079,0.4958159695455927,0.3752663433014128,1,1.1785187323533448,0.05920325854336063,0.0,0
2,0.5623643508196219,0.001976799117499335,0.001148125426356867,7.336483848303429,7.336483848303429,0.036259350802905585,0.018629675401452793,0,2.697404503460611,0.00022486461144570615,0.0,1
2,0.6278656189538291,3.993557625949525e-05,2.1449157681054155e-05,2.288505711277329,2.288505711277329,0.42271440297855356,0.3525110608469248,1,1.0847786259362906,0.06559651316409375,0.0,0
3,1.226124883074615,0.0005681453496252013,0.0005654177055286635,11.913501303887239,12.919187803668503,0.05678589300189393,0.03944770100563872,0,2.9119439627017787,0.0003313155239938429,0.0,1
5,1.7867162666982903,0.0002470730215172272,0.00015565612057236633,1.9602885511652148,2.2776118371163188,0.041494915197982554,0.020441206817803988,0,1.057152355542082,0.0002623809425171206,0.0,0
5,0.5072584342847951,0.0009535618499499106,0.0005095035423156764,11.408795584880467,12.851035834822547,0.2249719927773806,0.1852454721639365,1,1.5498187100354486,0.022380398032355225,0.0,0
5,0.8416401436832583,0.0023944824269437515,0.0019013048070111733,5.4560738675438225,6.295868624673593,0.22642045990877807,0.16307907253345513,1,1.100737279830281,0.020755678081448303,0.0,0
2,0.44098944880376134,0.0009633366134025859,0.0009144843145528564,10.441929895907164,10.441929895907164,0.11364312397271409,0.11234304524658048,0,3.071377963657926,0.00619481420640771,0.0,1
2,0.8175422899550915,0.00020736438987483915,0.00017145175457507775,16.769054352869215,16.769054352869215,0.02867860764249887,0.020014783369004713,0,2.9335185011763802,0.00010870306329824277,0.0,1
2,1.0553684224864486,0.00015041940795925974,0.0001493619304540557,8.070135115961637,8.070135115961637,0.13740305204881778,0.13202107759859444,0,1.56786258714522,0.008059825855953082,0.0,1
2,0.8429109632857934,0.0025282328936150475,0.0015222673196416104,17.99769884391331,17.99769884391331,0.02013170603013649,0.010641616725753353,0,43.313243206172366,6.149233836984445e-05,0.0,1
3,1.1597253694021046,1.271608524959211e-05,8.30948427346287e-06,2.07417810804819,2.082943810887061,0.03938433717842821,0.026311909574364297,1,1.0476414380693844,0.0005691535385534895,0.0,0
4,1.433275980289662,0.000292495842173417,0.000276323647089586,3.714887132253814,4.158951727381629,0.025853905355548625,0.013228924655543066,0,1.080320344003799,0.00031965682088686497,0.0,0
2,0.64956765444331,0.0010727049906103,0.0009769215825943648,4.580299088615507,4.580299088615507,0.5132351920941147,0.5105797446220689,1,1.6356011325414774,0.13892487675454565,0.0,0
3,0.5065792093057657,0.001789084678830729,0.0016798527898380191,10.96959345250639,12.211958670400461,0.025501379869416658,0.01602260678382823,0,1.974528457407515,3.539689821504297e-05,0.0,1
3,1.720319414812229,7.792119188236867e-05,7.556222655288875e-05,5.327370248872786,5.574643549841601,0.21394797714113095,0.1393560016709239,1,1.0765613600679154,0.007290513607302476,0.0,0
2,0.4097234039881643,0.0012566763061782795,0.0012438367795708418,2.219242141068394,2.219242141068394,0.16016802209769565,0.14278374262524635,1,1.2835755811149236,0.012854581830282997,0.0,0
2,0.575990725805251,0.002980767632614307,0.0015917211029309395,6.895586263913205,6.895586263913205,0.24019118173985232,0.23444968316021703,0,2.9329433843053656,0.028225484416265906,0.0,1
5,0.8547817481519648,0.00034517697333858594,0.0002103250101787761,6.158869962710516,7.499549666018164,0.060136136993843875,0.0304889308792207,0,1.2790317203792312,0.0012628879586559756,0.0,1
5,0.44749660210187747,0.002026870351128111,0.0009486079006230703,12.6161235160262,13.98040158753922,0.22323680451663724,0.17534400684687373,0,4.341753111629134,0.013724566972038062,0.0,1
2,0.6359784953347268,0.0030013319898709403,0.002936592634962711,16.99748476360026,16.99748476360026,0.017088302536435916,0.014125223780682818,0,43.31324320617237,0.00014549344968096275,0.0,1
4,1.3271695933969192,3.829850879311131e-06,1.1458107895601052e-06,3.7985086318066426,3.8880825110705164,0.1745515676901674,0.10998907250899727,1,1.048910993352307,0.00667973731154985,0.0,0
3,1.724320323354123,1.6456821914347447e-05,8.790597382286839e-06,2.740474579671736,2.763934572977603,0.23657028544725361,0.16898372938672593,1,1.0588349853841497,0.021124587888184304,0.0,0
3,0.8037875208498708,0.0011999593278905804,0.0011862695255913593,8.060166347958786,8.19753855751118,0.4475304793386371,0.428700826026636,1,2.504470209459964,0.09344062241499485,0.0,0
2,1.3233626536381702,5.216841042649156e-06,3.3341417825468205e-06,4.073087410455928,4.073087410455928,0.2038891762787193,0.15298563344076851,1,1.0762521355468502,0.015399333764613058,0.0,0
5,1.7784377685982657,0.00011403650751924796,4.177181110367446e-05,2.2805078825762655,2.4936631719981373,0.17801560176738357,0.14148636024150743,1,1.0405982662342552,0.01098840413499642,0.0,0
4,1.4240362649740645,0.002403669544544154,0.0011917799595002924,2.7481031831325096,2.982922010385394,0.24511901463390534,0.16246501789719803,1,1.288276136283816,0.010096514584474098,0.0,0
2,1.1847134384684157,7.267626541739392e-05,7.160004740431138e-05,19.633678324743155,19.633678324743155,0.05290377400450717,0.047473347633856584,0,2.4018698944228594,0.001394655911589091,0.0,1
2,0.9686505055151817,1.0351772053693732e-05,6.601032443218638e-06,3.204718122957746,3.204718122957746,0.49868342408036637,0.4713297954595276,1,1.0753591680165475,0.11439795856326866,0.0,0
2,0.9054099473589948,7.16235319012121e-05,4.7145087341048446e-05,7.285606685761928,7.285606685761928,0.20665403552581157,0.14414525055043415,1,1.3714125825491434,0.009149672372643103,0.0,0
2,1.4598179999662075,0.0004242813096809988,0.00022786463402294353,8.952734218602908,8.952734218602908,0.21728912584235877,0.1855892684586931,0,2.0396597363924593,0.019044630648593405,0.0,1
3,1.2120568164789283,0.001316408800767092,0.0007332386612966508,2.0356967773868972,2.277123465172189,0.015715444140024355,0.011262625899290982,0,1.2409582402752923,8.148833926269018e-05,0.0,0
3,1.6113246036552815,0.0003699476148167948,0.000352810241788069,1.848902377631147,1.8899801634380018,0.02350091568656272,0.009628464692647188,0,1.1458898511608147,1.7325373156739074e-05,0.0,0
5,1.2203708840908465,0.0002712178802299408,0.0001685152648693906,10.81668881302823,12.59045539952875,0.06028671892649062,0.03418596817540544,0,1.1640199042924113,0.0002859502314304852,0.0,1
2,0.41415274185316775,8.332606595807659e-05,4.300022764108281e-05,10.231345811910453,10.231345811910453,0.1052425398394443,0.10508548500478282,0,1.5976746126287447,0.005537582872874381,0.0,1
5,1.0509780314534671,0.001247081163219723,0.0011577100497447636,7.582457586803523,8.60345033451627,0.030523634697019526,0.015160049096205474,0,1.3017957958691733,3.525731336920341e-05,0.0,1
3,1.4790893728098988,0.0008950434658996063,0.0006922340007267478,4.368528303795566,4.371914333962405,0.04021112367649046,0.024766102695646174,0,1.3068882642961317,0.0006718601517019263,0.0,1
2,1.6394849678463435,2.2587419405474365e-05,2.190540595268835e-05,2.995955667588636,2.995955667588636,0.05368313293651683,0.03862364489998725,1,1.0921026480970917,0.0014078111115837556,0.0,1
3,1.3559197334446411,8.510727144014176e-05,5.6232355366808455e-05,4.3647806291917535,4.385926356198448,0.21616095469032892,0.18281310557147804,1,1.2007260801099862,0.016388363241170722,0.0,0
2,1.7093467828774194,2.3743397804875554e-05,1.748655083752865e-05,5.847674225353202,5.847674225353202,0.20374409132778487,0.16798091669699766,1,1.191247401856045,0.017897963240874473,0.0,0
2,1.3676251605280578,1.126181794555434e-05,6.6224188809565715e-06,2.2340270613660964,2.2340270613660964,0.186970627308371,0.1717610012880025,1,1.053466092313417,0.014493063735199091,0.0,0
5,1.306770148557505,0.00018910285489651178,7.995107800296207e-05,7.596412558477709,8.229520114992715,0.18095669341584716,0.13907452655155358,1,1.335427055548367,0.01198676836754783,0.0,0
4,1.3438697173360605,0.0010289924351981584,0.0005340189462081814,7.021472513632499,7.408992092031954,0.5112497537534899,0.449868567871259,1,1.3314925657927206,0.11497721731410636,0.0,0
5,1.207808476313619,3.377107268778346e-05,2.441783985167921e-05,2.321252538034817,2.56771704989523,0.2475839179045518,0.19387952781361803,1,1.0314858005080516,0.011158105157473334,0.0,0
3,0.8046425224103908,0.0006826736672141983,0.0006556531992854069,2.5940445037920092,2.7581504406235515,0.019359863585460272,0.011175891839988641,0,1.0955200897899442,1.0102702126755305e-05,0.0,0
3,1.7228711326035848,0.00011880963859073572,0.00010065460463239206,3.1447366760969446,3.6626610276676894,0.039097205674854064,0.018704276640652582,0,1.1684529782015456,0.0006511824515695166,0.0,0
2,1.189992371941789,1.7036543815432224e-05,1.6453775591396957e-05,3.0480694485816833,3.0480694485816833,0.20712428052128906,0.20537898260763282,1,1.085012153459051,0.020978573280693594,0.0,0
3,0.6910217953222073,0.0005788578058081796,0.0005374140975214861,7.023573673514299,7.044168715365907,0.054365403327612555,0.02585951963410245,0,1.8418672615740186,0.00028243301909099545,0.0,1
3,1.3392534213698837,0.0005930083663516216,0.0004812357412117163,4.219755458365263,4.339757594294503,0.04118034849532762,0.030475224576397262,0,1.4435911548114024,0.0002199051816792668,0.0,1
4,1.2045077411051708,0.00011479028095107904,9.351757823367366e-05,15.607144226348101,18.0554415492069,0.03733052233252912,0.029137620387670395,0,1.5587278737786776,0.0006151741205290818,0.0,1
4,1.1592484438299135,0.0003121301248039863,0.0002999334510713735,3.903025914882291,3.9625992305005764,0.04389063252807832,0.02460017216080701,1,1.073179441743646,9.516470986926203e-05,0.0,0
5,1.1989078007854084,0.0013842481732886111,0.0013258830846076752,3.735286620100292,4.0496776257810465,0.0351021349231553,0.017165838758433378,0,1.0772051376315965,0.00010164504369450465,0.0,0
4,0.4009684791162195,0.000136879080142078,8.149095857238426e-05,1.4914858693085145,1.698059824304042,0.21874514278544865,0.1761028091397067,1,1.0432848319922539,0.01178746402838876,0.0,0
5,0.8916069684307932,0.0007691353056674706,0.0007087445031020858,3.366388171653805,3.8319017669782602,0.05062747274049233,0.019993085083921606,0,1.058935575113308,6.265383823718254e-05,0.0,0
5,1.2205693310069319,0.00010493111510457195,5.4862260630372174e-05,1.4604965221512372,1.6953475238709588,0.21334974902185777,0.15912991954467198,1,1.027251125266872,0.00922803032975177,0.0,0
4,1.6279220603312425,0.00021590338701916637,0.00013329969796765627,15.802708743297545,16.23134871625648,0.22461726221949807,0.18440727709977764,0,2.0536097338861743,0.021035840693367006,0.0,1
4,1.7268150384840002,0.00046479289842491417,0.00036606122037277606,2.762808412066386,2.948723133901938,0.5331007867873302,0.4484687540087321,1,1.1208480578652815,0.1237668804668277,0.0,0
5,1.5575812466329064,3.163954394540564e-05,2.23922702997715e-05,9.232083845808727,9.597562226168606,0.24909514617931877,0.21543118117391077,1,1.1748497484402096,0.01977088574276677,0.0,0
5,1.7204695277125004,0.000704659296407484,0.0006660830813341225,7.090294683182592,8.172825752630162,0.04362670271217582,0.020753883841770456,0,1.1462245349635263,0.000179031383580447,0.0,1
3,0.48339466602256476,0.0020096388539082156,0.0019902001586896917,6.726450655728032,6.860172339335666,0.2096777029244261,0.1512555297798244,1,1.2072543969406058,0.01074397993325786,0.0,0
2,1.6042491344109333,2.372959942537779e-06,1.6808078210358549e-06,2.1256946836521067,2.1256946836521067,0.1488411958040593,0.1377178398726119,1,1.0299282790359592,0.010230288532241687,0.0,0
2,0.544506070896943,0.00391853506503162,0.002207566225984461,7.532186902198163,7.532186902198163,0.053528350528159754,0.02756695630281756,0,3.716911459033124,0.0009559913888378608,0.0,1
4,1.5770923221895106,0.0005014166455262263,0.00046139701262187495,17.976092434728542,22.000528696440398,0.03793178138088114,0.02076910942113923,0,1.8592162461326849,3.9106643225016823e-05,0.0,1
4,1.2927494001756223,1.3131052978947648e-05,8.509210954483395e-06,4.100731309934523,4.40967706096508,0.05150816623090679,0.023660723594744484,1,1.0777718220236032,0.0009293948029027295,0.0,0
2,1.4538490053024007,9.219821215942314e-05,6.721875513322699e-05,16.095307373396714,16.095307373396714,0.24816884443084763,0.17457875892405983,0,2.1660264653044803,0.013610010393364992,0.0,1
5,1.3412144943854192,0.0012577071969837612,0.0012072955310328392,7.305707902696275,7.9198094081073585,0.24000894455614313,0.19265047552316683,1,1.2154776209331644,0.01654304772605844,0.0,0
5,1.5005406956759968,0.001328217201950682,0.0006551428114916604,4.218391523787228,4.825575769371325,0.49934269644434714,0.3853825249929573,1,1.1218028062912222,0.06923300159260666,0.0,0
4,0.849440722489169,0.00036725608472611224,0.000296934640274387,10.243214649050302,11.389597132327948,0.24331558846670814,0.16819782017565135,1,1.4889310399979514,0.010676143225566412,0.0,0
4,1.2731467911743353,0.00039738493984369525,0.00031519048956611185,18.32144135535598,20.570204274316723,0.50863587788709,0.42890089043274704,1,2.23161550711428,0.12384346724598669,0.0,0
5,1.1535478390509866,0.0005968110163143324,0.000507031205564384,1.789461902164183,2.0179274498842665,0.01538109808856216,0.007021560659311489,0,1.0647743128892133,8.791553936202884e-06,0.0,0
2,0.5131344996627237,0.0017961905042829648,0.0017939335433580878,4.076730523648206,4.076730523648206,0.024695302824077708,0.0189501064601245,0,1.6829792551504867,0.00030465006435418263,0.0,1
3,1.0093069176008975,0.0019777796084732677,0.0011495599303200088,7.275700071714167,7.608918552740459,0.20872321895259538,0.16197442441201573,0,2.0634570917839743,0.016349885691870594,0.0,1
4,1.2770527750904206,7.072204872701979e-05,5.9788492805891524e-05,1.3618242337953863,1.4650741152566542,0.031432851684401145,0.018685675946166314,1,1.027831887863772,0.00018821155729304234,0.0,0
5,1.7818159667163647,0.00037761485198384396,0.00018984021873329855,9.005807291404746,10.608807474849687,0.041613357569307674,0.020084523046027893,0,1.3426058843814277,0.00019978916885907475,0.0,1
2,0.9545854164641531,0.0016196974115014902,0.0015947831745431148,3.8246451986226377,3.8246451986226377,0.21689579811623133,0.15879930108225174,1,1.6015602222365177,0.02355854824277203,0.0,0
4,0.5142673461758205,0.0005515381555828208,0.0002920388813709288,7.11679528735924,7.6057201393719716,0.03477049514960714,0.020876536675804358,0,1.328986729752246,0.00035894663508380815,0.0,1
5,1.0312930511718892,0.0008859573017221979,0.0007216467209989851,5.028727709314855,5.76747141165599,0.24931579469267706,0.20449128702822666,1,1.1967175965995267,0.01329656964572574,0.0,0
3,1.5325971099414744,2.3502660871869293e-05,2.172562435228642e-05,6.093026783416293,6.823921844764737,0.31319683018562117,0.29955601286946326,1,1.0797973788592876,0.04606789173476917,0.0,0
4,0.720756484712073,0.001785337237119158,0.0016796746630940117,15.184805833628586,16.710411631461188,0.04599845957890571,0.02251821492397871,0,1.9858452440563765,2.7735935041631733e-05,0.0,1
4,0.9389943061439853,0.00018654295381378895,7.891853309653489e-05,17.23319716923902,19.712327858636083,0.5095635040664379,0.45734194986251536,1,2.0752395070536034,0.10698617704842993,0.0,0
4,1.0730659051078244,0.0004218468496465127,0.00040262099751602396,7.783040022122849,8.755939195531655,0.5399867021972521,0.37548510273234004,1,1.303736168609699,0.15246327430142698,0.0,0
3,0.8932402922507516,8.077731867638109e-05,5.293636795980711e-05,7.535073173161214,9.022346309633583,0.2468459790664636,0.20077188739309473,1,1.371172142060176,0.021358601163207425,0.0,0
4,0.6156283390046665,5.443907986608898e-05,2.6721421200363376e-05,11.550424601422117,12.169855813259966,0.029660259295139425,0.016694126331570257,0,1.3590432753821775,0.00025310783694124117,0.0,1
4,1.7788142975298675,0.00012638636491589652,0.00012124350551412933,12.724477482366318,13.869322355542538,0.03535185609175942,0.015588693038294986,0,1.248254521570036,6.142647021254041e-06,0.0,1
2,1.1825991704702634,6.27923093922082e-05,5.593048630174147e-05,6.049987625969801,6.049987625969801,0.24318862805600006,0.2170446787613064,1,1.2848965688093203,0.028652316202603282,0.0,0
3,1.519226293391676,9.675080681601409e-06,5.612502710181723e-06,4.96147526613489,5.03800800469326,0.012162975703481063,0.008920948691764434,0,1.1000830893388376,2.8676868130284844e-05,0.0,1
2,1.1359657448070073,0.00026505532872831355,0.0002637964580482395,2.1218425240121834,2.1218425240121834,0.2268811497348605,0.16083820158195444,1,1.1524177157679696,0.025979791903995207,0.0,0
5,1.1344042623867492,0.0012433083238585583,0.0007354954667637888,11.29714677324238,13.54305145647048,0.0381459731982097,0.01720089183363341,0,1.46731040983027,0.00038676866044039753,0.0,1
2,1.3458183180702092,2.733964403924163e-06,1.6950074718031147e-06,4.683821060586659,4.683821060586659,0.03152080666781924,0.028241146247501767,1,1.070501948208825,0.00042746874040845646,0.0,1
4,1.6541271923016034,0.00027478126192404065,0.0001476826130971546,3.7916736842435146,4.232900523062427,0.04930335364607168,0.023854945360238973,0,1.2128269261757834,0.0005302515533283806,0.0,0
5,1.4222204280746746,0.0002093106100630427,0.00015960921533797874,7.37808085798955,8.092093148099739,0.054950694677970854,0.025732085906372448,0,1.2405683328145367,0.0010990654734553485,0.0,1
3,1.7284497214526349,4.8187306355517695e-06,2.957709470516368e-06,20.093947966191166,20.510416963550284,0.0451089229559143,0.025124691374796462,0,1.307908070131102,0.0002706745890086044,0.0,1
5,1.0222297647457697,3.32379869274647e-05,1.4817852097067334e-05,2.0428540193563838,2.411076580710475,0.052116270883571916,0.02782694373746536,1,1.0492594523009795,0.0008215400889515999,0.0,0
5,1.3509164971444716,7.325314180851371e-05,3.061050829059529e-05,5.4010441433204575,6.21136845291924,0.18321763746848074,0.14613497738973863,1,1.1327316383956056,0.010444947022032133,0.0,0
2,1.4364660884052984,1.5803073683974698e-05,1.2701022565596553e-05,3.5209577795277927,3.5209577795277927,0.016505415801280975,0.008752707900640488,0,1.0962813052055964,0.00010891968701580317,0.0,0
4,0.6473490754896178,0.00014202781171187065,0.00012368392103961665,4.878666143384114,4.962239772600674,0.04532939548764588,0.025970634454018458,0,1.140072319749131,0.0009080329429720651,0.0,0
2,1.00463706287588,0.0016761876508018829,0.0015784404234480862,16.115420886570053,16.115420886570053,0.025291488696228947,0.0246547614166856,0,11.00090462885541,0.00029227646165639573,0.0,1
4,1.7368979816218335,3.107238192417095e-05,1.6009312728914385e-05,4.5517791246067265,4.87199461589965,0.045791845568281364,0.017530347108551163,0,1.1099367944202099,0.00012877464748671627,0.0,0
2,1.6082589191819543,1.715197927928674e-05,1.619768679549609e-05,3.5392821816579523,3.5392821816579523,0.22535221135643785,0.15462489187281275,1,1.0996168946395946,0.004724199921325156,0.0,0
4,1.5319867095038195,0.0005754038153009309,0.0003893729437692763,6.486480922279642,6.975220937165183,0.24019658953217804,0.19571229226637363,1,1.1682245218610154,0.020545659574392014,0.0,0
2,1.4062912267355436,2.0360215451981568e-06,1.2920657396225967e-06,8.31868617167136,8.31868617167136,0.47092580266154993,0.37583100758408905,1,1.1159488568979954,0.09012276646931797,0.0,0
3,0.6899419760176343,0.0004467119480336056,0.00035663689862873796,8.216539466581882,8.404371500448667,0.5159343071951623,0.4568482746007918,1,1.4962880459449366,0.08390034804276163,0.0,0
5,0.7742593799319927,3.804469412341428e-05,1.892991183462417e-05,12.384397318711722,13.581231874821665,0.22919895510818378,0.19420906886051875,1,1.23890495733356,0.01998848190999159,0.0,0
3,1.260074769063646,0.000765885298050971,0.0007293794295706339,3.087490961086784,3.3740033849856044,0.20683914911828738,0.16588787657063422,1,1.1124535437028573,0.00832728382434705,0.0,0
4,0.7655294253780403,0.004689146597739184,0.0024438297578245854,2.7189178242805734,3.1762368102614076,0.0510930880208568,0.02997201553785639,0,1.4666874097182725,0.0005080181890613277,0.0,0
2,0.6225351146564758,1.8278011944894804e-05,1.3178492786597688e-05,4.822575521612722,4.822575521612722,0.05892315590716796,0.03996454397438541,0,1.141344354996648,0.0006574170121713591,0.0,0
4,0.9593708253925585,0.00026231189860107483,0.00013674363554076857,2.365711386660444,2.73927033605166,0.5264156296693339,0.4228053568416,1,1.1381165495912149,0.10609080789438861,0.0,0
4,0.40613081478169777,0.0030096027025221304,0.0027280956035947387,10.84195727583397,13.507276386451899,0.0629445173819009,0.03007143235908031,0,2.072876670753952,0.0001237585159877127,0.0,1
3,1.3923431860476914,2.980107309682402e-05,1.497697067192885e-05,10.33826342051686,11.394450691027043,0.22107742650692352,0.16167463693314593,1,1.3267417125597334,0.01073244987773257,0.0,0
3,0.5185040008283984,0.0023037414369855695,0.0021182578021887596,7.055251308765739,7.443682385113335,0.39011137638739,0.3750970334605035,1,1.5238150703280642,0.07292267686229036,0.0,0
2,1.139013146585371,5.599490093680278e-06,4.969962488669075e-06,8.729835335337524,8.729835335337524,0.22364422829126068,0.1740752658533392,1,1.1751352119735239,0.009661778287743896,0.0,0
5,1.1025311562037146,0.00019317394563263786,0.00012761186350747784,6.077086041740404,7.335521356368545,0.03882914966850523,0.020141048280891822,0,1.1850842485387414,0.000236138478919155,0.0,1
3,1.4830260076211237,0.0005828121707925119,0.00037062500958442225,7.310622170844672,8.015470522672025,0.044765525353002995,0.022855652720335944,0,1.5793344110126104,0.00015200941375321074,0.0,1
3,0.920945434303533,0.0008641695237685626,0.0007798864915300879,12.900697358393572,12.947063230171105,0.035150706467171486,0.024039063273435735,0,1.8148263548405457,8.714502988151539e-05,0.0,1
4,1.7765818685136128,0.00029501370248046594,0.0001468841686701524,2.36690131060731,2.6978126750136977,0.156568534174989,0.12218284084772082,1,1.1369871752623637,0.007767200863047263,0.0,0
2,1.0254520890780563,8.272659854472104e-05,8.157596916377467e-05,2.7869054797409936,2.7869054797409936,0.5325741401680413,0.513842447456917,1,1.1347022316820354,0.13146962977042945,0.0,0
3,1.727809858012542,5.573992902261795e-05,3.384726163837996e-05,7.532033669900609,7.941271045162678,0.04204797664291851,0.032772390882734814,0,1.331694974414475,0.0007880785139874839,0.0,1
2,1.521988162862303,2.9424822372778875e-05,2.741147299699949e-05,19.63872239388413,19.63872239388413,0.4026923925890815,0.38853804074458376,1,1.8966960962874992,0.07372108878511387,0.0,0
4,1.1846870060899932,2.9980231473112587e-05,1.7010492383753465e-05,4.250561707320312,4.423773367654329,0.039783344371251694,0.01984040156467164,0,1.1073364539721875,0.000188386134450757,0.0,0
2,0.9372017550619967,0.000639262396414708,0.0005955831229358452,7.949472295965518,7.949472295965518,0.544997220872748,0.47944685875226783,1,2.0669510841381324,0.09358947956547403,0.0,0
2,1.3047217007793745,7.769537355367905e-05,7.535911623813035e-05,2.125797258444202,2.125797258444202,0.0339294307810078,0.03127716346919149,0,1.0989695531566421,0.0005709276478510184,0.0,0
3,0.44616963159683976,0.0019747671139696103,0.001446411222501071,18.664321418977952,19.10616913623335,0.24902810202427444,0.21921186107398474,0,5.707554084684031,0.022738101847215846,0.0,1
3,0.4878974823909755,0.00011672334739166055,7.475207980411523e-05,7.112610624359966,7.958474064606678,0.03453482143976407,0.02215404999428826,0,1.3763356424641968,0.000432802976427675,0.0,1
5,0.811524649418049,0.00033795571089834803,0.00018173259734171986,7.5802874766143065,8.08408066261125,0.027684847620753544,0.013032719570780274,0,1.1240177095018553,3.917266372555637e-05,0.0,1
3,1.2531374915917937,4.612112770208626e-05,3.0504732640131317e-05,15.368502491707615,16.83723467364663,0.3811487162188635,0.35783959766108997,1,1.7164902331987406,0.070906531781471,0.0,0
4,0.6018418213306209,0.004026052033872658,0.0025125458964059535,13.984192672457569,14.741493440551494,0.5459059287706938,0.35719413996602406,0,5.855053951445969,0.059386944729978075,0.0,1
3,1.49410321643158,0.0003807724784821634,0.00032468238370632417,1.5466728968802546,1.624586434870123,0.21150144655907926,0.14876940860728063,1,1.063520503957607,0.019834544017317535,0.0,0
3,1.3972179806981277,0.00023754108805867076,0.0002320953433243826,2.1766704629993674,2.289471698251746,0.2352717989028279,0.19415346908689393,1,1.1497474907216583,0.009552452290146079,0.0,0
4,1.32762929617727,0.001053237271370049,0.0010496236084929318,6.383165572160883,6.993342191076361,0.06357079367409205,0.030544601251174013,1,1.0789868754152494,0.00030781682637324325,0.0,0
4,0.9755215909355823,0.0004438182124705083,0.0003195461891561938,5.361318414684185,5.6627622827148185,0.03817881089471134,0.02059150622365619,0,1.3290561631798123,0.00012956323608898456,0.0,1
2,1.7216790908601585,6.805839622505343e-06,5.4152671624237695e-06,13.676533604398573,13.676533604398573,0.24811145597607853,0.24161322136759134,1,1.310341961221362,0.03055864876719193,0.0,0
5,1.5661379341790593,9.125330548458442e-05,4.885947002671472e-05,8.581858766036511,9.34447056106183,0.031120321735876148,0.013034730392365865,0,1.227546896463627,0.00014611462184386368,0.0,1
4,1.3160393945121007,0.00014639169850981924,0.00013718237871214198,7.786751192704281,9.19978239296617,0.22744894728854775,0.16503016356586336,1,1.1155067003482846,0.007189026990174497,0.0,0
4,1.0707888083473038,8.363492397485362e-05,7.44385758317928e-05,3.4144919927848947,3.580891408298022,0.054803862813129156,0.030497905554261198,1,1.0447810078752888,0.00017139430782372742,0.0,0
4,0.5767625407938479,6.932480781534062e-05,5.4304336584296466e-05,11.239716814281188,12.930583602753414,0.0594350119172066,0.033576668379169325,0,1.310524184036831,0.0015196092203739408,0.0,1
5,1.344233031114459,0.0004779299328769522,0.0004420068788061363,5.3584514780022605,5.960608247838623,0.04781484844105301,0.03059711691456024,0,1.0927247890532155,0.0004994433043042709,0.0,0
3,1.6173006487147394,0.0003649324389995729,0.00024421741880037336,3.1943748156302063,3.2962318723351416,0.2446140082472794,0.22393635972408998,1,1.250628780613347,0.0272589066785548,0.0,0
5,0.9860447918115994,0.0005542694441757674,0.00041153053290444904,4.8473298431381835,5.578240391503908,0.22555297919898143,0.16799590500317008,1,1.0900962584821596,0.012102414307999926,0.0,0
2,1.1621222861572649,1.0189722719593254e-05,7.332641654922399e-06,2.6944683479961378,2.6944683479961378,0.037372646477350516,0.02933613225862114,1,1.0626467728365279,0.00036106913496321773,0.0,0
4,1.392135595389787,4.894151405446e-05,3.285101617232969e-05,3.460149789297302,3.8217929589140662,0.03568436553077452,0.019839671638993226,0,1.0918494179656175,0.0003087989720136667,0.0,0
3,0.657510632853304,0.002191401196285231,0.002149742309484723,6.533432626084859,6.903123471595369,0.035153287556867724,0.027431273527803075,0,2.471749956261787,0.0005196103043799773,0.0,1
5,1.2460290441822353,0.0017752024821875276,0.001418177572620385,15.836633632290118,17.413282201862273,0.032647039162444796,0.01764798828223193,0,1.5025489634515057,0.00011922539366926506,0.0,0
4,1.3987428377812352,0.0024419752507465033,0.0012544609904935318,2.122508755081806,2.2782838532237846,0.5471408040423638,0.4092354914468018,1,1.1946665897648132,0.058429246471310446,0.0,0
2,0.6518972442827213,0.00029426960826762095,0.00023766736041044335,2.0050200767461273,2.0050200767461273,0.03035654288390004,0.026034132759668246,0,1.1488961245733644,0.0004159197035938402,0.0,0
5,1.7052508127858688,0.0005322123342469298,0.0004256237931684958,14.415112715992485,16.81546132801889,0.030201853457427846,0.019600325512792057,0,1.669094642691753,0.0002195648451248115,0.0,1
4,1.1383343326581454,0.0004984971967056581,0.000488094219620251,4.307577207044284,4.999036939498006,0.04478015091565763,0.020354270541253404,0,1.0962811353168977,4.031563730472457e-05,0.0,0
5,0.9617251010855448,0.00016364434163756652,8.578893780194245e-05,3.5033453808140904,4.045163362005887,0.530125266474174,0.487494558206192,1,1.103285950435308,0.120506231671303,0.0,0
3,1.4954100499921046,0.0004682759154659424,0.0004558424986914151,5.599207877837567,5.901475984037127,0.04443741386643156,0.030744814403420594,0,1.1613681572760082,0.0008412127072324826,0.0,1
5,0.7669963472591999,5.704172699593991e-05,3.412839685665833e-05,2.288689086876822,2.5498062385552562,0.2232000774416561,0.1530900820496626,1,1.0469424650294952,0.014309319181655027,0.0,0
2,1.29657684124337,5.835638314228055e-05,5.5450726554038313e-05,5.002433875834335,5.002433875834335,0.11619087887264275,0.1045810899075604,1,1.223980850160794,0.00664348857947929,0.0,0
5,1.4705176545467844,0.0006533122278987769,0.0005791905544393494,4.2549991544280985,4.6127523625556615,0.04236256802508434,0.029680425731386666,0,1.1167000249733354,0.0005401599796699804,0.0,0
2,1.4444120296518932,6.079049889689349e-06,5.2243741890484865e-06,3.4168265690389825,3.4168265690389825,0.05238119455620746,0.030500999019409076,1,1.0670164968925573,0.0011885118592043005,0.0,0
4,1.1947212376552199,0.0006397388515047623,0.00042757647636484664,17.73938767114955,19.29722987550685,0.45079519890532227,0.3796101344407078,1,1.5129893902098217,0.061053505614540204,0.0,0
2,0.7466891087894589,0.00011079807640244074,0.00010705926845960732,11.66919061767113,11.66919061767113,0.20462239007522912,0.15829928449734287,0,1.8047419220006098,0.006703741367582478,0.0,1
4,1.2281338124168013,0.00012748052687989273,9.974557288290801e-05,21.244615372247182,23.252898150967184,0.04539667517921858,0.019320236158180168,0,1.922516090323681,0.0004565171384725392,0.0,1
2,0.7816204903455931,7.09608503390882e-05,6.451169566961751e-05,16.37157292447368,16.37157292447368,0.026205486956163513,0.016403688837344357,0,2.051054704922657,5.80406673316391e-05,0.0,1
2,1.689151532507045,6.327206678560476e-06,5.8432056795437886e-06,8.838768586787868,8.838768586787868,0.05282216169480279,0.031621877378387564,0,1.1855509332339527,0.001298677025347118,0.0,1
3,1.6077235972785835,0.00014814890704480663,9.658993246273784e-05,2.9713267414894755,3.075108547309416,0.03750579919832033,0.017231495815216522,0,1.1310232174253603,0.00024072172282753852,0.0,0
5,1.6189092603977904,0.0012357215913484595,0.0008358568072177984,2.3329172663150364,2.4027251151602167,0.036364859434977144,0.023694857701922617,0,1.079392728811583,0.00019617393526969275,0.0,0
4,0.8131453687005001,0.0036680667774907564,0.001773817124234326,1.735491901905505,1.8810211669489227,0.48213717570335507,0.3633780659280882,1,1.1050610031636825,0.06938791927988953,0.0,0
3,0.6658401375429023,9.755976507058518e-05,7.160876022409774e-05,2.1156204084655066,2.3314020233729007,0.49900032599097643,0.3920528890091733,1,1.1053972496855176,0.059383776150458464,0.0,0
4,1.1402942167573054,0.00011476768413831838,7.004168488257585e-05,10.619589837967444,11.109832058619807,0.20359461449448368,0.1839498534625403,1,1.3185182167386456,0.019067187167488783,0.0,0
2,1.1683259668842672,1.8288003321252085e-05,1.720807853252126e-05,22.30845723238434,22.30845723238434,0.014625245259857249,0.009795762815307758,0,1.8588542338459797,1.9110378870072354e-05,0.0,1
4,1.6746838245588984,0.000852612182858122,0.000786545752320091,6.14275448726682,6.383046458340199,0.04543789436894745,0.02998013590721609,0,1.2933966136950446,0.00017141573960826532,0.0,1
2,0.8227590802762011,9.459525449408638e-06,6.666593835274178e-06,7.853767969858524,7.853767969858524,0.010726198390082887,0.009848150274533889,0,1.1887966430151735,5.2211040775424736e-05,0.0,1
3,0.5037439954835502,0.001182908494244534,0.0008613323095363833,4.714351774991834,5.215450374925405,0.24934448945899274,0.22390622694992637,1,1.5066080819915963,0.020758875521804505,0.0,0
3,0.6679442563224992,4.5720919329714456e-05,4.2651945906066096e-05,2.6268450487285886,2.772681509072974,0.036139974000805,0.02838900569044266,1,1.0451013958779898,0.00016492239915451195,0.0,0
2,1.1604020547195368,0.00011612273875358935,0.00010372329834212829,3.031149580477851,3.031149580477851,0.24984224865332938,0.17835948766904186,1,1.1664181757706962,0.008377810806770159,0.0,0
4,1.7929874702931388,0.0005969369491625751,0.00043266085292087615,3.936597629289893,4.00612441472307,0.19238953025873815,0.18311401421942272,1,1.1026055947184137,0.01838986852652916,0.0,0
5,1.6739002127921545,0.0006805720899021688,0.00037597457842747487,17.181185204182995,17.98454180736783,0.22526050167096584,0.1802524274252951,0,1.849232529128523,0.013215467303254565,0.0,1
3,1.6081212601830446,4.524485493197053e-05,2.6489785386344003e-05,8.355607275842823,8.964652953552948,0.08362649654525242,0.04800288026727209,0,1.2602948551422692,0.0007908726215746534,0.0,1
3,1.454815798948768,1.4920503285751517e-05,1.3346506291510224e-05,4.652047697007648,4.842433405341685,0.22181387430505006,0.16782721080098886,1,1.0627885281896776,0.01500939049971344,0.0,0
2,0.9970710599598436,0.0014185576462268949,0.0014082005606598847,4.068847159989307,4.068847159989307,0.18441332498456886,0.13892788783064267,0,1.6153130851493662,0.004484625459243429,0.0,1
3,0.9141020179565144,7.233063397538711e-06,4.233877287815218e-06,3.36989410995465,3.6247203960294234,0.5489980354654225,0.44833622202704354,1,1.0518480063162097,0.13426588606933537,0.0,0
2,1.0712805027137602,1.8480404730224604e-05,1.655485468068633e-05,8.301375506831544,8.301375506831544,0.03285428977596391,0.020874909115835547,0,1.2569729067016242,0.0004840526951256049,0.0,1
5,0.9826080514944278,0.00013793068559270414,0.00012495549359924982,9.525559620422078,10.828972261181,0.47274880482421705,0.4006058749431117,1,1.178437128943647,0.06727801526429701,0.0,0
4,0.9788587323683258,0.0015173897666345604,0.0014622851635647269,14.178422630440933,14.74305930682884,0.3505523876860172,0.3000887250380483,1,1.390904850120019,0.06232000251728619,0.0,0
3,1.636063899771948,0.000814539802957741,0.0006502085755673723,10.242016743771375,10.556662218515076,0.43999028315887556,0.385078262652496,1,2.5984302173520213,0.09859093534923588,0.0,0
2,0.5958986395771524,0.002881590844375512,0.00199324621761453,6.371438400451819,6.371438400451819,0.03601232931257843,0.022186911266155875,0,2.653844993120737,0.000414476594343274,0.0,1
3,1.4487782735244945,2.436869713462453e-05,2.1508305091078565e-05,18.170962390357854,18.703843536302255,0.24796420363989757,0.20356742648099968,1,1.3086389169501567,0.028063285297228534,0.0,0
5,1.6567318575278551,0.0008915236988506661,0.0007588361664670585,3.47040081274759,3.69256486585751,0.030590781231641075,0.026625507577985076,0,1.1114029896773092,0.0002447621412055842,0.0,0
4,0.5061238273157975,0.000112154863408474,8.339304767238173e-05,10.671658598511943,11.85856614486333,0.024097787439645673,0.017825600122173692,0,1.4644145295766464,0.00015424159324778637,0.0,1
4,0.7921460037141372,0.0011883669475050527,0.0011653761502392688,2.249139218365911,2.457307215648719,0.035448872761127105,0.01784547001068927,1,1.0516061993867096,1.9718531820469705e-05,0.0,0
5,0.5864211877156434,0.0024421477277797123,0.00104067845596569,3.93365832282366,4.1033833167254485,0.521866915037466,0.45940785621569,1,1.3796768663513284,0.12090788138407392,0.0,0
5,1.0665693777037406,0.00012494615925962328,9.954031912934053e-05,6.621053349916413,7.294287242895672,0.03828171171115913,0.025328012101061465,0,1.1553541094386075,0.00024706071891018183,0.0,1
5,1.431162356633783,9.002714507463325e-05,3.8547771317253905e-05,7.449350335260354,7.606896675282688,0.015659808373702178,0.009467204048659836,0,1.1779561847575133,6.861903531654601e-05,0.0,1
3,1.326344835369413,0.0007721898263847455,0.0007560204089703878,4.794866399961946,5.216823952187375,0.23238891584824561,0.17929578374540323,1,1.159998377974378,0.025351709783459037,0.0,0
5,1.7679696133461578,2.2627570350768217e-05,6.839447104796757e-06,2.042543186846718,2.4424835060793852,0.4624619214091036,0.4326189371869826,1,1.0476309950482188,0.09893441928933212,0.0,0
3,1.135886622617135,0.000771676427342826,0.000640767606080691,5.360337747988511,5.60950870063322,0.02066029473380024,0.014631451758594947,0,1.3283242404554225,0.0001954358684778024,0.0,1
3,0.5747133589923947,8.29162480098652e-05,6.47097265803905e-05,4.797125834204002,4.822850418907799,0.15113454814038474,0.1315163513635812,1,1.14035127308746,0.010581786249407218,0.0,0
3,1.731450578442141,0.0009509555986040305,0.000948638475269341,5.326917161355223,5.450478690689772,0.02796198521201488,0.018090895280660376,0,1.7344272868628372,9.567902417705194e-05,0.0,1
3,0.723302670859266,0.0012105585765652938,0.0008452574002605665,4.1969813652226895,4.282348804632557,0.23166416021870367,0.1926868300240353,1,1.3854252565185183,0.020691161394478103,0.0,0
2,1.2410069282039982,8.932746080244405e-05,8.870770132219405e-05,19.85844110310636,19.85844110310636,0.2386947726479262,0.22230571875466812,0,2.5965563567703023,0.02886755358013,0.0,1
4,1.2027818933116277,5.238071503923353e-05,2.9019809695976247e-05,6.627588553971601,6.884477891759659,0.03725306635460391,0.020948356065574797,0,1.238208279009089,0.00025110742459754954,0.0,1
5,0.5745778041517104,0.00014520810454249204,5.0819228256142675e-05,12.774827043932811,16.310411120420422,0.04650983264621468,0.02452781229931284,0,1.582221534228192,0.0006006587499761285,0.0,1
2,0.7609682511755005,0.0017299437783957286,0.0017290545760097126,2.0339058900797853,2.0339058900797853,0.2132900913478304,0.1639767852596459,1,1.2898757871004662,0.006604792168213543,0.0,0
3,0.9046731816202445,0.00045746555238630076,0.0002639359262154317,13.587886616007472,13.734618819176426,0.1938617035980162,0.15990893946405182,0,2.3131592349609305,0.013242866159924729,0.0,1
5,0.5731709865147396,0.00013515594208015822,4.3277182198826534e-05,2.0179107016981503,2.3858737704686432,0.046005686992415196,0.0335738396663396,1,1.0795747589035896,0.0006796999392823462,0.0,0
4,0.7775961219677338,5.5077124509437064e-05,2.8527287156508864e-05,16.94457409216479,19.80184799533893,0.237429742269196,0.15664998511577394,1,1.594911021169179,0.011870733338433389,0.0,0
2,1.095904035884887,0.0004445396033444169,0.00044315829449681276,3.5161177638830723,3.5161177638830723,0.04829671984224673,0.04071572610618688,0,1.3230024651500274,0.0005512129799762903,0.0,0
5,1.0627054578757056,5.244392579483424e-05,3.017967042766713e-05,7.164449730349029,8.344295445684896,0.21705866241493138,0.1873230592857082,1,1.1188134307311852,0.013570495714067283,0.0,0
4,1.499220292570849,0.00039258029458743844,0.00035229140636870005,2.2982543445678045,2.551456351360546,0.03783282360578329,0.0281285744201311,1,1.0462260376072097,0.0006455924980795459,0.0,0
3,1.5962081296795647,6.236447962552904e-06,4.420632391410112e-06,7.167930168710732,7.76726060502077,0.023897685958347747,0.014010869898941083,0,1.141245201401399,8.511978054770569e-05,0.0,1
3,1.3087187376270046,0.0006727442917017873,0.0006367077648806918,2.02614259638662,2.20491170526138,0.03888491529558772,0.019768191835543316,0,1.0853548923091954,0.0007147932019088911,0.0,0
5,0.5271275214918064,0.0013457445662404149,0.001240793235590332,4.199116027954505,4.68012935312836,0.04539018358135183,0.023979677718721257,0,1.2251735157574113,0.000977122929279986,0.0,0
4,0.6030920453703792,0.0005183964664212744,0.0004555118137280235,15.670510450534023,17.991906109318354,0.19284260364114592,0.13592525667910235,0,2.3633284981704064,0.005527454223733969,0.0,1
2,0.9288823718128261,0.000880280134473534,0.0006940751388956266,17.111314762074166,17.111314762074166,0.022594128887434048,0.020327283736960487,0,6.931273494897261,0.000243909873503566,0.0,1
4,1.291003279938653,0.001346723330819379,0.0010152020357436452,3.0471147378729095,3.344181320948849,0.032230460226220156,0.01346755859650731,0,1.2475673449958227,6.0832877067681546e-05,0.0,0
3,1.4016322003055532,0.0003148775947342211,0.0002861030805610268,2.475340727484048,2.864176070052448,0.05300917224838511,0.023830020484801442,0,1.0821049465528716,0.0012725499810402384,0.0,0
5,1.7953404692982988,0.0008485872717127681,0.0008049573165092957,1.743712368076721,2.0176370939057735,0.04646165809825316,0.03696904060282487,1,1.057384630498204,0.0006335263311420464,0.0,0
3,1.5899874311793019,0.00048754526624691485,0.00046082627759163664,4.041717637550406,4.765891209679848,0.2496062035369136,0.20886353569020732,1,1.1863544939227277,0.017564144914761045,0.0,0
2,1.5612390373138378,9.30455019510217e-06,8.808136546877459e-06,1.7507551723369539,1.7507551723369539,0.053157147120288545,0.02715504418237387,1,1.039042856837074,7.697639564052996e-05,0.0,0
4,0.5697340721743207,0.0002672531493676609,0.00013557625880200196,21.486703183282792,22.816082890283855,0.025369072401576466,0.012871256746213922,0,3.513537892579573,0.0002137200086307837,0.0,1
2,0.6752570511345924,0.0018450245498713152,0.0018438346502670407,2.2861356243360116,2.2861356243360116,0.06390028555435913,0.0373745740140956,0,1.3398340114804852,6.026174707236552e-05,0.0,0
5,0.46591105923937687,0.0004335859303374472,0.00031272474113735365,2.9178717539249157,3.247963273074178,0.03348599846344512,0.018115176022307004,0,1.1374499937837463,0.00024546090496068156,0.0,0
2,0.5461375918704822,0.0025745359915345404,0.0025732325541605746,5.978592214113429,5.978592214113429,0.45663244111668394,0.45561307171025944,1,2.4020376248629822,0.11034415884989761,0.0,0
3,1.66933091701502,0.0007493871593072511,0.0006735473531230215,11.56588182427111,11.838897162723182,0.24467085313571307,0.2105847532885492,1,1.6722070684605106,0.030168383711720856,0.0,0
5,1.018267702894493,0.0012143917137789183,0.0011312757867893437,7.49349059860132,8.631249370398043,0.19103018983036896,0.17030845054781296,1,1.1368380366686655,0.016820348796969746,0.0,0
2,1.0363196943833934,7.591508982091497e-05,6.876029511254023e-05,14.88172642434461,14.88172642434461,0.23195503967982262,0.1684912033805512,0,1.9466199017274177,0.02560091850352097,0.0,1
5,1.7750472660778975,0.0006054346485578376,0.0005877634628462154,2.895486233845335,3.0339695055011093,0.2447347314004108,0.19304881499268128,1,1.0572346931889292,0.02064645073162963,0.0,0
4,0.6916799168993528,0.002769528711550802,0.0026427900172369765,15.449733594383309,16.13852404599743,0.05143346820608988,0.04001782688583565,0,2.485251442159767,0.001225970836602232,0.0,0
2,0.9329204293162328,0.0013609598454069477,0.001186540575524266,6.596120810128559,6.596120810128559,0.19862319113414195,0.15678244060790064,0,2.17532540745689,0.017796745988207702,0.0,1
4,0.6830584843652233,0.0002093771966359872,0.00017241451654675805,7.039654642661125,7.761304691715836,0.24409739296655525,0.20512444707674943,1,1.2481588293384822,0.014589133877401237,0.0,0
2,0.9966662873444501,7.057401301409706e-05,6.885877779524886e-05,7.766785429457711,7.766785429457711,0.00717248422410682,0.00481334054275628,0,1.3982255755903812,2.5107141457115785e-05,0.0,1
4,1.324666685487935,3.314097852198693e-05,1.8447650484213885e-05,7.293147630090768,7.3325371287178145,0.22151634969603956,0.19162454516211608,1,1.1814809766417371,0.020464985445167328,0.0,0
5,0.9245188144346779,4.2155942726978294e-05,3.077597120773598e-05,15.313655481380575,16.057784439202745,0.22781821600712315,0.1322398779385953,1,1.360164918314759,0.007787422569784114,0.0,1
3,1.568297129283894,4.096676829486059e-05,2.6599554819755897e-05,4.809738891623698,5.00401511775827,0.040380181304255275,0.02178806401236495,0,1.129386952739884,0.0005441008761554548,0.0,0
4,0.9087299850737066,0.0010205455112558002,0.0005741412890594929,13.563830498468507,14.749760327262015,0.05248667959132432,0.028921596344006255,0,1.326007592909598,0.0009049007748185313,0.0,1
4,0.9592979722104872,0.0005092760178281605,0.0002915460690173225,12.780725225844405,13.839159116509522,0.5279720638358119,0.37363435662052014,1,1.3671007458683229,0.07276284648299929,0.0,0
5,1.2724870976224605,0.00022400683188139708,0.00020979063635652033,6.366531913520617,6.592155828653969,0.0270456738797021,0.016732993124717092,0,1.117175663505945,0.00011423562423644424,0.0,0
3,1.5205688973555995,0.0001980294022316964,0.00015362771906828437,1.8739244368930736,2.0172330239765435,0.2326183941263043,0.1456986477291561,1,1.0714640637366042,0.021819446979868515,0.0,0
2,0.5105719369045786,2.5398973723949063e-05,2.187059024992029e-05,5.955074926841108,5.955074926841108,0.013819940089654892,0.008061165784482661,0,1.1999527011991877,8.191167421118177e-05,0.0,1
2,1.1973184552026803,4.549765581293265e-06,3.0361821677271283e-06,7.756766331060438,7.756766331060438,0.02757137623728078,0.01624900679838527,0,1.1431264122632139,0.000138238243859473,0.0,1
5,1.1646899422973873,0.000915480444720529,0.0008017045695412687,7.6040565457098275,8.38619331401831,0.046817370756821255,0.024223458803208864,0,1.1385418965617284,0.0010237401872406867,0.0,1
2,1.2400081549630984,0.0001917423783508432,0.00018864593529088094,7.05259366727634,7.05259366727634,0.42757335050983625,0.3977868299904844,1,1.5308187647164424,0.09553950397777128,0.0,0
4,1.639455444794934,4.3575582615820614e-05,2.5032338650393095e-05,7.797192366931325,9.579345095722978,0.5047589558984038,0.42454243656818325,1,1.2779316659196513,0.09428920666517202,0.0,0
4,1.5012768536473158,0.0009974859517060987,0.0007644454654809794,20.845904680901945,21.172041641133692,0.49787794717717015,0.4566602255733688,1,3.6846937163580193,0.11890027056333302,0.0,0
5,1.412376832805028,1.3440096129216752e-05,8.242763350078774e-06,1.671882248344593,1.9220775972783306,0.05623784088829317,0.02666787926839807,1,1.025868899906039,0.00030538006404147574,0.0,0
4,1.4594045619508176,1.6783272881228466e-05,1.1070749830047326e-05,3.320834980586717,3.8834731672935625,0.5145912548117466,0.4669061449227656,1,1.0570961441766045,0.11343838982663862,0.0,0
5,1.2513419859685313,8.989110576307816e-05,8.012548843406896e-05,3.031059425494519,3.6682761741144305,0.16321820142975507,0.1458505509497076,1,1.047442593450094,0.009765563594064232,0.0,0
5,1.0213383652251584,0.00024282997617580205,0.00013470982044374303,7.036331924762752,8.194112348212844,0.24349232362006307,0.18783757814724306,1,1.200338393808747,0.020072077277495617,0.0,0
3,1.6385831531625739,2.319758636524262e-05,1.538252744305789e-05,17.985229660168184,18.227950165849133,0.06057159476833453,0.03473868969762318,0,1.6600478184475727,0.0012510345243287489,0.0,1
2,1.2442296222658122,0.0005197250498089022,0.00048367866136745687,2.431881949483163,2.431881949483163,0.023682285617509107,0.014351029915047823,0,1.2258881568223028,3.238604629949897e-05,0.0,0
3,1.7285089954953843,0.00017558193601649206,0.00013008051242723696,7.6351992370451445,7.740254721436887,0.030644208906140412,0.01999335887155775,0,1.328889917805334,0.0003620865572322668,0.0,1
4,0.6654256593542073,0.0014120663564617423,0.0014056937501969323,3.708152408918586,3.8987439211333204,0.056393198629521274,0.03922203152463544,1,1.0772530470130177,0.0007787498166511509,0.0,0
4,1.1003162334454588,5.482806464497678e-05,2.5872812571562427e-05,4.449059317297727,5.020176716659637,0.03319324492909481,0.021742408326810507,0,1.0915880455660267,0.00026449399671539753,0.0,1
5,0.5967148905914208,0.0009208582799089768,0.0008883767308999624,2.0690523254525934,2.1527008014325433,0.026454677051415427,0.015379385084889402,0,1.0437361586090221,0.00034257487366776043,0.0,0
4,1.4797144658199035,0.0006852129658523966,0.0006540806760216404,4.704340047695973,5.28266909348407,0.21889217575098846,0.16996547589180738,1,1.0787874604845058,0.015865160098512094,0.0,0
5,0.8580924667767942,0.0034109790265230426,0.0016959713944117748,6.144884451019043,7.096098376685829,0.023344696054500756,0.012262668387250967,0,1.5599595485146747,0.00018319941172776984,0.0,1
3,0.9155725879583558,4.685976915527781e-05,3.924382913117945e-05,1.7191527318907303,1.7677984697770872,0.16273726341421488,0.13022405602302056,1,1.0378703678775256,0.006534547226070918,0.0,0
2,1.18339063674093,0.0002791596332652491,0.00015247748302189303,10.084037657552075,10.084037657552075,0.14277771328091132,0.11877954031292423,0,2.0092380631319413,0.007305723915900824,0.0,1
4,1.7849473323165719,0.0002805127542653957,0.0002075724395236167,2.78019839019261,3.2212329003092677,0.02016307578974153,0.01330215427057797,0,1.0781395591690588,3.930502507996367e-05,0.0,0
3,1.7677859203042265,2.8275052252166674e-05,2.472909966944927e-05,4.657881400216248,4.9398181469555285,0.026396509580144247,0.01626087734200281,0,1.0766857455738903,6.770933488780591e-05,0.0,1
4,1.4202871413749452,0.00017015357256909596,0.00013441186973764258,3.5970010924020963,4.113577235379677,0.029704859117736862,0.012137729967568693,0,1.103712889262106,7.243268617197482e-05,0.0,0
3,1.1564161237184158,1.2930578531222757e-05,1.0240924836816716e-05,8.094725212006571,8.989751340448551,0.057477776830224175,0.02258261709179869,0,1.124276966104261,0.00021384046845567063,0.0,1
5,0.8175670462794113,0.0006479704211576554,0.00039537586071814254,20.481380291861154,21.923464421677302,0.06676446058333498,0.026744157562151583,0,1.4599456553430146,8.495208078773004e-05,0.0,1
4,1.7399069443206616,9.932727364676808e-05,6.333663664901594e-05,5.877375314879905,6.337267521352558,0.014184326834951948,0.007071722404490229,0,1.1825635687482987,1.4381324997564056e-05,0.0,1
5,0.6848874918486432,0.0008147259137362029,0.0007122119175798479,3.037673256335178,3.3569565244994624,0.06487253916443299,0.03633165587046163,1,1.1204063609926664,0.00012277548214545915,0.0,0
3,1.2920236264452671,2.166194423934976e-06,1.035524617038587e-06,2.872772511700424,3.021330764692582,0.3543051330843461,0.3048784092995421,1,1.0349439695974256,0.045867843242864366,0.0,0
3,1.5874375784994097,0.00019976404098477786,0.00017965690967771227,7.924660344097438,7.949467895748377,0.22769930868050542,0.15995187785211246,1,1.2517453090383535,0.005377889685881421,0.0,0
3,1.580053314144004,0.0005439374662618381,0.0005414882539500199,6.757304743913638,7.963763355768561,0.01667866604586015,0.010918105008619151,0,1.0993995710375997,8.180035267305056e-05,0.0,1
2,1.7669161697991083,3.0797178937756636e-06,2.4522491501123032e-06,24.62001716686716,24.62001716686716,0.013331376881960368,0.007165688440980185,0,1.45422875582155,6.900701736036502e-05,0.0,1
2,1.425886450757015,1.9643107488425605e-05,1.0115666952501835e-05,4.630434872995738,4.630434872995738,0.018395902846788954,0.009697951423394477,0,1.1388526363992864,8.416061504572676e-05,0.0,1
3,0.9245210469184028,3.786629997315561e-05,1.62234557493564e-05,4.988034422569544,5.692788724413271,0.028960207669295353,0.022633668626993137,0,1.1767514915299444,0.0002943357076564564,0.0,1
4,1.0542514308512159,0.00014743146431434238,8.367742345865625e-05,5.705679063734886,6.666113375137615,0.20613495432803774,0.1601935461532005,1,1.2740667136044617,0.013783712812091977,0.0,0
2,0.651325744746641,0.0004015770255290873,0.0003593404958602567,1.4167031555534262,1.4167031555534262,0.16216566582456832,0.14648647494913858,1,1.1148873838649154,0.012763604710091789,0.0,0
4,1.5296876646838848,9.62915226105105e-05,8.824019754234431e-05,4.2226484307918914,4.343850361638288,0.23794476623234156,0.15780466002801047,1,1.0898324209573995,0.007381087164669327,0.0,0
5,0.7257588304157313,2.3878305836133458e-05,1.1905888349779617e-05,3.553438242830645,4.037237003008169,0.5289542072827018,0.42183457736265595,1,1.0615391487576735,0.08816849990358555,0.0,0
3,0.5925635126821478,0.0001520473488896324,0.0001298885482721094,3.5531461147713173,3.6811744242881463,0.04030196369415746,0.026643148308571386,0,1.2175851788446366,0.00026058838059385544,0.0,1
3,0.909427433023291,0.0012368451054171527,0.001225229821166374,3.942680583148579,3.9786717707821264,0.025780328640457723,0.012023553266580759,0,1.0992101326325752,3.431193074815539e-05,0.0,0
5,1.600930257260103,0.0008374398927627566,0.0005369340056935169,2.458240134746114,2.609193597997161,0.06875582515400278,0.03091162796096249,1,1.081571184085766,0.0014994204255452115,0.0,0
5,1.3781814066292652,0.00030756746513606364,0.00029747874418084715,12.824814725809066,15.521716467725216,0.06325567054553172,0.031058394119575745,0,1.2554037078090183,0.00028474610945086124,0.0,1
4,0.40587500149172223,0.00023456361233638526,0.0001459236361981248,15.772349633639857,17.018446464905836,0.2004881064246991,0.16149911416623425,0,1.7840663549659121,0.014929844783919953,0.0,1
3,1.7698581370861188,6.24517306920941e-05,5.419367265719406e-05,3.2272646030250702,3.6607492441601526,0.17780545536812364,0.15932755855708677,1,1.089907863041337,0.015316154895336121,0.0,0
4,1.3994143608882823,0.0001504576372479411,0.00014464369063830454,4.195864898583615,4.715262688004223,0.04227858121323109,0.022522622560507057,1,1.073658458205952,0.00013427042208670077,0.0,0
3,0.8668864366608364,0.002046452208839551,0.0014844734434618255,4.7139404752941285,5.410881359569988,0.19725128392399605,0.1478472858088705,1,1.5023994708455284,0.006982373250137148,0.0,0
4,0.7575963529581901,0.0001781251864539178,0.0001370941451463806,2.0135188653292317,2.291493488153681,0.44572157847127813,0.36402052135316254,1,1.038002788935457,0.09409690191244399,0.0,0
2,0.6062174418395295,0.00012409671458717434,7.56955427149828e-05,2.9628677440845745,2.9628677440845745,0.439532936858118,0.4244882590392303,1,1.1663019355755546,0.09299632783892285,0.0,0
4,0.8189956668874959,9.407039389403516e-05,3.917792577464596e-05,7.798661339776467,8.521150525702502,0.5472091580379593,0.3857088398637217,1,1.3506723862591625,0.1007664104726028,0.0,0
5,0.7001707413236782,0.00016318985353802203,8.971707540841298e-05,8.214963398499009,8.958853069789127,0.0553346309969413,0.020286354716085638,0,1.218176770792327,0.0003005575452109872,0.0,1
2,0.4359955013834337,0.0016900429302807907,0.0016849395240486986,8.846633552956948,8.846633552956948,0.4734331430065166,0.40799734844233904,1,3.15514679052794,0.11904934467349283,0.0,0
2,1.7829004432645297,9.04633404636231e-06,8.690170988527815e-06,7.326863522649078,7.326863522649078,0.43799666780208135,0.3803501693492814,1,1.1722530006845409,0.055278068707425965,0.0,0
4,1.0242234712719065,0.0006122518443578597,0.0004203077073752795,2.3382089078637667,2.673016798233313,0.23306662431357267,0.14204920968089704,1,1.1849679785009477,0.009877298667629033,0.0,0
2,1.7873125975386435,1.90128856085655e-05,1.7992852251552567e-05,7.750878437843815,7.750878437843815,0.2435808282063065,0.22887263136120115,1,1.2405128243161574,0.029772739440060463,0.0,0
3,1.1160124238334126,3.891899435291744e-05,2.6194540643081082e-05,4.155922037126933,4.564852455478441,0.04943697407639376,0.029664758414065923,0,1.1391583289739,0.000264827818210512,0.0,1
5,1.291310346524662,2.3127343215276363e-05,1.8157575283962153e-05,4.614179561428715,5.949291444692604,0.22331967126391644,0.18764060307996222,1,1.0706306195300095,0.023986768976135348,0.0,0
5,1.2394713400495407,4.540493726235866e-05,1.3729580263349569e-05,5.804769119794581,6.851701573343198,0.03720680008815136,0.018827471821604342,0,1.1305747957570647,0.0002655982971613488,0.0,1
2,1.4216686050721543,0.0006805274551023559,0.0006799896910183238,4.2241564262053295,4.2241564262053295,0.03254214263876554,0.019210751514629146,0,1.4749003854416831,1.7744398256278675e-05,0.0,1
5,1.1721541321705484,0.00023689023428064907,0.00019475075086381166,17.043735735511632,18.02180869245123,0.22253825754983753,0.13545347839335664,1,1.4603588028453016,0.009613771938475934,0.0,0
4,1.4990768297234034,0.00030339630857653395,0.00029665663377414104,2.4950603535657714,2.5499132266335356,0.03417588033430462,0.02077899680239923,0,1.041260378609697,0.000577994093233475,0.0,0
4,0.9075301176519506,0.0003385313228967716,0.0001922820014629766,1.9259009009176598,2.110616600995038,0.03501960052003617,0.020653495758144114,0,1.0784164265104574,0.00028939866964242307,0.0,0
4,1.0884834209651393,0.001042019516938861,0.0010089157359703196,7.443386870049499,8.190133618858141,0.23904692885157264,0.17686347787561588,1,1.2226200164216514,0.016020985564700267,0.0,0
4,1.5479057186372485,2.3537953949631966e-06,7.252999166074432e-07,5.232868390239977,6.081024507862964,0.05776294122912168,0.02371440708879376,1,1.0582905297447545,0.0005873826410766304,0.0,0
3,0.9251624881297795,7.50803758532224e-05,5.5746151710952555e-05,2.1098431248683607,2.487212455253899,0.02597902674022723,0.0154000966492809,0,1.060671627779145,0.00014917156771906626,0.0,0
5,1.138094096171451,0.0004858721857978152,0.0004740766309044166,3.573021727571089,4.044349193417586,0.4984816105767751,0.4041994292782841,1,1.0596768937827974,0.053843865588352746,0.0,0
4,0.9231865332173232,4.108777930519615e-05,2.8566342555697547e-05,2.2396930834237248,2.396883462443253,0.23806594923612256,0.1676557624899854,1,1.0563444258387282,0.015353113146850391,0.0,0
5,1.7670172349548585,0.00016717171479445426,0.0001446077735595545,4.131824373016862,4.368457239649435,0.02501641678288216,0.0190223229941698,0,1.0745019905275377,0.00028095202010973403,0.0,0
3,0.8411877968911031,0.00013789332006067156,0.00011485242220855911,12.648076898508629,13.335316245100687,0.029143225505789447,0.014991656349724838,0,1.9532752721806212,7.075431287987078e-05,0.0,1
2,1.4453967027340253,1.498518055162297e-05,1.3745301917297877e-05,5.638465080229641,5.638465080229641,0.013082562214250453,0.012752554399205654,0,1.1556801373727181,7.782908353861575e-05,0.0,1
4,1.554858398554736,0.0013179889619206343,0.000857171958958599,2.0189324882501496,2.112203199323267,0.03446718018444271,0.023097922864715008,0,1.1761599159845324,0.0005056552262914992,0.0,0
3,1.0691801703387303,0.0007831863612229921,0.0007736247791596002,6.861231990429255,7.439637927421383,0.21030678849732637,0.1876563688982316,0,1.946697409226814,0.02227773603074588,0.0,1
4,0.5184852885338448,0.00029134117182076327,0.0002540675496182827,14.131414084174246,16.21832461984443,0.2201932905562996,0.13239309211685665,1,1.4033975271067936,0.007519829508454205,0.0,0
3,1.7559486576807632,0.0002059039790520915,0.0001884544532797714,4.103082533250565,4.325921130047631,0.022284821050204816,0.01788109246194168,0,1.278820476877875,0.00023446025415150448,0.0,1
5,1.3587979407740058,0.002009810666770046,0.0009921830352826878,4.600084927143125,4.988366124197535,0.01364711819273356,0.008676026647234606,0,1.1305100394258918,4.104573919529454e-05,0.0,0
2,1.3420891340633188,0.0003104436428889766,0.000308798647023149,2.9652660691742434,2.9652660691742434,0.3550150688322592,0.3510495830228141,1,1.2326420188528944,0.06218069040703389,0.0,0
4,0.6484817123630199,0.003499620545189692,0.0018368263901186697,11.38175301791766,11.975799945125837,0.5306610774429672,0.38167065146531953,0,4.5606782599808335,0.07978039079037792,0.0,0
4,1.0553344365487716,0.0017776707793721244,0.0012039164686150259,6.339550497032571,7.097279100220004,0.22681516650398909,0.15509128089153235,0,1.5920320791286426,0.014603677571063753,0.0,1
3,0.5004518278443586,0.0006902488534787938,0.0006243979198146196,2.752639436434459,2.79111156702909,0.442371726875803,0.41384040345520745,1,1.1226199216133723,0.09110562401216249,0.0,0
4,1.5839306327306177,0.0010735796920301737,0.0007614485877056623,16.341531252534146,17.521462640582797,0.020216950337773112,0.012412939287516118,0,1.504174713601957,4.213439514154936e-05,0.0,1
3,1.6250748601786003,2.8096283474376104e-05,2.2656268347934895e-05,2.4513665247325838,2.5110727690102514,0.04125656992905716,0.022940766895368534,1,1.0458633021076802,0.0007032063345602663,0.0,0
5,1.1989352774299196,0.0006227001815815738,0.00043787407401628826,2.448928531020558,2.707022547767181,0.21606590450577667,0.16087833506034638,1,1.0715952228442867,0.01254809448847716,0.0,0
2,0.8171560647474343,0.0004572093304226284,0.0003275977598441421,3.4375889122223007,3.4375889122223007,0.20060621541413043,0.16619461555999382,1,1.318120547512029,0.011799040165061761,0.0,0
5,1.3726697920392574,0.0007708604161669486,0.0006299649622618907,16.133343474535714,17.59677709815494,0.24744459204542185,0.20514127976506033,0,1.8931638530034158,0.02861128466387224,0.0,1
2,0.6798190182884779,5.2818138550914944e-05,5.1574888039176684e-05,7.973089819508026,7.973089819508026,0.0371218350358471,0.020912822149507845,0,1.3664966853188225,0.0006715839403577488,0.0,1
4,0.7199492495447102,7.76824479041487e-05,5.351240530498225e-05,13.161186966634089,14.651400808042956,0.05777937443793674,0.02864381828970372,0,1.4602628896431207,0.0012533335635727314,0.0,1
3,1.2861185547999532,0.0005752388471657166,0.0005646119931953259,11.520598724454851,12.436497807282919,0.2170604856373119,0.17278300810219113,0,2.8152503205603563,0.023796403462113713,0.0,1
4,0.7493347754800352,0.00041013536328914074,0.00027527026909927307,6.965127458517019,7.7619174418685,0.24255404558708066,0.15931317601297978,1,1.5018302843009987,0.011700526903809415,0.0,0
2,0.4055688222476005,1.616629692400405e-05,1.1388669405447963e-05,2.2805164835245693,2.2805164835245693,0.5017434954934841,0.44194126735662276,1,1.0618161374419677,0.09360451484965461,0.0,0
3,0.5927325122907868,0.0016160988971813596,0.0015584022476846792,7.787930497864943,7.88696895931063,0.41881694861856383,0.38881624843267665,1,1.3801304049635796,0.09131627262851916,0.0,0
3,1.4901744873456926,0.0014657850009286866,0.001211084320352141,11.46900793229638,11.539861832508574,0.1863067693843632,0.1411274151211581,0,2.1657410060787576,0.004785013096842417,0.0,1
2,1.431521345222459,2.529350873063526e-06,1.9076553919450355e-06,5.649438602931427,5.649438602931427,0.44535184273043416,0.4323240459001883,1,1.0833680506982162,0.10163486470503874,0.0,0
4,1.4377461917551253,0.0005575319901031859,0.0005376624544597548,2.3865073248630924,2.531645508081277,0.041472692234315545,0.02044614898547554,1,1.0628385194611056,0.00022307435816367973,0.0,0
3,0.4010038892665341,0.00044595206504972375,0.0002704275272950253,1.6794721343575734,1.7698354171691584,0.034832955993572834,0.027421352803451374,0,1.102779799155982,0.0002742732073781525,0.0,0
2,1.0200255411077177,3.7015648396397757e-06,2.1377127464330483e-06,13.959716393281756,13.959716393281756,0.042716539499296484,0.039680574966613105,0,1.2523357023552315,0.0008064585205302285,0.0,1
5,0.40351450954757334,0.0029831292857604784,0.00266790677426039,2.1814909770261397,2.859734375934212,0.03137033846327364,0.01625078608119972,0,1.0882283220924633,0.0004567129854543195,0.0,0
5,1.457074566895526,0.0006466457047604055,0.0006243280597035177,5.5116108838163065,5.722502142704886,0.04937489114152055,0.03540898194915052,1,1.0676073677069453,0.0004256212482674921,0.0,0
2,1.5024464030085807,2.4534165560559778e-05,1.949182371474364e-05,2.1746600538569267,2.1746600538569267,0.04794792488083172,0.031413687127324334,1,1.067939170642414,0.0009402251343120371,0.0,0
4,1.3927315229513462,0.00012898678761480266,8.033485332518237e-05,2.9812068490187333,3.1590237701920376,0.12994481780674272,0.10769490369134835,1,1.1107037926971095,0.005662016105922022,0.0,0
4,1.7055204892487348,0.00041981304981332756,0.00031310927585061004,3.2254078585809878,3.611683991365066,0.04343895929489617,0.020128444419135635,0,1.205598214269036,0.00011236675496270288,0.0,0
3,1.2254781413889824,0.000643127452105442,0.00047458348967659565,7.762440721220116,8.138517408170314,0.249210094380231,0.18725715566226006,0,2.026321293572474,0.015886408757416426,0.0,1
3,0.4994471389944941,0.0008420673414802927,0.0007232688653399593,6.036135730869033,6.054222198137811,0.03070850426137546,0.02687697714684272,0,1.3655774521101516,0.0002688265636529796,0.0,1
3,1.1958641210966783,0.0009878401682034816,0.0008132760073441552,1.3591607522445655,1.604393126101365,0.17365833994276575,0.13051346658026614,1,1.1135544281026808,0.013502789559718259,0.0,0
2,1.6139707516701165,3.1236034707057454e-06,2.648240774779067e-06,16.48084789163726,16.48084789163726,0.493838378038018,0.489254439479202,1,1.2854994850027053,0.1297175415521855,0.0,0
3,1.182155903978202,0.00021608810729163583,0.00013070038686207032,4.5672859105200745,4.7835493983128865,0.05055851069479029,0.02875313811544845,0,1.2330784772338317,0.00038441286389300904,0.0,0
5,0.984703980521436,0.0005898272123856181,0.0002752583989092096,3.807592527837847,4.136503353247935,0.0386109973685354,0.02170890138876049,0,1.197549821699196,0.00040691023448783547,0.0,0
4,0.820627721857925,0.0009628096163397905,0.0005359592535167998,16.092486328860616,18.434321359039888,0.5179464181877431,0.4344658189866746,1,1.8647901921960217,0.14026533658448911,0.0,0
4,1.502285046317524,5.027694692106874e-05,3.075464564434132e-05,8.028920315035599,9.108983152857855,0.5078443078314349,0.4164464592335072,1,1.301823802218668,0.07776097760713459,0.0,0
5,0.6484684472021686,0.0005830693492652832,0.00026078540735692855,2.2228964563958584,2.411413470458019,0.055322998032540746,0.03573211432328498,1,1.05609524477682,0.001028375876364284,0.0,0
3,1.5945219005841944,0.0011813998473484192,0.0011683417566669902,20.779016703841258,21.13792678096445,0.2070649811937822,0.1535436751871768,0,1.7023186394710597,0.0057968496985070506,0.0,1
5,1.701542073214263,4.137220558467701e-05,1.74611712432201e-05,4.990665732197451,5.702497309163439,0.23606113337639673,0.1924774757261954,1,1.103183348670116,0.02263733954158344,0.0,0
4,1.4134656146219058,0.001653860695504543,0.0011698814308056151,13.103183880965148,14.081832291789814,0.23494412046153856,0.16040564506408853,0,1.582006478204858,0.019830900723445965,0.0,1
3,1.5806374039859976,0.0008706495064121465,0.0007930178183475675,2.227319976975232,2.6807461008235123,0.03841930687194225,0.02794747010002928,0,1.1493019358778827,0.0005404292399526857,0.0,0
4,1.2573225052110866,0.0001844150511003573,0.00014276591575158108,4.179356421975136,4.676048575675014,0.23422791720302372,0.16217228869100608,1,1.1571902454840315,0.015264833674907961,0.0,0
3,0.8090410288019616,5.0496347341860514e-05,3.378844737923199e-05,7.237288548451308,7.814615877022476,0.19068136482520381,0.159751382580729,1,1.2818455541258444,0.011269021821626158,0.0,0
3,1.6251699665943646,5.636714326017301e-06,4.164056827072157e-06,2.7068755183956865,2.9007313867603326,0.0492196655038546,0.031233504271125978,1,1.0484417085570554,0.0009969796312099082,0.0,0
2,0.9673158916550502,0.0008824859230223264,0.0008803651884234277,2.045165888863164,2.045165888863164,0.03894081710081224,0.021963478467968457,0,1.2267148689576448,0.0007565623562859196,0.0,0
2,1.6018266766973999,1.05228292885959e-05,8.47849489393118e-06,2.3163028637431062,2.3163028637431062,0.12660066188634658,0.11551290255333889,1,1.0542146709184603,0.00597542845621557,0.0,0
4,1.571920068900401,0.0012484667078240816,0.0010076069443382325,3.0305501884474113,3.226535010874578,0.05157225186487924,0.029182741382431904,0,1.2216955174287327,0.0004612070782972591,0.0,0
2,1.4356822872441564,8.795187775439073e-07,4.50781299065553e-07,2.458690544692306,2.458690544692306,0.033374992937910145,0.01897768486109317,1,1.024803361277236,0.0002758299262841695,0.0,1
5,1.6726199131604806,2.7271956500563297e-05,2.0942437422639065e-05,9.237154443902583,11.237539066609472,0.047514290854477156,0.016405243552405194,0,1.1240872645957942,0.00018208114207456517,0.0,1
2,0.41958015296817586,4.552071157959165e-06,3.024908582738682e-06,4.077421988116996,4.077421988116996,0.24837982310972867,0.2184788998847903,1,1.0728236714990815,0.02236610014324006,0.0,0
5,1.4486407089427404,9.184886803606621e-05,8.398591333283208e-05,3.3866431273358866,4.112579599934415,0.05493825377234457,0.024619301764634383,0,1.058465694894451,0.0014026459773843786,0.0,0
2,1.1107034216932217,4.34092644895316e-05,4.2744953605521035e-05,1.845908403424761,1.845908403424761,0.07352022198285049,0.04736306247870657,1,1.0698121819421451,0.00026201241326638986,0.0,0
5,0.6210917739859048,0.00232923572144702,0.0017624317119690508,1.4295140140194809,1.6826486730028445,0.21839424867803708,0.17957979645853483,1,1.0686082784996558,0.014239791442395648,0.0,0
4,0.7224953286957714,0.002858951766145875,0.00203873770728006,5.304035054409595,5.797377367710324,0.24750776063256769,0.17943808459830293,1,1.1487868678645394,0.0150769095648111,0.0,0
4,1.5495834613922264,0.0005094481586533763,0.0004939821247283006,3.2583438208930797,3.632177669019663,0.04342853256079515,0.025117408747401558,1,1.0377172014484435,3.484822135086215e-05,0.0,0
2,0.6385536294183263,2.260026378982603e-05,1.9278282300170718e-05,7.452227049575501,7.452227049575501,0.05165514781672992,0.035685917643815665,0,1.245483904643218,0.0011775564452933813,0.0,1
4,0.44138775676915804,0.0018833070145563974,0.0017365490300581521,7.647418578791632,8.387799452452745,0.0391385638750827,0.031090805822022793,0,1.4113046424725326,0.0003463105830575711,0.0,1
5,1.6343044602341892,0.0005436528947085354,0.0005359229117896287,6.468398233403299,7.015661882622355,0.03994956906510874,0.025276472986265543,0,1.085765285351661,0.0007611936183984963,0.0,1
5,1.3659172481689128,1.616670507464278e-05,8.098758933734867e-06,4.096475964078978,4.653926799185308,0.5368955372813011,0.4154721006711723,1,1.054892724136654,0.09503182867646671,0.0,0
4,1.4680221391417756,0.0001556531844695121,0.00014005089601309037,19.12439111672172,22.19708533272195,0.056420018550343856,0.02605653898569575,0,1.5357948954008798,0.00023585840742952383,0.0,1
4,1.0374160615323795,0.00010464030226750206,5.313943566815414e-05,12.888780681088031,14.842518580532493,0.036700226201369396,0.02341703715084356,0,1.55780757075977,0.0004844528286430796,0.0,1
2,0.9389244581142753,0.00012929698273058616,0.00012772804439702628,18.80630931355195,18.80630931355195,0.2368272038452352,0.20251914931755796,0,2.7938376316505127,0.028206739780469083,0.0,1
4,1.444145560475066,0.00040382619363597675,0.00020561631807793445,20.359688348864804,22.12902692462326,0.02214856129895362,0.015118490073492304,0,2.2456831709778324,0.00010461686626498955,0.0,1
2,1.2066427903135946,3.0090407651425534e-06,1.912558028791972e-06,1.6899940313667432,1.6899940313667432,0.06463417419562625,0.04656621358458904,1,1.0257006651900187,0.001480330664485212,0.0,0
2,0.9874109896194581,2.763135793903428e-05,2.0922913315314786e-05,4.882961767453317,4.882961767453317,0.22441435093725087,0.16220898748060453,1,1.1661027383957487,0.01018386895402807,0.0,0
4,1.4613958566419583,4.2129893194515416e-05,3.5823908066009674e-05,6.998205626840023,7.2435487180563145,0.050972410974851404,0.0276763477872628,0,1.1523481217362046,0.001146995119971479,0.0,1
2,0.9828581041431617,8.834758462939122e-06,5.271229549786125e-06,4.177447293739034,4.177447293739034,0.04171724945776602,0.026034867109369746,0,1.0940037819216202,0.00037723928864310673,0.0,0
4,0.7793767128112026,0.002411699788030509,0.0023857529206432943,2.2879814520942747,2.8716030402510113,0.20589932849575465,0.14320091109807456,1,1.0462384554228645,0.006084309012690979,0.0,0
4,1.1865425400780407,0.0005692900925902915,0.0005510809341337092,3.4335507383508164,4.221757953166375,0.03935902125116639,0.02293306802340303,1,1.0642445891051555,0.0007511361277661337,0.0,0
5,1.7885029419228657,0.0012291460442558693,0.0008968458191164747,3.137896122947125,3.5025312128250405,0.2171193415242887,0.15853075097939065,1,1.094514786313079,0.015051625809319796,0.0,0
5,0.6730553329035749,0.001090433913175844,0.0009345042645487564,3.8950530636427145,3.9908480222290517,0.0612227185136356,0.03004900775258995,0,1.1879459085445907,0.0007519053799837129,0.0,0
5,1.205914483890197,0.0003538665098131792,0.00021375790884209633,2.3969449844327575,2.4884433144566853,0.05008321676420043,0.03255675562838041,1,1.0650781668999159,0.0002257808000757898,0.0,0
2,0.7452045584548787,0.00015772338120748015,0.00015022693888265892,12.705343300875578,12.705343300875578,0.035370000269139015,0.034948054207481524,0,2.070744929524914,0.000597968531872886,0.0,1
3,1.5296584327098008,0.00010438492697069046,0.00010126269950418397,12.23024237205974,13.496642285386166,0.4371498105023378,0.33909025626613626,1,1.252113719222364,0.09914368132589557,0.0,0
3,1.7869767178577964,0.00013222345752278512,0.00010957056372503868,7.13011278707491,7.602660509719348,0.025444136972164598,0.014224384306695315,0,1.2688805146508468,5.219465944613717e-05,0.0,1
2,1.2780938622376974,6.805408166518313e-06,5.5580072016936905e-06,4.71787818106904,4.71787818106904,0.44965883570617415,0.419783691572595,1,1.0974786125210567,0.08434473529654163,0.0,0
2,0.9119702411862369,6.048384793373072e-05,5.8730391763304796e-05,2.9561297066982775,2.9561297066982775,0.5237856127027822,0.5004740069682422,1,1.1283432407928529,0.12199773171474552,0.0,0
4,1.1841274093001284,0.00010803353126105982,6.570864990785178e-05,5.762429401189288,6.402733226971222,0.23121221948886944,0.1556768876316298,1,1.2309424160233269,0.011758406676569098,0.0,0
4,1.4814162751088478,0.000511077057294615,0.000254118989245909,6.876809961239495,7.521418996666096,0.16203666162533711,0.1449968542060736,1,1.579384664363453,0.011729003659839641,0.0,0
5,1.465910118312138,6.94598369713144e-05,2.965445313855415e-05,10.20189173154378,11.872012705135594,0.478988266190543,0.3587267426745699,1,1.39964214013575,0.058082392846307195,0.0,0
5,0.9553955166647159,0.0009267512679826754,0.0008500783363551591,6.287169213379806,7.582203729379278,0.20249201115417365,0.14091121545041885,1,1.2362685985392212,0.019317549612685527,0.0,0
4,1.4841514183290268,0.0015847201041197289,0.001055777602451652,2.3109499736010717,2.7023591116837373,0.05891738132535082,0.033402330989409035,0,1.2660311572600624,0.0011389970245249082,0.0,0
2,1.2298778642061015,3.775168384257391e-05,3.692536305627019e-05,2.366279064944192,2.366279064944192,0.04535732162949983,0.03219799950470328,1,1.0860849447115737,0.0010101070225176211,0.0,0
2,1.4375050973685704,0.0004601384439320245,0.00045323625762662374,20.39890200622476,20.39890200622476,0.11134422669889915,0.0989052145978548,0,6.283013776160447,0.0038128060132953537,0.0,1
3,0.5479258529026114,0.0030237935601997827,0.0029934317343685147,4.764875330865881,4.785186554675712,0.4988380173341008,0.42494264258893155,1,1.167351906471397,0.04462639437775729,0.0,0
4,0.5606525853920383,0.002735066197527296,0.0015219075449985186,4.286118473169299,4.482279202361766,0.02811130714799829,0.021767680786629957,0,1.4012079272093652,0.00033980508449849326,0.0,0
5,1.5808003616601467,0.0010021407480072467,0.000747232467849425,4.02686784054807,4.6448122412996655,0.2081462710897311,0.12947221099580664,1,1.1448784280187096,0.00912154204625328,0.0,0
4,0.9398669347303745,0.004748074607762244,0.001966481118763588,6.000154610408984,6.689955046324847,0.5297309930159444,0.47388936868843257,1,1.8485591901448242,0.13915938851284482,0.0,0
4,0.9082542112917483,6.175780503100994e-05,4.484267155875193e-05,6.384986990252042,6.7699392104926766,0.23773892243721217,0.18610980428195564,1,1.146414769750463,0.02516812413053997,0.0,0
3,0.5749781014421258,2.185018737051697e-05,1.4255120872099273e-05,19.541761301418546,20.70474725921072,0.028384359522820753,0.01943273943927377,0,1.5689606149292659,0.0003161084281611433,0.0,1
2,1.6680848923030762,0.00010660757236503444,0.00010148687075143658,4.941269154611968,4.941269154611968,0.48372401211626476,0.3717694239079553,1,1.2766218102604743,0.038361041184695875,0.0,0
3,1.6671192150314167,2.3148718003629092e-05,1.5536004948253895e-05,3.2932705389629824,3.8551568129666443,0.1771366162498652,0.14018328740712693,1,1.0946102066121086,0.013124237021254573,0.0,0
3,0.9106560433933466,0.001168542615004802,0.0011496267452488272,2.422345143475164,2.4766877624705335,0.03620703636354561,0.015735203937863134,0,1.0726705324250185,0.0006439774102881571,0.0,0
2,1.056124390657567,0.00026003626427545065,0.0002552723660221967,4.165145550211739,4.165145550211739,0.5117448130134872,0.3927933656313096,1,1.3195425723620053,0.13914539980550525,0.0,0
3,0.8133856088083351,0.000633827649913744,0.0006239777059595063,8.357237095804516,8.405025070504863,0.2386431386842262,0.19639368738311747,1,1.2076770222854023,0.028711670832196595,0.0,0
4,0.5994538425397179,0.0005061933003134465,0.0004874335013064598,5.003828343738717,6.211873961951725,0.22913489191626563,0.15160989309248485,1,1.1865442322238013,0.006510444113487562,0.0,0
4,1.695799614450065,0.00039872634982868806,0.0003860468920214489,4.692879266661167,5.809231947494354,0.23303664078541397,0.20208576150395574,1,1.148897769805374,0.017569101918090857,0.0,0
3,1.4806014447258722,0.00027729224468697283,0.0002686179940594671,18.141991836388282,20.13062412093561,0.0515944405785287,0.04398056247989554,0,1.6106674755436183,0.0013219937248478808,0.0,1
5,0.8441254990896672,4.715951704175909e-05,1.857157902356273e-05,15.153900112088523,17.54236268052997,0.5109184702653988,0.43133444060319226,1,1.4570563894735482,0.11043796728430574,0.0,0
3,1.4992578716582463,1.8100155534800052e-05,9.019487515471953e-06,9.51241293347158,9.803320134439879,0.06360888431391815,0.02969851585985418,0,1.2296489349290258,0.0009967777786925214,0.0,1
5,1.3445572203053748,2.73851787937022e-05,1.2706623345950422e-05,8.957473018840176,10.504532811541402,0.043690741425803085,0.0257447460635917,0,1.2034226580733638,0.0004096964283829631,0.0,1
5,0.5201292861292965,0.003600754718700185,0.003523079418380201,2.45012925751981,2.9442273410126942,0.05514012199434529,0.034619069526334666,0,1.086768325301523,0.0015028057220797734,0.0,0
4,1.6597302116271448,0.0003179258846556152,0.00025127781171240606,3.7488907699045777,3.9492318056506677,0.22698966454501845,0.15807866079211264,1,1.0781179517457742,0.00537046614897836,0.0,0
3,1.4624160254017293,0.00018845527863674215,0.00017939498578447018,17.25111480439939,19.810328007114705,0.17044551801096805,0.14019286959178284,0,1.6311877760230054,0.014450379366967726,0.0,1
2,1.3318621165859588,3.5039996663341525e-06,3.0520742449133024e-06,11.492968972528146,11.492968972528146,0.2274667360387801,0.15627028602789295,1,1.1993449659003748,0.023143531288902612,0.0,0
2,1.5038831947603075,0.00028605391013089245,0.0002847880819286927,9.953499998980908,9.953499998980908,0.19364603367746902,0.17911358717058087,0,2.0021537423131126,0.013665934064880553,0.0,1
2,1.0643942342116335,0.0002574071967631588,0.00017366376149635733,6.657429267543501,6.657429267543501,0.29609183374404496,0.2806085976581521,1,1.558396293272071,0.04218078805017135,0.0,0
5,1.460035800010829,0.00125916383520488,0.0008452166363129835,5.764084449189025,6.391455871122155,0.028560704614367098,0.012293522901028017,0,1.450632685447213,1.4997765778938644e-05,0.0,1
2,1.7511893549223339,1.1852157005019375e-05,1.078344598967932e-05,3.1709848193647314,3.1709848193647314,0.01288531118448909,0.01086445090111536,0,1.0781091952930377,4.297562885205952e-05,0.0,0
5,1.7468995160098362,0.00013195984115605363,0.00011933766113329094,8.373539004741312,9.437981360948847,0.38869616956292163,0.346153237151218,1,1.147605930181739,0.07614197050512449,0.0,0
2,1.437353473537236,0.0002207140628305537,0.00021005433471358285,4.412063418061333,4.412063418061333,0.456347962609239,0.4246368648239539,1,1.3206265742874599,0.10862857863315195,0.0,0
3,1.2845088332224126,0.0013059161068083153,0.0009723273384861602,6.71151618495739,6.748330287523234,0.03853443128170436,0.019192048413085652,0,2.022664810191684,0.00023586014449031726,0.0,1
2,1.2186785936349491,0.0006633623364820123,0.0005025172310893578,20.645371586548972,20.645371586548972,0.21975570395538657,0.16543971425110385,0,8.985894351070357,0.013486030172516919,0.0,1
2,1.0695613966379445,2.333537522591769e-06,1.4470883686881974e-06,14.865233228046316,14.865233228046316,0.023979819887546605,0.02184185259924256,0,1.2279996253175998,0.00023114546122222552,0.0,1
5,0.4900739829957428,0.0010152618730263016,0.0006751924503008599,3.0502667904030174,3.377271245643633,0.41739250183113147,0.35006736717168446,1,1.134524527855195,0.05544557671122416,0.0,0
4,1.6360739050917659,0.0001379567574394267,5.966779859140465e-05,6.400955951215388,7.073885079701745,0.2034539440418882,0.15995796387990696,1,1.3270632266364901,0.01212953647182309,0.0,0
5,0.6714410878051049,0.000369348623720377,0.00032170789312320795,3.963608931854337,5.301972662441685,0.23888709673116437,0.16206054794660457,1,1.1095324976662817,0.005699233619327638,0.0,0
4,0.8346986990150416,0.00021221132527445434,0.00019840277096212279,20.494832669264593,21.763739780154868,0.03204038574153467,0.020384602136849013,0,1.3044966480315652,6.815804901349175e-05,0.0,1
5,1.4218222392147375,0.0006265101474653021,0.0006054137135356991,10.165797290254012,12.092599528134825,0.5177596401503725,0.4009198758636656,1,1.1836546147157034,0.07617146548198626,0.0,0
3,0.40072595517222176,8.358541965637444e-05,7.215900063893674e-05,2.6634841989708615,3.224980387074063,0.042498196765805824,0.02699669672715446,1,1.0927808643790302,0.00016332636900788728,0.0,0
5,1.6727979443835763,0.00022819714664699793,0.0001287265688576188,2.831000485966458,3.1368720234992695,0.04072045770530032,0.02178290112161703,1,1.0533539681857684,0.0005116736243653978,0.0,0
4,1.0305608252341631,0.0016013309498569218,0.001147839947026123,2.5158362938062617,2.6469551660987998,0.0364588330347237,0.02484870974107218,0,1.2391048005514202,0.0006320601219504587,0.0,0
5,0.7513641153906307,9.634130750020171e-05,4.1346670779349715e-05,8.18389690645983,8.95181649248476,0.22421843912809825,0.19160657267485065,1,1.223118648430309,0.02137008919847515,0.0,0
2,0.456686624101927,3.4721443889551914e-05,3.333675962259283e-05,6.242621036419237,6.242621036419237,0.04324558031273326,0.025927059058478204,0,1.2363517865038327,0.0009020521091155189,0.0,1
4,1.2003136300576032,0.0006452229894631044,0.000604405026712696,20.466337160153273,22.864824310386528,0.02944058534764505,0.015215833593726262,0,2.0721124210785544,6.369650052296029e-05,0.0,1
2,1.061226575369208,9.209749688822816e-05,7.981577624970161e-05,8.629292873397501,8.629292873397501,0.20986421240095054,0.17257551053373876,1,1.5034943904359475,0.020309863182412326,0.0,1
3,1.0589652084257173,0.0017303851429349762,0.0016884846908263682,5.432841237135982,5.5622131340291725,0.04318838481035113,0.024181316052130208,0,1.2171769262099512,1.6521128855241923e-05,0.0,1
5,1.1971358805453451,4.731827777020586e-05,2.346435618564148e-05,5.333331323934386,5.775340636916451,0.06008163240269267,0.026335200195962,0,1.1498125685117462,0.0010225686110557246,0.0,0
3,1.3656304950222462,1.3226657985932021e-05,6.644520915553025e-06,6.6238268938848135,7.072511496462891,0.046951885150414305,0.03325186555369815,0,1.15430793394121,0.0007595450927793724,0.0,0
5,1.7238458849773561,0.000734803341549636,0.0006266426520846321,2.032935698109002,2.2861580959826338,0.037446147404117655,0.017142500308109702,1,1.032665475083678,0.000634698641779507,0.0,0
4,0.703695169229797,2.6379905403890586e-05,1.8064720373068416e-05,1.6487576606753305,1.7514330942132255,0.06555873830258477,0.036617794158795514,1,1.025658200736765,0.0015659769530736811,0.0,0
3,1.7116176818835638,0.00044755048453970806,0.0002300427327705285,1.8730144111128861,1.9309713368732684,0.3778311260532361,0.3153660119203668,1,1.124357475761943,0.05291352234257507,0.0,0
4,1.7403491701249405,0.00032098270853165147,0.0001829769750127361,2.506356173615792,2.6259732539688607,0.05371520745730339,0.02940564871747882,1,1.051310625005647,0.0008853189623162015,0.0,0
5,1.1897705726177767,0.001170595100812112,0.0006420829794139442,3.813765322289394,4.330528457989139,0.23503066565414255,0.1725433590698935,1,1.1343137435931343,0.017332924141562088,0.0,0
5,1.5282940600474682,0.0005778945047551383,0.0005598863484191711,1.7210538509795026,1.8690970270325529,0.04503122265532404,0.030212593534618627,1,1.0248453815772642,0.0006640203090303526,0.0,0
5,1.289296799253029,3.793221364704079e-05,2.1059569540736102e-05,2.913572035613607,3.2625637621100583,0.48688988456372295,0.39464367281248425,1,1.0482535581801578,0.07945313701904139,0.0,0
4,1.2733409608810735,0.0019070430099822062,0.0011095994431508857,1.8912202416407544,1.9405969902013032,0.02592059991421828,0.021757555660181255,0,1.214458448071548,0.00030800102978375903,0.0,0
3,1.4213694655098288,0.000976606798223376,0.0005772560899552508,16.984218983390218,18.4023709174482,0.19410289625279348,0.12233215671846609,0,4.026832856934518,0.009590774398075399,0.0,1
4,0.44881274375162905,0.003794678665629435,0.0015289015116018514,13.921607020089802,14.501665016806285,0.20558586846575228,0.15419222208543445,0,6.391641136785263,0.010513209379024195,0.0,1
3,1.7233093621354096,0.0009254134136015519,0.0009227797561700734,5.667400548460086,5.938575537821674,0.41367208278341033,0.35338833225977373,1,1.0848257547276123,0.08942004319544049,0.0,0
2,0.6528863427737522,8.25909122277605e-06,5.490257360350552e-06,12.71719717148206,12.71719717148206,0.023211091384479177,0.015497533860118238,0,1.3074320546104117,0.0001057696890042661,0.0,1
5,0.5781230212593464,0.0037895234315839434,0.001522075094513278,6.180508908362381,6.312638568932858,0.05313379611020695,0.02904304899060617,0,2.1178066465416787,0.00026873867488228116,0.0,1
2,1.483609137642758,2.644525061874371e-05,2.5083792961848148e-05,4.345446989564719,4.345446989564719,0.034335246624129054,0.021726229829640165,0,1.1442380110810824,6.860016363471635e-05,0.0,1
4,1.587429956874793,3.340412492829411e-05,1.960978928532356e-05,5.982125325787746,6.81614027875926,0.23844454865269327,0.21702350619540758,1,1.1382221864736457,0.026812761620073528,0.0,0
2,1.544921632469223,1.997266408327446e-05,1.4549055560219254e-05,19.945198505801248,19.945198505801248,0.23825428854893643,0.22168227316181158,1,1.7674960433523799,0.026455835551076605,0.0,1
3,0.8374417428563239,0.00016374954759728447,0.00016023673786214217,3.4106871647992807,3.785534903783109,0.03326547674089168,0.027590244196492354,0,1.2131568035940292,0.0005402235588538906,0.0,0
2,0.8780812169577353,0.0012009782209512273,0.0011584259821935117,1.9698128747601378,1.9698128747601378,0.22321919412547309,0.1809071852781584,1,1.2437716370221887,0.024717113846361573,0.0,0
4,1.2058952982263158,4.101425546244315e-05,3.427743079258421e-05,6.136675920140702,7.204051784131681,0.16003821747161118,0.13307651549623922,1,1.0942697836819986,0.01111199613504775,0.0,0
3,0.8295942578141893,3.5173388876281034e-05,2.2206097421286736e-05,4.724457125111417,5.514913963026112,0.03738378109801177,0.018211500986179626,0,1.1607428460821574,0.0002192150395606137,0.0,1
4,1.0081842499593177,0.0015007846059099017,0.0011218595991088927,14.911025025496697,16.093676884501193,0.2138520951747674,0.16987939313545738,0,3.3785840358521635,0.018284462068462393,0.0,1
5,1.0928665460629488,9.437532084678739e-05,4.429594770469261e-05,1.880736790012328,2.16123379464214,0.02799668853259235,0.022363028934814243,1,1.0620883934310812,0.00024213936245248715,0.0,0
3,0.710251439103307,0.001040636504854986,0.0009797980943147338,5.575285764924624,5.886105882852149,0.04913885323297454,0.034052985352262755,0,1.8130918783307701,0.0004690231777519564,0.0,1
4,1.2357882195034189,0.0006026775395054316,0.00045154877902563005,3.2564104269511,3.8808987961209085,0.21173301013165846,0.1391090477842496,1,1.1968639007318655,0.004263299202689921,0.0,0
4,1.40201420733391,0.00027037409691749306,0.0002098875105570053,4.251590263656262,5.321126553824427,0.24883209428468955,0.18727406798209087,1,1.2174202481046277,0.012731038573532073,0.0,0
3,1.297713450633132,8.029879879230388e-05,5.8213723801454156e-05,21.511484880516733,22.148238086956425,0.043706404282283465,0.02444013251992076,0,1.9661580242680696,0.0003799685995144016,0.0,1
4,1.2565014173735634,0.00036725986780344444,0.0002679197364160573,6.6577642455490365,7.643611309670722,0.542098577588894,0.4124594013274662,1,1.3727748945804947,0.08556424094353891,0.0,0
4,0.5158598981271811,0.0001607457581584167,6.317668173573798e-05,5.174550316178961,5.481387262179985,0.5307242876690893,0.4201163129628258,1,1.2679637571958018,0.07953956091596603,0.0,0
3,1.3145875053736384,9.355607710664395e-06,6.1847404171533365e-06,11.700737328907852,11.908160668794537,0.030134334097528127,0.0189657695962549,0,1.196013503594923,0.00010925374259882524,0.0,1
3,0.55698703240902,0.002362204961304463,0.0022931471064545797,5.776745270416868,6.119216606833026,0.041515616591052365,0.024915451732796245,0,1.3185069654199852,0.0008392777255178851,0.0,1
4,0.6431794824527489,0.0008293198065092816,0.0008101840921161318,5.760588674108046,6.036543473159785,0.05278653044632621,0.02553658569679283,0,1.1537691114482858,0.00019505977098605116,0.0,0
2,1.2639015064647798,3.7161455906664226e-05,2.2163622648033028e-05,23.4843181314494,23.4843181314494,0.11280081678637283,0.09660141081988524,0,2.3072562271018366,0.005317301354418401,0.0,1
4,0.7310673769860551,6.973581186066049e-06,2.6089787645548773e-06,10.461268477990766,11.83884528283358,0.4928357019389157,0.40647342019004123,1,1.1850792415673297,0.09147425589288598,0.0,0
4,1.7855692874106293,1.476268039389524e-05,1.3116018211995327e-05,1.4787719275264286,1.6748773322149662,0.23661090385571248,0.15744239997504803,1,1.0179583675626571,0.00971111833196737,0.0,0
4,0.5541878748328436,0.0020142068740773493,0.0016241671758875185,2.4568363256233714,2.8090144005977606,0.03278602244933254,0.01686028437430284,0,1.148373720341744,9.016590962138685e-05,0.0,0
2,0.7357313328461661,6.966480421343695e-05,4.7310047771148175e-05,4.66099194185845,4.66099194185845,0.03196345267643441,0.020595813705542202,0,1.2211094670219909,0.00035378681373497174,0.0,1
3,1.2135673227507873,9.157783317260907e-06,3.8734649678656955e-06,4.528702253668403,4.897955947621952,0.23809457715662796,0.2086452117442803,1,1.0855204703856,0.02145093657896775,0.0,0
4,1.5093318994996356,0.00042593715890532383,0.00028214006076163645,5.2695584265960145,6.370167249736903,0.5371301757842133,0.37195176773235283,1,1.2945449237733668,0.06007049140963586,0.0,0
2,1.4126463544989536,0.0010973173445313579,0.0008841226739740594,12.698775279055347,12.698775279055347,0.11466151390540415,0.10365093369911946,0,4.347046818764901,0.004595804806944116,0.0,1
4,1.4375009287740896,6.925146844309277e-05,3.317980505569898e-05,6.569517318594698,6.876999641538796,0.5148798545592048,0.3666962661059495,1,1.2415613673211052,0.0843986545522179,0.0,0
2,0.4404979790876322,0.00017389640720024587,0.0001640712325478093,8.799129218668684,8.799129218668684,0.22080267027390071,0.15786840784497258,0,1.6750243357737824,0.023342612215685878,0.0,0
3,0.6272660392631502,0.0003653854987189072,0.0003590715599288,3.9863998927267428,4.048080840050834,0.041504346749667784,0.024856312783145096,0,1.3458527160515337,0.0008517991297549895,0.0,0
5,1.4119176766287613,0.0008149402470458543,0.0007774622444655378,1.9014255311626629,2.083658800754062,0.5356995519465778,0.40968989413020757,1,1.032077337750157,0.049292808517735695,0.0,0
5,0.4874258332096718,0.0013080384824492592,0.0008827858187908363,2.9062599752454354,3.181073751492402,0.05081698831463681,0.024095362529064957,0,1.193541497331454,9.882709900196503e-05,0.0,0
5,0.7270688812283376,0.0001343860294312361,6.008858466634149e-05,9.307733046599335,10.681442756232123,0.20867542725958937,0.16488169515354967,1,1.3399721737560624,0.013849636886011148,0.0,0
5,1.3575178478935224,0.00010725450776460231,8.104706000127578e-05,7.240514523187394,7.91795704174155,0.05748565562073191,0.03537268210814907,0,1.226057270309028,0.0014286632661468827,0.0,1
5,1.5991729069664258,0.0008905463673005905,0.0006492403506679452,6.495602651069675,7.353737322710206,0.04881788183288334,0.023738323974251845,0,1.3345326726710824,0.00027618281828919864,0.0,1
2,0.7761318840233173,3.337339358673985e-05,2.4242247549810213e-05,8.849846659485328,8.849846659485328,0.29594833590579817,0.28308730240854746,1,1.3462286218465356,0.03913446209189609,0.0,0
3,0.7736618029004156,7.89080273191179e-05,3.831425822481725e-05,2.3485354084946626,2.6374463236866346,0.05632293864606429,0.027014320090463385,1,1.1082971737699574,0.0008427053832709634,0.0,0
5,1.409483569958395,0.00141571866263233,0.0013291629046649402,9.443104207995693,11.109705929616279,0.032311392646555456,0.018817448907308357,0,1.4574009322862345,0.00042351795144602054,0.0,1
5,0.9462442746793032,0.00038841493012391594,0.0003405414494346162,11.133828333595496,12.851079557110399,0.047668822240066175,0.031689781198244026,0,1.4419939508790798,0.0004782973656895186,0.0,1
2,0.7561323706199037,3.3161380039930104e-06,1.7814275374497587e-06,5.447243423065962,5.447243423065962,0.006983074421244583,0.004594337746416389,0,1.0881791875170395,1.2437091300933408e-05,0.0,1
4,1.2646588995491919,7.58182135948326e-05,3.0552611461731835e-05,16.499239390773198,19.410075634436495,0.21612352702408427,0.18972165165039045,1,1.6708216366958637,0.0201977838572211,0.0,1
3,1.3885866451980808,7.677865979266192e-06,5.578022465650714e-06,11.457759328172317,11.804300562157477,0.016017738627404535,0.014834651897706325,0,1.2527014933971534,0.00012026988976506447,0.0,1
2,1.6434047586567628,1.4110497232701124e-06,8.289699845812547e-07,16.242852514953512,16.242852514953512,0.03596449838084524,0.03217121308854424,0,1.2089247611848362,0.0005499176303255325,0.0,1
4,1.1353793231040217,0.00044094546460731935,0.0003271993814965805,15.238634089904318,17.03584369427882,0.023865240340630367,0.01572990836651682,0,1.8377528712086846,4.761302285328652e-05,0.0,1
2,1.5633528721874188,2.1693885740522967e-05,1.7852790360994145e-05,12.364075717146337,12.364075717146337,0.029251137893214794,0.021512011592778553,0,1.4338496890341887,0.0003745408627987577,0.0,1
3,1.5420608827833457,1.7660861667252084e-05,1.3426166184565956e-05,2.5236261500356543,2.5589014188300068,0.016985246242401983,0.011957216946759391,0,1.0652293719608505,0.0001095608678082054,0.0,1
3,1.5014344817523013,0.00023983205561231433,0.0001589919804361799,1.83902850264787,1.901136347087772,0.03210563595817076,0.026780146295199998,0,1.1186876688814251,0.0004811492942634816,0.0,0
5,0.4436429322918482,5.967918596179177e-05,3.201152047132821e-05,6.500293462738433,7.484966644673644,0.04929098815724889,0.021538014100623636,0,1.1671173209674344,0.00015038663248671642,0.0,1
5,1.1489192321335184,0.0011230000394294934,0.0006907881191294604,16.608899934596852,19.27771305180332,0.010209898705006222,0.004853544447751145,0,2.0101722094182612,2.4051887460252774e-05,0.0,1
2,0.7260991597686334,0.00099084655729346,0.0009256054404166806,16.21822222228404,16.21822222228404,0.0397466204445767,0.02037331022228835,0,6.691463792980038,0.0006976168529729244,0.0,1
3,1.416956187484596,6.0108333018477975e-05,2.9789170276907668e-05,6.4604599116350006,6.741090530476908,0.5188468464044504,0.4855985017139754,1,1.2419425432259676,0.1409684342669839,0.0,0
4,0.8015140084844199,5.8774922662744665e-05,5.295024257704497e-05,7.775664776085958,8.499843721378065,0.03325412751114495,0.02336304994101321,0,1.1247086281498997,0.00038811864540414523,0.0,1
4,1.2482663902171587,0.00039819954648093035,0.0003803079749347241,19.0770984778042,20.252098418101045,0.4605151846725226,0.3740416981970933,1,1.2928454526729634,0.05261554619209568,0.0,0
2,0.41564369416646973,0.0029364360492356804,0.0021003364480300987,17.121789651924853,17.121789651924853,0.005545038295121379,0.004062621517464557,0,43.313243206172366,1.0350876597997872e-05,0.0,1
2,1.7984568759471822,2.439277688307746e-05,2.3184648291771476e-05,4.419200084298605,4.419200084298605,0.5421234806482855,0.5342443703824132,1,1.1426877310168604,0.15021429668891664,0.0,0
4,1.6925370586418422,8.322595130239081e-05,7.907567247711861e-05,15.273387354317835,17.5866791903151,0.5119380862264391,0.4123581303480389,1,1.2752969568484702,0.13640231541648629,0.0,0
2,1.2808051701961598,0.0006718944552276501,0.0006662078100840115,2.6000213317925,2.6000213317925,0.04766024827009678,0.03546371690293808,0,1.2678688161657927,0.0002774914134244835,0.0,0
2,1.6452439681538744,7.95560522143914e-05,7.39894405204537e-05,7.364051139330488,7.364051139330488,0.49291860783261027,0.42411032946159977,1,1.3919905609075813,0.12491255185376854,0.0,0
2,0.9057941866576923,0.00044907686079995434,0.00044680480359028733,5.6645415279607265,5.6645415279607265,0.022010460929117875,0.0207598739909085,0,1.5755422222489444,0.00019062975271065817,0.0,1
4,1.0587176966921492,0.00022841767980280104,0.00018506276764973758,2.8541078678789207,3.1434156937795024,0.05112604152894945,0.029447664806735697,0,1.1172948554380433,0.0003129039571661898,0.0,0
5,0.4988934597837599,0.00558349501001371,0.0034089325410468813,1.5135677708881958,1.8029282022885582,0.03459353872460922,0.021043180300405827,0,1.0863060254667278,0.00044025088610162035,0.0,0
5,0.9260540868304391,0.0007163517448257442,0.0005505335865187356,13.873179471824171,15.401479379560032,0.24009344992637355,0.16287778150016968,1,1.4924246424000993,0.006508569149617897,0.0,0
5,0.7906638955652214,0.002775063603963892,0.0022193659748277915,6.951832213340704,8.30478418522034,0.04627790957973695,0.03236833511903943,0,1.7723693921693866,0.0002864683071664106,0.0,1
4,0.6165338970877606,0.0005277773731289106,0.000492800619115911,13.462915870841364,15.326348903011102,0.03450081280087081,0.023584821906095257,0,1.5326909736599978,6.437702916148278e-05,0.0,1
5,1.1880639325042226,0.00021615345233222345,0.00019715923361312947,6.11057446558942,7.140599668607613,0.22699411368737388,0.170727338328011,1,1.1478854612515204,0.012593444665471023,0.0,0
2,1.6996891661402933,1.3829859269143204e-05,9.464237223748035e-06,2.7907936940264717,2.7907936940264717,0.23147766303067285,0.1738061842327271,1,1.0721686657140612,0.013306755412631982,0.0,0
5,1.2276999109459368,0.0011391582820678447,0.0008747990447607941,7.011523859946938,8.153885105930584,0.03197244527570623,0.015746011083940324,0,1.320602475604504,0.00012509210263061496,0.0,1
4,1.563013286128152,0.00032042618678309714,0.00023065597650258503,3.4993107276262,3.7697824764059633,0.4758507959688704,0.3807344673582668,1,1.1839213949355958,0.06506344058365017,0.0,0
3,0.7800818902267742,0.0029616633990955177,0.0016713334796749997,5.076484139173764,5.524819293243539,0.21168896380286484,0.19085238280066807,0,2.128751892020587,0.018370947000016465,0.0,0
5,1.200498444272418,0.001198208422795812,0.0008040756569685988,5.884935985199524,7.083103450132624,0.5213405760458276,0.41590203615384463,1,1.3458420732450225,0.08915442509724346,0.0,0
3,1.7834318459008576,2.5959724234298377e-05,2.24549505237613e-05,8.23632508027451,8.32921853827068,0.02118358255810763,0.00894083638023815,0,1.1424104939008268,1.8911320952792503e-05,0.0,1
